episode,condition,flow_id,objective,ppo_action_or_fixed_action,retained_latent_dims,retained_latent_fraction,reconstruction_mse,semantic_quality,modeled_packet_bytes,arrival_time_us,start_time_us,completion_time_us,network_latency_us,queueing_delay_us,deadline_us,deadline_met
1,Fixed_25pct,1,BANDWIDTH_EFFICIENT,0,4,0.25,0.6894443035125732,0.5919106051148716,548,587.0,1750.1999999999998,2288.6,1701.6,1163.1999999999998,3000,True
1,Fixed_25pct,2,BALANCED,0,4,0.25,0.5564863085746765,0.6424727249388602,548,135.0,135.0,673.4,538.4,0.0,9000,True
1,Fixed_25pct,3,BALANCED,0,4,0.25,1.1656898260116577,0.461746639795415,548,813.0,1211.8,1750.1999999999998,937.1999999999998,398.79999999999995,7000,True
1,Fixed_25pct,4,BANDWIDTH_EFFICIENT,0,4,0.25,0.37425997853279114,0.7276643543586532,548,661.0,2288.6,2827.0,2166.0,1627.6,15000,True
1,Fixed_25pct,5,QUALITY_CRITICAL,0,4,0.25,0.974612295627594,0.506428528888588,548,998.0,3365.4,3903.8,2905.8,2367.4,4000,True
1,Fixed_25pct,6,BALANCED,0,4,0.25,0.6899791359901428,0.5917232814913478,548,798.0,4980.599999999999,5518.999999999999,4720.999999999999,4182.599999999999,2000,False
1,Fixed_25pct,7,BALANCED,0,4,0.25,0.5986396670341492,0.6255318322328597,548,853.0,3903.8,4442.2,3589.2,3050.8,8000,True
1,Fixed_25pct,8,BALANCED,0,4,0.25,0.6783624887466431,0.5958188452762512,548,276.0,673.4,1211.8,935.8,397.4,8000,True
1,Fixed_25pct,9,BALANCED,0,4,0.25,0.3453530967235565,0.7432992888152398,548,993.0,2827.0,3365.4,2372.4,1834.0,5000,True
1,Fixed_25pct,10,QUALITY_CRITICAL,0,4,0.25,0.6442700028419495,0.608172622666353,548,891.0,4442.2,4980.599999999999,4089.5999999999995,3551.2,5000,True
1,Fixed_50pct,1,BANDWIDTH_EFFICIENT,1,8,0.5,0.2754283845424652,0.7840502940968578,1064,587.0,1086.1999999999998,2037.3999999999996,1450.3999999999996,499.1999999999998,3000,True
1,Fixed_50pct,2,BALANCED,1,8,0.5,0.24982070922851562,0.8001147625544436,1064,135.0,135.0,1086.1999999999998,951.1999999999998,0.0,9000,True
1,Fixed_50pct,3,BALANCED,1,8,0.5,0.6562051177024841,0.6037899468558683,1064,813.0,2037.3999999999996,2988.5999999999995,2175.5999999999995,1224.3999999999996,7000,True
1,Fixed_50pct,4,BANDWIDTH_EFFICIENT,1,8,0.5,0.22809608280658722,0.8142685364769541,1064,661.0,6793.399999999999,7744.5999999999985,7083.5999999999985,6132.399999999999,15000,True
1,Fixed_50pct,5,QUALITY_CRITICAL,1,8,0.5,0.48322251439094543,0.6742076730210836,1064,998.0,3939.7999999999993,4890.999999999999,3892.999999999999,2941.7999999999993,4000,True
1,Fixed_50pct,6,BALANCED,1,8,0.5,0.34917977452278137,0.7411910694804998,1064,798.0,2988.5999999999995,3939.7999999999993,3141.7999999999993,2190.5999999999995,2000,False
1,Fixed_50pct,7,BALANCED,1,8,0.5,0.3180224895477295,0.7587123952210734,1064,853.0,7744.5999999999985,8695.8,7842.799999999999,6891.5999999999985,8000,True
1,Fixed_50pct,8,BALANCED,1,8,0.5,0.22390314936637878,0.8170581148661193,1064,276.0,4890.999999999999,5842.199999999999,5566.199999999999,4614.999999999999,8000,True
1,Fixed_50pct,9,BALANCED,1,8,0.5,0.13685283064842224,0.8796213309594646,1064,993.0,8695.8,9647.0,8654.0,7702.799999999999,5000,False
1,Fixed_50pct,10,QUALITY_CRITICAL,1,8,0.5,0.34691038727760315,0.7424398901705822,1064,891.0,5842.199999999999,6793.399999999999,5902.399999999999,4951.199999999999,5000,False
1,Fixed_75pct,1,BANDWIDTH_EFFICIENT,2,12,0.75,0.08395575731992722,0.9225468781793205,1580,587.0,9683.0,11047.0,10460.0,9096.0,3000,False
1,Fixed_75pct,2,BALANCED,2,12,0.75,0.0970781072974205,0.9115121278497061,1580,135.0,135.0,1499.0,1364.0,0.0,9000,True
1,Fixed_75pct,3,BALANCED,2,12,0.75,0.400522381067276,0.7140192927427153,1580,813.0,12411.0,13775.0,12962.0,11598.0,7000,False
1,Fixed_75pct,4,BANDWIDTH_EFFICIENT,2,12,0.75,0.0498863123357296,0.9524840816099933,1580,661.0,8319.0,9683.0,9022.0,7658.0,15000,True
1,Fixed_75pct,5,QUALITY_CRITICAL,2,12,0.75,0.21906353533267975,0.8203017898711097,1580,998.0,1499.0,2863.0,1865.0,501.0,4000,True
1,Fixed_75pct,6,BALANCED,2,12,0.75,0.16204406321048737,0.8605525656550466,1580,798.0,11047.0,12411.0,11613.0,10249.0,2000,False
1,Fixed_75pct,7,BALANCED,2,12,0.75,0.15728501975536346,0.8640913715545963,1580,853.0,6955.0,8319.0,7466.0,6102.0,8000,True
1,Fixed_75pct,8,BALANCED,2,12,0.75,0.08734502643346786,0.9196712871166912,1580,276.0,4227.0,5591.0,5315.0,3951.0,8000,True
1,Fixed_75pct,9,BALANCED,2,12,0.75,0.08250489085912704,0.9237833551092344,1580,993.0,5591.0,6955.0,5962.0,4598.0,5000,False
1,Fixed_75pct,10,QUALITY_CRITICAL,2,12,0.75,0.20901818573474884,0.8271174179173132,1580,891.0,2863.0,4227.0,3336.0,1972.0,5000,True
1,Fixed_100pct,1,BANDWIDTH_EFFICIENT,3,16,1.0,0.05017734691500664,0.9522201206658978,2096,587.0,5465.4,7242.2,6655.2,4878.4,3000,False
1,Fixed_100pct,2,BALANCED,3,16,1.0,0.03279837965965271,0.9682431921800061,2096,135.0,135.0,1911.8,1776.8,0.0,9000,True
1,Fixed_100pct,3,BALANCED,3,16,1.0,0.26527631282806396,0.7903412004646357,2096,813.0,10795.8,12572.599999999999,11759.599999999999,9982.8,7000,False
1,Fixed_100pct,4,BANDWIDTH_EFFICIENT,3,16,1.0,0.03865257278084755,0.962785849865696,2096,661.0,7242.2,9019.0,8358.0,6581.2,15000,True
1,Fixed_100pct,5,QUALITY_CRITICAL,3,16,1.0,0.11898956447839737,0.8936633832381959,2096,998.0,1911.8,3688.6,2690.6,913.8,4000,True
1,Fixed_100pct,6,BALANCED,3,16,1.0,0.05152343586087227,0.9510011530853894,2096,798.0,9019.0,10795.8,9997.8,8221.0,2000,False
1,Fixed_100pct,7,BALANCED,3,16,1.0,0.06966771930456161,0.9348697562362117,2096,853.0,12572.599999999999,14349.399999999998,13496.399999999998,11719.599999999999,8000,False
1,Fixed_100pct,8,BALANCED,3,16,1.0,0.04610093683004379,0.9559306992212993,2096,276.0,3688.6,5465.4,5189.4,3412.6,8000,True
1,Fixed_100pct,9,BALANCED,3,16,1.0,0.050940223038196564,0.9515289053349468,2096,993.0,16126.199999999997,17902.999999999996,16909.999999999996,15133.199999999997,5000,False
1,Fixed_100pct,10,QUALITY_CRITICAL,3,16,1.0,0.09302564710378647,0.9148916154435365,2096,891.0,14349.399999999998,16126.199999999997,15235.199999999997,13458.399999999998,5000,False
1,PPO_Raw,1,BANDWIDTH_EFFICIENT,0,4,0.25,0.6894443035125732,0.5919106051148716,548,587.0,1750.1999999999998,2288.6,1701.6,1163.1999999999998,3000,True
1,PPO_Raw,2,BALANCED,0,4,0.25,0.5564863085746765,0.6424727249388602,548,135.0,135.0,673.4,538.4,0.0,9000,True
1,PPO_Raw,3,BALANCED,0,4,0.25,1.1656898260116577,0.461746639795415,548,813.0,1211.8,1750.1999999999998,937.1999999999998,398.79999999999995,7000,True
1,PPO_Raw,4,BANDWIDTH_EFFICIENT,0,4,0.25,0.37425997853279114,0.7276643543586532,548,661.0,4316.6,4855.0,4194.0,3655.6000000000004,15000,True
1,PPO_Raw,5,QUALITY_CRITICAL,1,8,0.5,0.48322251439094543,0.6742076730210836,1064,998.0,3365.4,4316.6,3318.6000000000004,2367.4,4000,True
1,PPO_Raw,6,BALANCED,1,8,0.5,0.34917977452278137,0.7411910694804998,1064,798.0,5806.2,6757.4,5959.4,5008.2,2000,False
1,PPO_Raw,7,BALANCED,0,4,0.25,0.5986396670341492,0.6255318322328597,548,853.0,2288.6,2827.0,1974.0,1435.6,8000,True
1,PPO_Raw,8,BALANCED,0,4,0.25,0.6783624887466431,0.5958188452762512,548,276.0,673.4,1211.8,935.8,397.4,8000,True
1,PPO_Raw,9,BALANCED,0,4,0.25,0.3453530967235565,0.7432992888152398,548,993.0,2827.0,3365.4,2372.4,1834.0,5000,True
1,PPO_Raw,10,QUALITY_CRITICAL,1,8,0.5,0.34691038727760315,0.7424398901705822,1064,891.0,4855.0,5806.2,4915.2,3964.0,5000,True
1,PPO_Orchestrated,1,BANDWIDTH_EFFICIENT,0,4,0.25,0.6894443035125732,0.5919106051148716,548,587.0,1750.1999999999998,2288.6,1701.6,1163.1999999999998,3000,True
1,PPO_Orchestrated,2,BALANCED,0,4,0.25,0.5564863085746765,0.6424727249388602,548,135.0,135.0,673.4,538.4,0.0,9000,True
1,PPO_Orchestrated,3,BALANCED,0,4,0.25,1.1656898260116577,0.461746639795415,548,813.0,1211.8,1750.1999999999998,937.1999999999998,398.79999999999995,7000,True
1,PPO_Orchestrated,4,BANDWIDTH_EFFICIENT,0,4,0.25,0.37425997853279114,0.7276643543586532,548,661.0,5680.599999999999,6218.999999999999,5557.999999999999,5019.599999999999,15000,True
1,PPO_Orchestrated,5,QUALITY_CRITICAL,2,12,0.75,0.21906353533267975,0.8203017898711097,1580,998.0,3365.4,4729.4,3731.3999999999996,2367.4,4000,True
1,PPO_Orchestrated,6,BALANCED,1,8,0.5,0.34917977452278137,0.7411910694804998,1064,798.0,4729.4,5680.599999999999,4882.599999999999,3931.3999999999996,2000,False
1,PPO_Orchestrated,7,BALANCED,0,4,0.25,0.5986396670341492,0.6255318322328597,548,853.0,2288.6,2827.0,1974.0,1435.6,8000,True
1,PPO_Orchestrated,8,BALANCED,0,4,0.25,0.6783624887466431,0.5958188452762512,548,276.0,673.4,1211.8,935.8,397.4,8000,True
1,PPO_Orchestrated,9,BALANCED,0,4,0.25,0.3453530967235565,0.7432992888152398,548,993.0,2827.0,3365.4,2372.4,1834.0,5000,True
1,PPO_Orchestrated,10,QUALITY_CRITICAL,2,12,0.75,0.20901818573474884,0.8271174179173132,1580,891.0,6218.999999999999,7582.999999999999,6691.999999999999,5327.999999999999,5000,False
2,Fixed_25pct,1,BALANCED,0,4,0.25,0.6333503127098083,0.612238533411091,548,984.0,4977.599999999999,5515.999999999999,4531.999999999999,3993.5999999999995,7000,True
2,Fixed_25pct,2,BALANCED,0,4,0.25,1.0038121938705444,0.4990487646790938,548,477.0,3362.4,3900.8,3423.8,2885.4,10000,True
2,Fixed_25pct,3,QUALITY_CRITICAL,0,4,0.25,1.0661704540252686,0.48398717446173023,548,132.0,132.0,670.4,538.4,0.0,13000,True
2,Fixed_25pct,4,BANDWIDTH_EFFICIENT,0,4,0.25,0.4958559274673462,0.6685135791741077,548,476.0,2824.0,3362.4,2886.4,2348.0,12000,True
2,Fixed_25pct,5,BANDWIDTH_EFFICIENT,0,4,0.25,0.9418951272964478,0.5149608678364745,548,248.0,1747.1999999999998,2285.6,2037.6,1499.1999999999998,13000,True
2,Fixed_25pct,6,BALANCED,0,4,0.25,0.825432300567627,0.5478154405885363,548,236.0,1208.8,1747.1999999999998,1511.1999999999998,972.8,13000,True
2,Fixed_25pct,7,BALANCED,0,4,0.25,0.5883692502975464,0.6295765293949576,548,870.0,3900.8,4439.2,3569.2,3030.8,14000,True
2,Fixed_25pct,8,BALANCED,0,4,0.25,1.0591521263122559,0.4856367760408767,548,933.0,4439.2,4977.599999999999,4044.5999999999995,3506.2,7000,True
2,Fixed_25pct,9,BALANCED,0,4,0.25,1.195314645767212,0.455515568999688,548,436.0,2285.6,2824.0,2388.0,1849.6,9000,True
2,Fixed_25pct,10,BANDWIDTH_EFFICIENT,0,4,0.25,0.781006932258606,0.561480127835234,548,214.0,670.4,1208.8,994.8,456.4,10000,True
2,Fixed_50pct,1,BALANCED,1,8,0.5,0.38194960355758667,0.723615389031319,1064,984.0,2034.3999999999996,2985.5999999999995,2001.5999999999995,1050.3999999999996,7000,True
2,Fixed_50pct,2,BALANCED,1,8,0.5,0.40383052825927734,0.7123366958260843,1064,477.0,6790.399999999999,7741.5999999999985,7264.5999999999985,6313.399999999999,10000,True
2,Fixed_50pct,3,QUALITY_CRITICAL,1,8,0.5,0.5443964600563049,0.6475021316505365,1064,132.0,132.0,1083.1999999999998,951.1999999999998,0.0,13000,True
2,Fixed_50pct,4,BANDWIDTH_EFFICIENT,1,8,0.5,0.2946271002292633,0.7724231941559941,1064,476.0,7741.5999999999985,8692.8,8216.8,7265.5999999999985,12000,True
2,Fixed_50pct,5,BANDWIDTH_EFFICIENT,1,8,0.5,0.5794133543968201,0.6331464763269026,1064,248.0,4887.999999999999,5839.199999999999,5591.199999999999,4639.999999999999,13000,True
2,Fixed_50pct,6,BALANCED,1,8,0.5,0.33948978781700134,0.746552910739039,1064,236.0,3936.7999999999993,4887.999999999999,4651.999999999999,3700.7999999999993,13000,True
2,Fixed_50pct,7,BALANCED,1,8,0.5,0.43538835644721985,0.6966755690251906,1064,870.0,8692.8,9644.0,8774.0,7822.799999999999,14000,True
2,Fixed_50pct,8,BALANCED,1,8,0.5,0.47545748949050903,0.6777558873250292,1064,933.0,5839.199999999999,6790.399999999999,5857.399999999999,4906.199999999999,7000,True
2,Fixed_50pct,9,BALANCED,1,8,0.5,0.6493322253227234,0.6063059853234426,1064,436.0,1083.1999999999998,2034.3999999999996,1598.3999999999996,647.1999999999998,9000,True
2,Fixed_50pct,10,BANDWIDTH_EFFICIENT,1,8,0.5,0.2582291066646576,0.7947678166902551,1064,214.0,2985.5999999999995,3936.7999999999993,3722.7999999999993,2771.5999999999995,10000,True
2,Fixed_75pct,1,BALANCED,2,12,0.75,0.15209196507930756,0.867986263519477,1580,984.0,4224.0,5588.0,4604.0,3240.0,7000,True
2,Fixed_75pct,2,BALANCED,2,12,0.75,0.11130919307470322,0.8998395822077745,1580,477.0,8316.0,9680.0,9203.0,7839.0,10000,True
2,Fixed_75pct,3,QUALITY_CRITICAL,2,12,0.75,0.21682137250900269,0.8218133101476252,1580,132.0,132.0,1496.0,1364.0,0.0,13000,True
2,Fixed_75pct,4,BANDWIDTH_EFFICIENT,2,12,0.75,0.14151549339294434,0.8760284076632936,1580,476.0,5588.0,6952.0,6476.0,5112.0,12000,True
2,Fixed_75pct,5,BANDWIDTH_EFFICIENT,2,12,0.75,0.14486412703990936,0.873466096440229,1580,248.0,1496.0,2860.0,2612.0,1248.0,13000,True
2,Fixed_75pct,6,BALANCED,2,12,0.75,0.15285249054431915,0.8674136615065559,1580,236.0,11044.0,12408.0,12172.0,10808.0,13000,True
2,Fixed_75pct,7,BALANCED,2,12,0.75,0.19397881627082825,0.8375357974300707,1580,870.0,9680.0,11044.0,10174.0,8810.0,14000,True
2,Fixed_75pct,8,BALANCED,2,12,0.75,0.2606023848056793,0.7932715438692027,1580,933.0,12408.0,13772.0,12839.0,11475.0,7000,False
2,Fixed_75pct,9,BALANCED,2,12,0.75,0.43880996108055115,0.6950188190586314,1580,436.0,2860.0,4224.0,3788.0,2424.0,9000,True
2,Fixed_75pct,10,BANDWIDTH_EFFICIENT,2,12,0.75,0.1219593733549118,0.891297870269379,1580,214.0,6952.0,8316.0,8102.0,6738.0,10000,True
2,Fixed_100pct,1,BALANCED,3,16,1.0,0.09170695394277573,0.9159967300642634,2096,984.0,16123.199999999997,17899.999999999996,16915.999999999996,15139.199999999997,7000,False
2,Fixed_100pct,2,BALANCED,3,16,1.0,0.07924119383096695,0.926576937311218,2096,477.0,7239.2,9016.0,8539.0,6762.2,10000,True
2,Fixed_100pct,3,QUALITY_CRITICAL,3,16,1.0,0.1416511833667755,0.8759242880570224,2096,132.0,132.0,1908.8,1776.8,0.0,13000,True
2,Fixed_100pct,4,BANDWIDTH_EFFICIENT,3,16,1.0,0.08414743095636368,0.9223837749796314,2096,476.0,10792.8,12569.599999999999,12093.599999999999,10316.8,12000,False
2,Fixed_100pct,5,BANDWIDTH_EFFICIENT,3,16,1.0,0.06760480254888535,0.9366761910517073,2096,248.0,1908.8,3685.6,3437.6,1660.8,13000,True
2,Fixed_100pct,6,BALANCED,3,16,1.0,0.10493691265583038,0.9050290460442636,2096,236.0,9016.0,10792.8,10556.8,8780.0,13000,True
2,Fixed_100pct,7,BALANCED,3,16,1.0,0.11687909811735153,0.8953520588626228,2096,870.0,12569.599999999999,14346.399999999998,13476.399999999998,11699.599999999999,14000,True
2,Fixed_100pct,8,BALANCED,3,16,1.0,0.12528522312641144,0.8886635845280826,2096,933.0,14346.399999999998,16123.199999999997,15190.199999999997,13413.399999999998,7000,False
2,Fixed_100pct,9,BALANCED,3,16,1.0,0.22100484371185303,0.8189975700342035,2096,436.0,3685.6,5462.4,5026.4,3249.6,9000,True
2,Fixed_100pct,10,BANDWIDTH_EFFICIENT,3,16,1.0,0.05461761727929115,0.9482109758225034,2096,214.0,5462.4,7239.2,7025.2,5248.4,10000,True
2,PPO_Raw,1,BALANCED,0,4,0.25,0.6333503127098083,0.612238533411091,548,984.0,5390.4,5928.799999999999,4944.799999999999,4406.4,7000,True
2,PPO_Raw,2,BALANCED,0,4,0.25,1.0038121938705444,0.4990487646790938,548,477.0,3775.2000000000003,4313.6,3836.6000000000004,3298.2000000000003,10000,True
2,PPO_Raw,3,QUALITY_CRITICAL,1,8,0.5,0.5443964600563049,0.6475021316505365,1064,132.0,132.0,1083.1999999999998,951.1999999999998,0.0,13000,True
2,PPO_Raw,4,BANDWIDTH_EFFICIENT,0,4,0.25,0.4958559274673462,0.6685135791741077,548,476.0,3236.8,3775.2000000000003,3299.2000000000003,2760.8,12000,True
2,PPO_Raw,5,BANDWIDTH_EFFICIENT,0,4,0.25,0.9418951272964478,0.5149608678364745,548,248.0,2160.0,2698.4,2450.4,1912.0,13000,True
2,PPO_Raw,6,BALANCED,0,4,0.25,0.825432300567627,0.5478154405885363,548,236.0,1621.6,2160.0,1924.0,1385.6,13000,True
2,PPO_Raw,7,BALANCED,0,4,0.25,0.5883692502975464,0.6295765293949576,548,870.0,4313.6,4852.0,3982.0,3443.6000000000004,14000,True
2,PPO_Raw,8,BALANCED,0,4,0.25,1.0591521263122559,0.4856367760408767,548,933.0,4852.0,5390.4,4457.4,3919.0,7000,True
2,PPO_Raw,9,BALANCED,0,4,0.25,1.195314645767212,0.455515568999688,548,436.0,2698.4,3236.8,2800.8,2262.4,9000,True
2,PPO_Raw,10,BANDWIDTH_EFFICIENT,0,4,0.25,0.781006932258606,0.561480127835234,548,214.0,1083.1999999999998,1621.6,1407.6,869.1999999999998,10000,True
2,PPO_Orchestrated,1,BALANCED,0,4,0.25,0.6333503127098083,0.612238533411091,548,984.0,5803.199999999999,6341.5999999999985,5357.5999999999985,4819.199999999999,7000,True
2,PPO_Orchestrated,2,BALANCED,0,4,0.25,1.0038121938705444,0.4990487646790938,548,477.0,4188.0,4726.4,4249.4,3711.0,10000,True
2,PPO_Orchestrated,3,QUALITY_CRITICAL,2,12,0.75,0.21682137250900269,0.8218133101476252,1580,132.0,132.0,1496.0,1364.0,0.0,13000,True
2,PPO_Orchestrated,4,BANDWIDTH_EFFICIENT,0,4,0.25,0.4958559274673462,0.6685135791741077,548,476.0,3649.6000000000004,4188.0,3712.0,3173.6000000000004,12000,True
2,PPO_Orchestrated,5,BANDWIDTH_EFFICIENT,0,4,0.25,0.9418951272964478,0.5149608678364745,548,248.0,2572.8,3111.2000000000003,2863.2000000000003,2324.8,13000,True
2,PPO_Orchestrated,6,BALANCED,0,4,0.25,0.825432300567627,0.5478154405885363,548,236.0,2034.4,2572.8,2336.8,1798.4,13000,True
2,PPO_Orchestrated,7,BALANCED,0,4,0.25,0.5883692502975464,0.6295765293949576,548,870.0,4726.4,5264.799999999999,4394.799999999999,3856.3999999999996,14000,True
2,PPO_Orchestrated,8,BALANCED,0,4,0.25,1.0591521263122559,0.4856367760408767,548,933.0,5264.799999999999,5803.199999999999,4870.199999999999,4331.799999999999,7000,True
2,PPO_Orchestrated,9,BALANCED,0,4,0.25,1.195314645767212,0.455515568999688,548,436.0,3111.2000000000003,3649.6000000000004,3213.6000000000004,2675.2000000000003,9000,True
2,PPO_Orchestrated,10,BANDWIDTH_EFFICIENT,0,4,0.25,0.781006932258606,0.561480127835234,548,214.0,1496.0,2034.4,1820.4,1282.0,10000,True
3,Fixed_25pct,1,QUALITY_CRITICAL,0,4,0.25,1.1085426807403564,0.47426120852762516,548,212.0,596.4,1134.8,922.8,384.4,3000,True
3,Fixed_25pct,2,BALANCED,0,4,0.25,0.3989982604980469,0.714797171830648,548,288.0,1134.8,1673.1999999999998,1385.1999999999998,846.8,10000,True
3,Fixed_25pct,3,QUALITY_CRITICAL,0,4,0.25,0.4290509521961212,0.6997651122678523,548,604.0,3826.8,4365.2,3761.2,3222.8,5000,True
3,Fixed_25pct,4,BALANCED,0,4,0.25,0.5141990184783936,0.6604151685456063,548,914.0,3288.4,3826.8,2912.8,2374.4,15000,True
3,Fixed_25pct,5,BALANCED,0,4,0.25,1.5427502393722534,0.39327496051947164,548,419.0,2211.6,2750.0,2331.0,1792.6,14000,True
3,Fixed_25pct,6,BANDWIDTH_EFFICIENT,0,4,0.25,1.3494678735733032,0.42562829279257225,548,581.0,4365.2,4903.599999999999,4322.599999999999,3784.2,3000,False
3,Fixed_25pct,7,BALANCED,0,4,0.25,0.843380868434906,0.5424814899207642,548,58.0,58.0,596.4,538.4,0.0,15000,True
3,Fixed_25pct,8,BANDWIDTH_EFFICIENT,0,4,0.25,1.4115517139434814,0.4146707674639718,548,317.0,1673.1999999999998,2211.6,1894.6,1356.1999999999998,8000,True
3,Fixed_25pct,9,QUALITY_CRITICAL,0,4,0.25,0.5077203512191772,0.6632529694192806,548,792.0,2750.0,3288.4,2496.4,1958.0,2000,False
3,Fixed_25pct,10,BALANCED,0,4,0.25,1.3238381147384644,0.43032257439006016,548,469.0,4903.599999999999,5441.999999999999,4972.999999999999,4434.599999999999,2000,False
3,Fixed_50pct,1,QUALITY_CRITICAL,1,8,0.5,0.5202551484107971,0.6577843206420664,1064,212.0,1009.1999999999999,1960.3999999999999,1748.3999999999999,797.1999999999999,3000,True
3,Fixed_50pct,2,BALANCED,1,8,0.5,0.23663029074668884,0.8086491229292069,1064,288.0,2911.6,3862.7999999999997,3574.7999999999997,2623.6,10000,True
3,Fixed_50pct,3,QUALITY_CRITICAL,1,8,0.5,0.21552841365337372,0.8226874738324012,1064,604.0,5765.2,6716.4,6112.4,5161.2,5000,False
3,Fixed_50pct,4,BALANCED,1,8,0.5,0.32243674993515015,0.7561798324562881,1064,914.0,4814.0,5765.2,4851.2,3900.0,15000,True
3,Fixed_50pct,5,BALANCED,1,8,0.5,1.0828765630722046,0.4801052629470363,1064,419.0,6716.4,7667.599999999999,7248.599999999999,6297.4,14000,True
3,Fixed_50pct,6,BANDWIDTH_EFFICIENT,1,8,0.5,0.5852785706520081,0.6308039599555747,1064,581.0,3862.7999999999997,4814.0,4233.0,3281.7999999999997,3000,False
3,Fixed_50pct,7,BALANCED,1,8,0.5,0.32045063376426697,0.7573172176450519,1064,58.0,58.0,1009.1999999999999,951.1999999999999,0.0,15000,True
3,Fixed_50pct,8,BANDWIDTH_EFFICIENT,1,8,0.5,0.8769699931144714,0.5327735678611952,1064,317.0,7667.599999999999,8618.8,8301.8,7350.599999999999,8000,False
3,Fixed_50pct,9,QUALITY_CRITICAL,1,8,0.5,0.17737169563770294,0.8493494481862564,1064,792.0,8618.8,9570.0,8778.0,7826.799999999999,2000,False
3,Fixed_50pct,10,BALANCED,1,8,0.5,0.9043056964874268,0.525125772529349,1064,469.0,1960.3999999999999,2911.6,2442.6,1491.3999999999999,2000,False
3,Fixed_75pct,1,QUALITY_CRITICAL,2,12,0.75,0.23969389498233795,0.806650741806103,1580,212.0,1422.0,2786.0,2574.0,1210.0,3000,True
3,Fixed_75pct,2,BALANCED,2,12,0.75,0.1459813416004181,0.8726145563621933,1580,288.0,4150.0,5514.0,5226.0,3862.0,10000,True
3,Fixed_75pct,3,QUALITY_CRITICAL,2,12,0.75,0.07859848439693451,0.9271290609675941,1580,604.0,12334.0,13698.0,13094.0,11730.0,5000,False
3,Fixed_75pct,4,BALANCED,2,12,0.75,0.145828977227211,0.8727305905807146,1580,914.0,6878.0,8242.0,7328.0,5964.0,15000,True
3,Fixed_75pct,5,BALANCED,2,12,0.75,0.5595250725746155,0.6412208547241263,1580,419.0,8242.0,9606.0,9187.0,7823.0,14000,True
3,Fixed_75pct,6,BANDWIDTH_EFFICIENT,2,12,0.75,0.26657313108444214,0.7895319863163355,1580,581.0,2786.0,4150.0,3569.0,2205.0,3000,False
3,Fixed_75pct,7,BALANCED,2,12,0.75,0.15352821350097656,0.86690554101402,1580,58.0,58.0,1422.0,1364.0,0.0,15000,True
3,Fixed_75pct,8,BANDWIDTH_EFFICIENT,2,12,0.75,0.5134251713752747,0.6607528531399298,1580,317.0,10970.0,12334.0,12017.0,10653.0,8000,False
3,Fixed_75pct,9,QUALITY_CRITICAL,2,12,0.75,0.12451338768005371,0.8892735390754812,1580,792.0,9606.0,10970.0,10178.0,8814.0,2000,False
3,Fixed_75pct,10,BALANCED,2,12,0.75,0.5130507946014404,0.6609163443606759,1580,469.0,5514.0,6878.0,6409.0,5045.0,2000,False
3,Fixed_100pct,1,QUALITY_CRITICAL,3,16,1.0,0.108673095703125,0.9019791351262078,2096,212.0,3611.6,5388.4,5176.4,3399.6,3000,False
3,Fixed_100pct,2,BALANCED,3,16,1.0,0.06850726902484894,0.9358850697502782,2096,288.0,5388.4,7165.2,6877.2,5100.4,10000,True
3,Fixed_100pct,3,QUALITY_CRITICAL,3,16,1.0,0.05905931070446968,0.9442341801752497,2096,604.0,7165.2,8942.0,8338.0,6561.2,5000,False
3,Fixed_100pct,4,BALANCED,3,16,1.0,0.08022446185350418,0.9257335260526771,2096,914.0,1834.8,3611.6,2697.6,920.8,15000,True
3,Fixed_100pct,5,BALANCED,3,16,1.0,0.2584018111228943,0.7946587418748883,2096,419.0,10718.8,12495.599999999999,12076.599999999999,10299.8,14000,True
3,Fixed_100pct,6,BANDWIDTH_EFFICIENT,3,16,1.0,0.12290918081998825,0.8905439701452653,2096,581.0,12495.599999999999,14272.399999999998,13691.399999999998,11914.599999999999,3000,False
3,Fixed_100pct,7,BALANCED,3,16,1.0,0.11386173963546753,0.8977774928576585,2096,58.0,58.0,1834.8,1776.8,0.0,15000,True
3,Fixed_100pct,8,BANDWIDTH_EFFICIENT,3,16,1.0,0.22056275606155396,0.8192942108333258,2096,317.0,14272.399999999998,16049.199999999997,15732.199999999997,13955.399999999998,8000,False
3,Fixed_100pct,9,QUALITY_CRITICAL,3,16,1.0,0.09387407451868057,0.9141820098808116,2096,792.0,8942.0,10718.8,9926.8,8150.0,2000,False
3,Fixed_100pct,10,BALANCED,3,16,1.0,0.29955536127090454,0.7694939590892431,2096,469.0,16049.199999999997,17825.999999999996,17356.999999999996,15580.199999999997,2000,False
3,PPO_Raw,1,QUALITY_CRITICAL,2,12,0.75,0.23969389498233795,0.806650741806103,1580,212.0,596.4,1960.4,1748.4,384.4,3000,True
3,PPO_Raw,2,BALANCED,0,4,0.25,0.3989982604980469,0.714797171830648,548,288.0,1960.4,2498.8,2210.8,1672.4,10000,True
3,PPO_Raw,3,QUALITY_CRITICAL,2,12,0.75,0.07859848439693451,0.9271290609675941,1580,604.0,4652.4,6016.4,5412.4,4048.3999999999996,5000,False
3,PPO_Raw,4,BALANCED,0,4,0.25,0.5141990184783936,0.6604151685456063,548,914.0,4114.0,4652.4,3738.3999999999996,3200.0,15000,True
3,PPO_Raw,5,BALANCED,0,4,0.25,1.5427502393722534,0.39327496051947164,548,419.0,3037.2000000000003,3575.6000000000004,3156.6000000000004,2618.2000000000003,14000,True
3,PPO_Raw,6,BANDWIDTH_EFFICIENT,0,4,0.25,1.3494678735733032,0.42562829279257225,548,581.0,6016.4,6554.799999999999,5973.799999999999,5435.4,3000,False
3,PPO_Raw,7,BALANCED,0,4,0.25,0.843380868434906,0.5424814899207642,548,58.0,58.0,596.4,538.4,0.0,15000,True
3,PPO_Raw,8,BANDWIDTH_EFFICIENT,0,4,0.25,1.4115517139434814,0.4146707674639718,548,317.0,2498.8,3037.2000000000003,2720.2000000000003,2181.8,8000,True
3,PPO_Raw,9,QUALITY_CRITICAL,0,4,0.25,0.5077203512191772,0.6632529694192806,548,792.0,3575.6000000000004,4114.0,3322.0,2783.6000000000004,2000,False
3,PPO_Raw,10,BALANCED,0,4,0.25,1.3238381147384644,0.43032257439006016,548,469.0,6554.799999999999,7093.199999999999,6624.199999999999,6085.799999999999,2000,False
3,PPO_Orchestrated,1,QUALITY_CRITICAL,2,12,0.75,0.23969389498233795,0.806650741806103,1580,212.0,596.4,1960.4,1748.4,384.4,3000,True
3,PPO_Orchestrated,2,BALANCED,0,4,0.25,0.3989982604980469,0.714797171830648,548,288.0,1960.4,2498.8,2210.8,1672.4,10000,True
3,PPO_Orchestrated,3,QUALITY_CRITICAL,2,12,0.75,0.07859848439693451,0.9271290609675941,1580,604.0,5478.0,6842.0,6238.0,4874.0,5000,False
3,PPO_Orchestrated,4,BALANCED,0,4,0.25,0.5141990184783936,0.6604151685456063,548,914.0,4939.6,5478.0,4564.0,4025.6000000000004,15000,True
3,PPO_Orchestrated,5,BALANCED,0,4,0.25,1.5427502393722534,0.39327496051947164,548,419.0,3037.2000000000003,3575.6000000000004,3156.6000000000004,2618.2000000000003,14000,True
3,PPO_Orchestrated,6,BANDWIDTH_EFFICIENT,0,4,0.25,1.3494678735733032,0.42562829279257225,548,581.0,6842.0,7380.4,6799.4,6261.0,3000,False
3,PPO_Orchestrated,7,BALANCED,0,4,0.25,0.843380868434906,0.5424814899207642,548,58.0,58.0,596.4,538.4,0.0,15000,True
3,PPO_Orchestrated,8,BANDWIDTH_EFFICIENT,0,4,0.25,1.4115517139434814,0.4146707674639718,548,317.0,2498.8,3037.2000000000003,2720.2000000000003,2181.8,8000,True
3,PPO_Orchestrated,9,QUALITY_CRITICAL,2,12,0.75,0.12451338768005371,0.8892735390754812,1580,792.0,3575.6000000000004,4939.6,4147.6,2783.6000000000004,2000,False
3,PPO_Orchestrated,10,BALANCED,0,4,0.25,1.3238381147384644,0.43032257439006016,548,469.0,7380.4,7918.799999999999,7449.799999999999,6911.4,2000,False
4,Fixed_25pct,1,BALANCED,0,4,0.25,0.8983146548271179,0.5267830585710098,548,257.0,257.0,795.4,538.4,0.0,12000,True
4,Fixed_25pct,2,LATENCY_CRITICAL,0,4,0.25,1.1775175333023071,0.4592385524829521,548,575.0,2949.0,3487.4,2912.4,2374.0,15000,True
4,Fixed_25pct,3,BALANCED,0,4,0.25,0.8058398962020874,0.5537589473480612,548,444.0,1333.8,1872.1999999999998,1428.1999999999998,889.8,7000,True
4,Fixed_25pct,4,BALANCED,0,4,0.25,0.45720767974853516,0.6862439814842084,548,550.0,2410.6,2949.0,2399.0,1860.6,4000,True
4,Fixed_25pct,5,QUALITY_CRITICAL,0,4,0.25,0.5552550554275513,0.6429813531293055,548,629.0,3487.4,4025.8,3396.8,2858.4,10000,True
4,Fixed_25pct,6,BALANCED,0,4,0.25,1.4116060733795166,0.41466142046932436,548,977.0,5102.599999999999,5640.999999999999,4663.999999999999,4125.599999999999,3000,False
4,Fixed_25pct,7,BANDWIDTH_EFFICIENT,0,4,0.25,0.8280914425849915,0.5470185881872307,548,877.0,4025.8,4564.2,3687.2,3148.8,2000,False
4,Fixed_25pct,8,LATENCY_CRITICAL,0,4,0.25,1.9225411415100098,0.34216798039096996,548,990.0,4564.2,5102.599999999999,4112.599999999999,3574.2,11000,True
4,Fixed_25pct,9,BALANCED,0,4,0.25,1.1856279373168945,0.4575344151336266,548,361.0,795.4,1333.8,972.8,434.4,14000,True
4,Fixed_25pct,10,BANDWIDTH_EFFICIENT,0,4,0.25,1.3305919170379639,0.4290755462976707,548,542.0,1872.1999999999998,2410.6,1868.6,1330.1999999999998,11000,True
4,Fixed_50pct,1,BALANCED,1,8,0.5,0.40564706921577454,0.7114161313322488,1064,257.0,257.0,1208.1999999999998,951.1999999999998,0.0,12000,True
4,Fixed_50pct,2,LATENCY_CRITICAL,1,8,0.5,0.6093437075614929,0.6213713051484933,1064,575.0,5012.999999999999,5964.199999999999,5389.199999999999,4437.999999999999,15000,True
4,Fixed_50pct,3,BALANCED,1,8,0.5,0.4297362267971039,0.6994297138572202,1064,444.0,8817.8,9769.0,9325.0,8373.8,7000,False
4,Fixed_50pct,4,BALANCED,1,8,0.5,0.14507845044136047,0.873302610501978,1064,550.0,1208.1999999999998,2159.3999999999996,1609.3999999999996,658.1999999999998,4000,True
4,Fixed_50pct,5,QUALITY_CRITICAL,1,8,0.5,0.3148803412914276,0.7605254779441272,1064,629.0,5964.199999999999,6915.399999999999,6286.399999999999,5335.199999999999,10000,True
4,Fixed_50pct,6,BALANCED,1,8,0.5,0.7316848635673523,0.5774722763008697,1064,977.0,3110.5999999999995,4061.7999999999993,3084.7999999999993,2133.5999999999995,3000,False
4,Fixed_50pct,7,BANDWIDTH_EFFICIENT,1,8,0.5,0.4904324412345886,0.6709462115382147,1064,877.0,4061.7999999999993,5012.999999999999,4135.999999999999,3184.7999999999993,2000,False
4,Fixed_50pct,8,LATENCY_CRITICAL,1,8,0.5,1.3948792219161987,0.417557591568178,1064,990.0,2159.3999999999996,3110.5999999999995,2120.5999999999995,1169.3999999999996,11000,True
4,Fixed_50pct,9,BALANCED,1,8,0.5,0.6187363266944885,0.6177658359234033,1064,361.0,6915.399999999999,7866.5999999999985,7505.5999999999985,6554.399999999999,14000,True
4,Fixed_50pct,10,BANDWIDTH_EFFICIENT,1,8,0.5,0.6985500454902649,0.5887374367655812,1064,542.0,7866.5999999999985,8817.8,8275.8,7324.5999999999985,11000,True
4,Fixed_75pct,1,BALANCED,2,12,0.75,0.1974617838859558,0.8350997196376818,1580,257.0,257.0,1621.0,1364.0,0.0,12000,True
4,Fixed_75pct,2,LATENCY_CRITICAL,2,12,0.75,0.25915223360061646,0.7941851456201161,1580,575.0,4349.0,5713.0,5138.0,3774.0,15000,True
4,Fixed_75pct,3,BALANCED,2,12,0.75,0.2628226578235626,0.7918768275218234,1580,444.0,11169.0,12533.0,12089.0,10725.0,7000,False
4,Fixed_75pct,4,BALANCED,2,12,0.75,0.04977838695049286,0.9525820043837115,1580,550.0,2985.0,4349.0,3799.0,2435.0,4000,True
4,Fixed_75pct,5,QUALITY_CRITICAL,2,12,0.75,0.10237584263086319,0.9071316345371473,1580,629.0,5713.0,7077.0,6448.0,5084.0,10000,True
4,Fixed_75pct,6,BALANCED,2,12,0.75,0.3857392966747284,0.7216364596137508,1580,977.0,9805.0,11169.0,10192.0,8828.0,3000,False
4,Fixed_75pct,7,BANDWIDTH_EFFICIENT,2,12,0.75,0.24198393523693085,0.8051633935258848,1580,877.0,12533.0,13897.0,13020.0,11656.0,2000,False
4,Fixed_75pct,8,LATENCY_CRITICAL,2,12,0.75,0.8784142732620239,0.532363927507544,1580,990.0,8441.0,9805.0,8815.0,7451.0,11000,True
4,Fixed_75pct,9,BALANCED,2,12,0.75,0.2800710201263428,0.7812066551598834,1580,361.0,7077.0,8441.0,8080.0,6716.0,14000,True
4,Fixed_75pct,10,BANDWIDTH_EFFICIENT,2,12,0.75,0.3574887216091156,0.7366543707373406,1580,542.0,1621.0,2985.0,2443.0,1079.0,11000,True
4,Fixed_100pct,1,BALANCED,3,16,1.0,0.08654677122831345,0.9203469436198549,2096,257.0,257.0,2033.8,1776.8,0.0,12000,True
4,Fixed_100pct,2,LATENCY_CRITICAL,3,16,1.0,0.13359344005584717,0.8821504824081677,2096,575.0,7364.2,9141.0,8566.0,6789.2,15000,True
4,Fixed_100pct,3,BALANCED,3,16,1.0,0.07031085342168808,0.9343080066908501,2096,444.0,9141.0,10917.8,10473.8,8697.0,7000,False
4,Fixed_100pct,4,BALANCED,3,16,1.0,0.045685067772865295,0.9563108729570301,2096,550.0,10917.8,12694.599999999999,12144.599999999999,10367.8,4000,False
4,Fixed_100pct,5,QUALITY_CRITICAL,3,16,1.0,0.04350942745804787,0.958304710706797,2096,629.0,14471.399999999998,16248.199999999997,15619.199999999997,13842.399999999998,10000,False
4,Fixed_100pct,6,BALANCED,3,16,1.0,0.15008580684661865,0.8695003399284321,2096,977.0,12694.599999999999,14471.399999999998,13494.399999999998,11717.599999999999,3000,False
4,Fixed_100pct,7,BANDWIDTH_EFFICIENT,3,16,1.0,0.1537860631942749,0.8667118037736427,2096,877.0,16248.199999999997,18024.999999999996,17147.999999999996,15371.199999999997,2000,False
4,Fixed_100pct,8,LATENCY_CRITICAL,3,16,1.0,0.45668506622314453,0.6864901845892978,2096,990.0,2033.8,3810.6,2820.6,1043.8,11000,True
4,Fixed_100pct,9,BALANCED,3,16,1.0,0.16894535720348358,0.8554719806512954,2096,361.0,5587.4,7364.2,7003.2,5226.4,14000,True
4,Fixed_100pct,10,BANDWIDTH_EFFICIENT,3,16,1.0,0.20745699107646942,0.8281868483849534,2096,542.0,3810.6,5587.4,5045.4,3268.6,11000,True
4,PPO_Raw,1,BALANCED,0,4,0.25,0.8983146548271179,0.5267830585710098,548,257.0,257.0,795.4,538.4,0.0,12000,True
4,PPO_Raw,2,LATENCY_CRITICAL,0,4,0.25,1.1775175333023071,0.4592385524829521,548,575.0,2949.0,3487.4,2912.4,2374.0,15000,True
4,PPO_Raw,3,BALANCED,0,4,0.25,0.8058398962020874,0.5537589473480612,548,444.0,1333.8,1872.1999999999998,1428.1999999999998,889.8,7000,True
4,PPO_Raw,4,BALANCED,0,4,0.25,0.45720767974853516,0.6862439814842084,548,550.0,2410.6,2949.0,2399.0,1860.6,4000,True
4,PPO_Raw,5,QUALITY_CRITICAL,0,4,0.25,0.5552550554275513,0.6429813531293055,548,629.0,3487.4,4025.8,3396.8,2858.4,10000,True
4,PPO_Raw,6,BALANCED,0,4,0.25,1.4116060733795166,0.41466142046932436,548,977.0,4025.8,4564.2,3587.2,3048.8,3000,False
4,PPO_Raw,7,BANDWIDTH_EFFICIENT,0,4,0.25,0.8280914425849915,0.5470185881872307,548,877.0,4564.2,5102.599999999999,4225.599999999999,3687.2,2000,False
4,PPO_Raw,8,LATENCY_CRITICAL,2,12,0.75,0.8784142732620239,0.532363927507544,1580,990.0,5102.599999999999,6466.599999999999,5476.599999999999,4112.599999999999,11000,True
4,PPO_Raw,9,BALANCED,0,4,0.25,1.1856279373168945,0.4575344151336266,548,361.0,795.4,1333.8,972.8,434.4,14000,True
4,PPO_Raw,10,BANDWIDTH_EFFICIENT,0,4,0.25,1.3305919170379639,0.4290755462976707,548,542.0,1872.1999999999998,2410.6,1868.6,1330.1999999999998,11000,True
4,PPO_Orchestrated,1,BALANCED,0,4,0.25,0.8983146548271179,0.5267830585710098,548,257.0,257.0,795.4,538.4,0.0,12000,True
4,PPO_Orchestrated,2,LATENCY_CRITICAL,0,4,0.25,1.1775175333023071,0.4592385524829521,548,575.0,2949.0,3487.4,2912.4,2374.0,15000,True
4,PPO_Orchestrated,3,BALANCED,0,4,0.25,0.8058398962020874,0.5537589473480612,548,444.0,1333.8,1872.1999999999998,1428.1999999999998,889.8,7000,True
4,PPO_Orchestrated,4,BALANCED,0,4,0.25,0.45720767974853516,0.6862439814842084,548,550.0,2410.6,2949.0,2399.0,1860.6,4000,True
4,PPO_Orchestrated,5,QUALITY_CRITICAL,2,12,0.75,0.10237584263086319,0.9071316345371473,1580,629.0,6341.0,7705.0,7076.0,5712.0,10000,True
4,PPO_Orchestrated,6,BALANCED,1,8,0.5,0.7316848635673523,0.5774722763008697,1064,977.0,3487.4,4438.6,3461.6000000000004,2510.4,3000,False
4,PPO_Orchestrated,7,BANDWIDTH_EFFICIENT,0,4,0.25,0.8280914425849915,0.5470185881872307,548,877.0,4438.6,4977.0,4100.0,3561.6000000000004,2000,False
4,PPO_Orchestrated,8,LATENCY_CRITICAL,2,12,0.75,0.8784142732620239,0.532363927507544,1580,990.0,4977.0,6341.0,5351.0,3987.0,11000,True
4,PPO_Orchestrated,9,BALANCED,0,4,0.25,1.1856279373168945,0.4575344151336266,548,361.0,795.4,1333.8,972.8,434.4,14000,True
4,PPO_Orchestrated,10,BANDWIDTH_EFFICIENT,0,4,0.25,1.3305919170379639,0.4290755462976707,548,542.0,1872.1999999999998,2410.6,1868.6,1330.1999999999998,11000,True
5,Fixed_25pct,1,BALANCED,0,4,0.25,1.2227057218551636,0.44990211262215946,548,463.0,3776.8,4315.2,3852.2,3313.8,8000,True
5,Fixed_25pct,2,BALANCED,0,4,0.25,0.8609689474105835,0.5373544794454709,548,138.0,2161.6,2700.0,2562.0,2023.6,7000,True
5,Fixed_25pct,3,BALANCED,0,4,0.25,0.9699575304985046,0.5076251566433244,548,456.0,1623.1999999999998,2161.6,1705.6,1167.1999999999998,2000,True
5,Fixed_25pct,4,BANDWIDTH_EFFICIENT,0,4,0.25,1.9828977584838867,0.3352444773394676,548,8.0,8.0,546.4,538.4,0.0,7000,True
5,Fixed_25pct,5,BALANCED,0,4,0.25,0.5735822319984436,0.6354926864737178,548,945.0,4853.599999999999,5391.999999999999,4446.999999999999,3908.5999999999995,13000,True
5,Fixed_25pct,6,BANDWIDTH_EFFICIENT,0,4,0.25,0.5014412999153137,0.6660267038454339,548,40.0,546.4,1084.8,1044.8,506.4,14000,True
5,Fixed_25pct,7,BALANCED,0,4,0.25,0.40251651406288147,0.7130040822857401,548,276.0,2700.0,3238.4,2962.4,2424.0,7000,True
5,Fixed_25pct,8,QUALITY_CRITICAL,0,4,0.25,0.34043511748313904,0.7460264110937683,548,108.0,1084.8,1623.1999999999998,1515.1999999999998,976.8,11000,True
5,Fixed_25pct,9,BANDWIDTH_EFFICIENT,0,4,0.25,0.9587390422821045,0.5105325305789133,548,795.0,4315.2,4853.599999999999,4058.5999999999995,3520.2,8000,True
5,Fixed_25pct,10,BALANCED,0,4,0.25,1.2675548791885376,0.44100365957090215,548,408.0,3238.4,3776.8,3368.8,2830.4,8000,True
5,Fixed_50pct,1,BALANCED,1,8,0.5,0.6445592045783997,0.6080656732916835,1064,463.0,6666.4,7617.599999999999,7154.599999999999,6203.4,8000,True
5,Fixed_50pct,2,BALANCED,1,8,0.5,0.5380791425704956,0.6501616024314344,1064,138.0,1910.3999999999999,2861.6,2723.6,1772.3999999999999,7000,True
5,Fixed_50pct,3,BALANCED,1,8,0.5,0.5834764242172241,0.6315218747221577,1064,456.0,3812.7999999999997,4764.0,4308.0,3356.7999999999997,2000,False
5,Fixed_50pct,4,BANDWIDTH_EFFICIENT,1,8,0.5,0.5960533022880554,0.6265454910349355,1064,8.0,8.0,959.1999999999999,951.1999999999999,0.0,7000,True
5,Fixed_50pct,5,BALANCED,1,8,0.5,0.19439850747585297,0.8372415016771251,1064,945.0,8568.8,9520.0,8575.0,7623.799999999999,13000,True
5,Fixed_50pct,6,BANDWIDTH_EFFICIENT,1,8,0.5,0.24909110367298126,0.8005821169164338,1064,40.0,5715.2,6666.4,6626.4,5675.2,14000,True
5,Fixed_50pct,7,BALANCED,1,8,0.5,0.14432045817375183,0.8738810818744984,1064,276.0,959.1999999999999,1910.3999999999999,1634.3999999999999,683.1999999999999,7000,True
5,Fixed_50pct,8,QUALITY_CRITICAL,1,8,0.5,0.20269930362701416,0.8314630240362424,1064,108.0,7617.599999999999,8568.8,8460.8,7509.599999999999,11000,True
5,Fixed_50pct,9,BANDWIDTH_EFFICIENT,1,8,0.5,0.6807088255882263,0.594987058302626,1064,795.0,4764.0,5715.2,4920.2,3969.0,8000,True
5,Fixed_50pct,10,BALANCED,1,8,0.5,0.825569212436676,0.5477743561775187,1064,408.0,2861.6,3812.7999999999997,3404.7999999999997,2453.6,8000,True
5,Fixed_75pct,1,BALANCED,2,12,0.75,0.18658190965652466,0.842756822653285,1580,463.0,1372.0,2736.0,2273.0,909.0,8000,True
5,Fixed_75pct,2,BALANCED,2,12,0.75,0.30200570821762085,0.7680457878859447,1580,138.0,8192.0,9556.0,9418.0,8054.0,7000,False
5,Fixed_75pct,3,BALANCED,2,12,0.75,0.2968160808086395,0.7711193705868009,1580,456.0,12284.0,13648.0,13192.0,11828.0,2000,False
5,Fixed_75pct,4,BANDWIDTH_EFFICIENT,2,12,0.75,0.32774850726127625,0.7531546784132205,1580,8.0,8.0,1372.0,1364.0,0.0,7000,True
5,Fixed_75pct,5,BALANCED,2,12,0.75,0.07466695457696915,0.9305208425187309,1580,945.0,10920.0,12284.0,11339.0,9975.0,13000,True
5,Fixed_75pct,6,BANDWIDTH_EFFICIENT,2,12,0.75,0.12151803821325302,0.8916486101223574,1580,40.0,6828.0,8192.0,8152.0,6788.0,14000,True
5,Fixed_75pct,7,BALANCED,2,12,0.75,0.0628853440284729,0.9408352515332187,1580,276.0,4100.0,5464.0,5188.0,3824.0,7000,True
5,Fixed_75pct,8,QUALITY_CRITICAL,2,12,0.75,0.08099672943353653,0.9250721790102173,1580,108.0,2736.0,4100.0,3992.0,2628.0,11000,True
5,Fixed_75pct,9,BANDWIDTH_EFFICIENT,2,12,0.75,0.29928532242774963,0.7696538879785643,1580,795.0,9556.0,10920.0,10125.0,8761.0,8000,False
5,Fixed_75pct,10,BALANCED,2,12,0.75,0.3159514367580414,0.7599064616423729,1580,408.0,5464.0,6828.0,6420.0,5056.0,8000,True
5,Fixed_100pct,1,BALANCED,3,16,1.0,0.09681811183691025,0.911728197417562,2096,463.0,14222.399999999998,15999.199999999997,15536.199999999997,13759.399999999998,8000,False
5,Fixed_100pct,2,BALANCED,3,16,1.0,0.19407877326011658,0.8374656868489205,2096,138.0,7115.2,8892.0,8754.0,6977.2,7000,False
5,Fixed_100pct,3,BALANCED,3,16,1.0,0.1788879632949829,0.8482570279240171,2096,456.0,12445.599999999999,14222.399999999998,13766.399999999998,11989.599999999999,2000,False
5,Fixed_100pct,4,BANDWIDTH_EFFICIENT,3,16,1.0,0.1938682645559311,0.8376133529036874,2096,8.0,8.0,1784.8,1776.8,0.0,7000,True
5,Fixed_100pct,5,BALANCED,3,16,1.0,0.04824293777346611,0.9539773309840397,2096,945.0,1784.8,3561.6,2616.6,839.8,13000,True
5,Fixed_100pct,6,BANDWIDTH_EFFICIENT,3,16,1.0,0.09171909838914871,0.9159865403797718,2096,40.0,5338.4,7115.2,7075.2,5298.4,14000,True
5,Fixed_100pct,7,BALANCED,3,16,1.0,0.033208418637514114,0.9678589352946757,2096,276.0,8892.0,10668.8,10392.8,8616.0,7000,False
5,Fixed_100pct,8,QUALITY_CRITICAL,3,16,1.0,0.03473864123225212,0.9664276177113841,2096,108.0,3561.6,5338.4,5230.4,3453.6,11000,True
5,Fixed_100pct,9,BANDWIDTH_EFFICIENT,3,16,1.0,0.13160660862922668,0.8836993283481717,2096,795.0,15999.199999999997,17775.999999999996,16980.999999999996,15204.199999999997,8000,False
5,Fixed_100pct,10,BALANCED,3,16,1.0,0.19360995292663574,0.8377946225633259,2096,408.0,10668.8,12445.599999999999,12037.599999999999,10260.8,8000,False
5,PPO_Raw,1,BALANCED,0,4,0.25,1.2227057218551636,0.44990211262215946,548,463.0,3776.8,4315.2,3852.2,3313.8,8000,True
5,PPO_Raw,2,BALANCED,0,4,0.25,0.8609689474105835,0.5373544794454709,548,138.0,2161.6,2700.0,2562.0,2023.6,7000,True
5,PPO_Raw,3,BALANCED,0,4,0.25,0.9699575304985046,0.5076251566433244,548,456.0,1623.1999999999998,2161.6,1705.6,1167.1999999999998,2000,True
5,PPO_Raw,4,BANDWIDTH_EFFICIENT,0,4,0.25,1.9828977584838867,0.3352444773394676,548,8.0,8.0,546.4,538.4,0.0,7000,True
5,PPO_Raw,5,BALANCED,0,4,0.25,0.5735822319984436,0.6354926864737178,548,945.0,4853.599999999999,5391.999999999999,4446.999999999999,3908.5999999999995,13000,True
5,PPO_Raw,6,BANDWIDTH_EFFICIENT,0,4,0.25,0.5014412999153137,0.6660267038454339,548,40.0,546.4,1084.8,1044.8,506.4,14000,True
5,PPO_Raw,7,BALANCED,0,4,0.25,0.40251651406288147,0.7130040822857401,548,276.0,2700.0,3238.4,2962.4,2424.0,7000,True
5,PPO_Raw,8,QUALITY_CRITICAL,0,4,0.25,0.34043511748313904,0.7460264110937683,548,108.0,1084.8,1623.1999999999998,1515.1999999999998,976.8,11000,True
5,PPO_Raw,9,BANDWIDTH_EFFICIENT,0,4,0.25,0.9587390422821045,0.5105325305789133,548,795.0,4315.2,4853.599999999999,4058.5999999999995,3520.2,8000,True
5,PPO_Raw,10,BALANCED,0,4,0.25,1.2675548791885376,0.44100365957090215,548,408.0,3238.4,3776.8,3368.8,2830.4,8000,True
5,PPO_Orchestrated,1,BALANCED,0,4,0.25,1.2227057218551636,0.44990211262215946,548,463.0,5140.799999999999,5679.199999999999,5216.199999999999,4677.799999999999,8000,True
5,PPO_Orchestrated,2,BALANCED,0,4,0.25,0.8609689474105835,0.5373544794454709,548,138.0,4064.0,4602.4,4464.4,3926.0,7000,True
5,PPO_Orchestrated,3,BALANCED,0,4,0.25,0.9699575304985046,0.5076251566433244,548,456.0,1623.1999999999998,2161.6,1705.6,1167.1999999999998,2000,True
5,PPO_Orchestrated,4,BANDWIDTH_EFFICIENT,0,4,0.25,1.9828977584838867,0.3352444773394676,548,8.0,8.0,546.4,538.4,0.0,7000,True
5,PPO_Orchestrated,5,BALANCED,0,4,0.25,0.5735822319984436,0.6354926864737178,548,945.0,5679.199999999999,6217.5999999999985,5272.5999999999985,4734.199999999999,13000,True
5,PPO_Orchestrated,6,BANDWIDTH_EFFICIENT,0,4,0.25,0.5014412999153137,0.6660267038454339,548,40.0,1084.8,1623.1999999999998,1583.1999999999998,1044.8,14000,True
5,PPO_Orchestrated,7,BALANCED,0,4,0.25,0.40251651406288147,0.7130040822857401,548,276.0,546.4,1084.8,808.8,270.4,7000,True
5,PPO_Orchestrated,8,QUALITY_CRITICAL,2,12,0.75,0.08099672943353653,0.9250721790102173,1580,108.0,2161.6,3525.6,3417.6,2053.6,11000,True
5,PPO_Orchestrated,9,BANDWIDTH_EFFICIENT,0,4,0.25,0.9587390422821045,0.5105325305789133,548,795.0,3525.6,4064.0,3269.0,2730.6,8000,True
5,PPO_Orchestrated,10,BALANCED,0,4,0.25,1.2675548791885376,0.44100365957090215,548,408.0,4602.4,5140.799999999999,4732.799999999999,4194.4,8000,True
6,Fixed_25pct,1,BALANCED,0,4,0.25,0.6979880332946777,0.5889323012834536,548,859.0,4443.2,4981.599999999999,4122.599999999999,3584.2,7000,True
6,Fixed_25pct,2,QUALITY_CRITICAL,0,4,0.25,0.9118831753730774,0.523044510711207,548,695.0,2828.0,3366.4,2671.4,2133.0,12000,True
6,Fixed_25pct,3,BALANCED,0,4,0.25,0.6164337992668152,0.6186458118195634,548,987.0,4981.599999999999,5519.999999999999,4532.999999999999,3994.5999999999995,2000,False
6,Fixed_25pct,4,QUALITY_CRITICAL,0,4,0.25,0.8495075702667236,0.5406844589750918,548,408.0,1751.1999999999998,2289.6,1881.6,1343.1999999999998,10000,True
6,Fixed_25pct,5,QUALITY_CRITICAL,0,4,0.25,0.4922899901866913,0.6701110418055516,548,746.0,3366.4,3904.8,3158.8,2620.4,10000,True
6,Fixed_25pct,6,BANDWIDTH_EFFICIENT,0,4,0.25,0.5378629565238953,0.6502529993051835,548,588.0,2289.6,2828.0,2240.0,1701.6,4000,True
6,Fixed_25pct,7,BALANCED,0,4,0.25,0.9527783393859863,0.5120908911322883,548,776.0,3904.8,4443.2,3667.2,3128.8,15000,True
6,Fixed_25pct,8,QUALITY_CRITICAL,0,4,0.25,1.1977423429489136,0.45501239178847863,548,274.0,674.4,1212.8,938.8,400.4,3000,True
6,Fixed_25pct,9,BALANCED,0,4,0.25,0.6799558401107788,0.5952537418686306,548,395.0,1212.8,1751.1999999999998,1356.1999999999998,817.8,7000,True
6,Fixed_25pct,10,QUALITY_CRITICAL,0,4,0.25,0.7260013818740845,0.5793738119225632,548,136.0,136.0,674.4,538.4,0.0,13000,True
6,Fixed_50pct,1,BALANCED,1,8,0.5,0.48811039328575134,0.6719931562281463,1064,859.0,1087.1999999999998,2038.3999999999996,1179.3999999999996,228.19999999999982,7000,True
6,Fixed_50pct,2,QUALITY_CRITICAL,1,8,0.5,0.2241562008857727,0.8168892166509648,1064,695.0,5843.199999999999,6794.399999999999,6099.399999999999,5148.199999999999,12000,True
6,Fixed_50pct,3,BALANCED,1,8,0.5,0.25466516613960266,0.7970253952907888,1064,987.0,2038.3999999999996,2989.5999999999995,2002.5999999999995,1051.3999999999996,2000,False
6,Fixed_50pct,4,QUALITY_CRITICAL,1,8,0.5,0.256195992231369,0.7960541238662205,1064,408.0,6794.399999999999,7745.5999999999985,7337.5999999999985,6386.399999999999,10000,True
6,Fixed_50pct,5,QUALITY_CRITICAL,1,8,0.5,0.226553812623024,0.8152923986771266,1064,746.0,3940.7999999999993,4891.999999999999,4145.999999999999,3194.7999999999993,10000,True
6,Fixed_50pct,6,BANDWIDTH_EFFICIENT,1,8,0.5,0.2754526734352112,0.7840353631520274,1064,588.0,7745.5999999999985,8696.8,8108.799999999999,7157.5999999999985,4000,False
6,Fixed_50pct,7,BALANCED,1,8,0.5,0.3133985996246338,0.7613834827338766,1064,776.0,2989.5999999999995,3940.7999999999993,3164.7999999999993,2213.5999999999995,15000,True
6,Fixed_50pct,8,QUALITY_CRITICAL,1,8,0.5,0.6395998001098633,0.6099049291985726,1064,274.0,8696.8,9648.0,9374.0,8422.8,3000,False
6,Fixed_50pct,9,BALANCED,1,8,0.5,0.15697157382965088,0.8643254705817319,1064,395.0,4891.999999999999,5843.199999999999,5448.199999999999,4496.999999999999,7000,True
6,Fixed_50pct,10,QUALITY_CRITICAL,1,8,0.5,0.41341957449913025,0.7075039981347133,1064,136.0,136.0,1087.1999999999998,951.1999999999998,0.0,13000,True
6,Fixed_75pct,1,BALANCED,2,12,0.75,0.3298830986022949,0.7519457921158622,1580,859.0,2864.0,4228.0,3369.0,2005.0,7000,True
6,Fixed_75pct,2,QUALITY_CRITICAL,2,12,0.75,0.14782637357711792,0.8712119036641163,1580,695.0,6956.0,8320.0,7625.0,6261.0,12000,True
6,Fixed_75pct,3,BALANCED,2,12,0.75,0.11392274498939514,0.8977283249652294,1580,987.0,4228.0,5592.0,4605.0,3241.0,2000,False
6,Fixed_75pct,4,QUALITY_CRITICAL,2,12,0.75,0.09732218086719513,0.9113093833660748,1580,408.0,12412.0,13776.0,13368.0,12004.0,10000,False
6,Fixed_75pct,5,QUALITY_CRITICAL,2,12,0.75,0.15108519792556763,0.8687454254490924,1580,746.0,5592.0,6956.0,6210.0,4846.0,10000,True
6,Fixed_75pct,6,BANDWIDTH_EFFICIENT,2,12,0.75,0.06311720609664917,0.9406300587228845,1580,588.0,8320.0,9684.0,9096.0,7732.0,4000,False
6,Fixed_75pct,7,BALANCED,2,12,0.75,0.1325477957725525,0.8829649430537836,1580,776.0,1500.0,2864.0,2088.0,724.0,15000,True
6,Fixed_75pct,8,QUALITY_CRITICAL,2,12,0.75,0.34542933106422424,0.743257172198712,1580,274.0,11048.0,12412.0,12138.0,10774.0,3000,False
6,Fixed_75pct,9,BALANCED,2,12,0.75,0.0506460927426815,0.951795287592541,1580,395.0,9684.0,11048.0,10653.0,9289.0,7000,False
6,Fixed_75pct,10,QUALITY_CRITICAL,2,12,0.75,0.25063711404800415,0.79959245473153,1580,136.0,136.0,1500.0,1364.0,0.0,13000,True
6,Fixed_100pct,1,BALANCED,3,16,1.0,0.10011947900056839,0.9089921768392607,2096,859.0,16127.199999999997,17903.999999999996,17044.999999999996,15268.199999999997,7000,False
6,Fixed_100pct,2,QUALITY_CRITICAL,3,16,1.0,0.1301327347755432,0.8848518136222387,2096,695.0,7243.2,9020.0,8325.0,6548.2,12000,True
6,Fixed_100pct,3,BALANCED,3,16,1.0,0.09188965708017349,0.9158434586459075,2096,987.0,1912.8,3689.6,2702.6,925.8,2000,False
6,Fixed_100pct,4,QUALITY_CRITICAL,3,16,1.0,0.035117894411087036,0.9660735317197209,2096,408.0,3689.6,5466.4,5058.4,3281.6,10000,True
6,Fixed_100pct,5,QUALITY_CRITICAL,3,16,1.0,0.11638615280389786,0.895747405580422,2096,746.0,14350.399999999998,16127.199999999997,15381.199999999997,13604.399999999998,10000,False
6,Fixed_100pct,6,BANDWIDTH_EFFICIENT,3,16,1.0,0.04308343678712845,0.9586960781202387,2096,588.0,10796.8,12573.599999999999,11985.599999999999,10208.8,4000,False
6,Fixed_100pct,7,BALANCED,3,16,1.0,0.10016723722219467,0.9089527175203778,2096,776.0,12573.599999999999,14350.399999999998,13574.399999999998,11797.599999999999,15000,True
6,Fixed_100pct,8,QUALITY_CRITICAL,3,16,1.0,0.24695396423339844,0.8019542250020267,2096,274.0,5466.4,7243.2,6969.2,5192.4,3000,False
6,Fixed_100pct,9,BALANCED,3,16,1.0,0.04393870756030083,0.9579106443298896,2096,395.0,9020.0,10796.8,10401.8,8625.0,7000,False
6,Fixed_100pct,10,QUALITY_CRITICAL,3,16,1.0,0.14585599303245544,0.8727100142431911,2096,136.0,136.0,1912.8,1776.8,0.0,13000,True
6,PPO_Raw,1,BALANCED,0,4,0.25,0.6979880332946777,0.5889323012834536,548,859.0,1500.0,2038.4,1179.4,641.0,7000,True
6,PPO_Raw,2,QUALITY_CRITICAL,2,12,0.75,0.14782637357711792,0.8712119036641163,1580,695.0,4604.8,5968.8,5273.8,3909.8,12000,True
6,PPO_Raw,3,BALANCED,0,4,0.25,0.6164337992668152,0.6186458118195634,548,987.0,2038.4,2576.8,1589.8000000000002,1051.4,2000,True
6,PPO_Raw,4,QUALITY_CRITICAL,1,8,0.5,0.256195992231369,0.7960541238662205,1064,408.0,5968.8,6920.0,6512.0,5560.8,10000,True
6,PPO_Raw,5,QUALITY_CRITICAL,0,4,0.25,0.4922899901866913,0.6701110418055516,548,746.0,3115.2000000000003,3653.6000000000004,2907.6000000000004,2369.2000000000003,10000,True
6,PPO_Raw,6,BANDWIDTH_EFFICIENT,0,4,0.25,0.5378629565238953,0.6502529993051835,548,588.0,6920.0,7458.4,6870.4,6332.0,4000,False
6,PPO_Raw,7,BALANCED,0,4,0.25,0.9527783393859863,0.5120908911322883,548,776.0,2576.8,3115.2000000000003,2339.2000000000003,1800.8000000000002,15000,True
6,PPO_Raw,8,QUALITY_CRITICAL,1,8,0.5,0.6395998001098633,0.6099049291985726,1064,274.0,7458.4,8409.6,8135.6,7184.4,3000,False
6,PPO_Raw,9,BALANCED,1,8,0.5,0.15697157382965088,0.8643254705817319,1064,395.0,3653.6000000000004,4604.8,4209.8,3258.6000000000004,7000,True
6,PPO_Raw,10,QUALITY_CRITICAL,2,12,0.75,0.25063711404800415,0.79959245473153,1580,136.0,136.0,1500.0,1364.0,0.0,13000,True
6,PPO_Orchestrated,1,BALANCED,0,4,0.25,0.6979880332946777,0.5889323012834536,548,859.0,1500.0,2038.4,1179.4,641.0,7000,True
6,PPO_Orchestrated,2,QUALITY_CRITICAL,2,12,0.75,0.14782637357711792,0.8712119036641163,1580,695.0,5430.400000000001,6794.400000000001,6099.400000000001,4735.400000000001,12000,True
6,PPO_Orchestrated,3,BALANCED,0,4,0.25,0.6164337992668152,0.6186458118195634,548,987.0,2038.4,2576.8,1589.8000000000002,1051.4,2000,True
6,PPO_Orchestrated,4,QUALITY_CRITICAL,2,12,0.75,0.09732218086719513,0.9113093833660748,1580,408.0,6794.400000000001,8158.400000000001,7750.400000000001,6386.400000000001,10000,True
6,PPO_Orchestrated,5,QUALITY_CRITICAL,2,12,0.75,0.15108519792556763,0.8687454254490924,1580,746.0,3115.2000000000003,4479.200000000001,3733.2000000000007,2369.2000000000003,10000,True
6,PPO_Orchestrated,6,BANDWIDTH_EFFICIENT,0,4,0.25,0.5378629565238953,0.6502529993051835,548,588.0,8158.400000000001,8696.800000000001,8108.800000000001,7570.400000000001,4000,False
6,PPO_Orchestrated,7,BALANCED,0,4,0.25,0.9527783393859863,0.5120908911322883,548,776.0,2576.8,3115.2000000000003,2339.2000000000003,1800.8000000000002,15000,True
6,PPO_Orchestrated,8,QUALITY_CRITICAL,2,12,0.75,0.34542933106422424,0.743257172198712,1580,274.0,8696.800000000001,10060.800000000001,9786.800000000001,8422.800000000001,3000,False
6,PPO_Orchestrated,9,BALANCED,1,8,0.5,0.15697157382965088,0.8643254705817319,1064,395.0,4479.200000000001,5430.400000000001,5035.400000000001,4084.2000000000007,7000,True
6,PPO_Orchestrated,10,QUALITY_CRITICAL,2,12,0.75,0.25063711404800415,0.79959245473153,1580,136.0,136.0,1500.0,1364.0,0.0,13000,True
7,Fixed_25pct,1,QUALITY_CRITICAL,0,4,0.25,0.7578138709068298,0.5688884452163954,548,783.0,3904.8,4443.2,3660.2,3121.8,9000,True
7,Fixed_25pct,2,BANDWIDTH_EFFICIENT,0,4,0.25,0.9211189150810242,0.5205299849737955,548,791.0,4443.2,4981.599999999999,4190.599999999999,3652.2,4000,False
7,Fixed_25pct,3,QUALITY_CRITICAL,0,4,0.25,0.5411583185195923,0.6488626041746193,548,136.0,136.0,674.4,538.4,0.0,6000,True
7,Fixed_25pct,4,BALANCED,0,4,0.25,0.7354690432548523,0.5762131015166433,548,690.0,1751.1999999999998,2289.6,1599.6,1061.1999999999998,14000,True
7,Fixed_25pct,5,BANDWIDTH_EFFICIENT,0,4,0.25,0.5929524302482605,0.6277651366175139,548,935.0,3366.4,3904.8,2969.8,2431.4,4000,True
7,Fixed_25pct,6,BALANCED,0,4,0.25,0.79643315076828,0.556658620763222,548,443.0,674.4,1212.8,769.8,231.39999999999998,11000,True
7,Fixed_25pct,7,BALANCED,0,4,0.25,0.8937414288520813,0.528055195268218,548,714.0,2828.0,3366.4,2652.4,2114.0,3000,True
7,Fixed_25pct,8,BALANCED,0,4,0.25,0.3874720633029938,0.7207352324049077,548,696.0,2289.6,2828.0,2132.0,1593.6,13000,True
7,Fixed_25pct,9,BANDWIDTH_EFFICIENT,0,4,0.25,0.3776625692844391,0.7258671479471219,548,560.0,1212.8,1751.1999999999998,1191.1999999999998,652.8,15000,True
7,Fixed_25pct,10,QUALITY_CRITICAL,0,4,0.25,0.8305729627609253,0.5462770511434681,548,755.0,4981.599999999999,5519.999999999999,4764.999999999999,4226.599999999999,2000,False
7,Fixed_50pct,1,QUALITY_CRITICAL,1,8,0.5,0.22940577566623688,0.8134010916437107,1064,783.0,2989.5999999999995,3940.7999999999993,3157.7999999999993,2206.5999999999995,9000,True
7,Fixed_50pct,2,BANDWIDTH_EFFICIENT,1,8,0.5,0.41926309466362,0.7045909977931261,1064,791.0,1087.1999999999998,2038.3999999999996,1247.3999999999996,296.1999999999998,4000,True
7,Fixed_50pct,3,QUALITY_CRITICAL,1,8,0.5,0.32075339555740356,0.7571436146699932,1064,136.0,136.0,1087.1999999999998,951.1999999999998,0.0,6000,True
7,Fixed_50pct,4,BALANCED,1,8,0.5,0.25112947821617126,0.7992777865211638,1064,690.0,6794.399999999999,7745.5999999999985,7055.5999999999985,6104.399999999999,14000,True
7,Fixed_50pct,5,BANDWIDTH_EFFICIENT,1,8,0.5,0.1987481564283371,0.8342035769877586,1064,935.0,2038.3999999999996,2989.5999999999995,2054.5999999999995,1103.3999999999996,4000,True
7,Fixed_50pct,6,BALANCED,1,8,0.5,0.4618035852909088,0.6840864327207087,1064,443.0,5843.199999999999,6794.399999999999,6351.399999999999,5400.199999999999,11000,True
7,Fixed_50pct,7,BALANCED,1,8,0.5,0.5233384966850281,0.6564529171790269,1064,714.0,8696.8,9648.0,8934.0,7982.799999999999,3000,False
7,Fixed_50pct,8,BALANCED,1,8,0.5,0.14970232546329498,0.869790360384833,1064,696.0,3940.7999999999993,4891.999999999999,4195.999999999999,3244.7999999999993,13000,True
7,Fixed_50pct,9,BANDWIDTH_EFFICIENT,1,8,0.5,0.21517673134803772,0.8229255664652707,1064,560.0,7745.5999999999985,8696.8,8136.799999999999,7185.5999999999985,15000,True
7,Fixed_50pct,10,QUALITY_CRITICAL,1,8,0.5,0.5204099416732788,0.6577173514792041,1064,755.0,4891.999999999999,5843.199999999999,5088.199999999999,4136.999999999999,2000,False
7,Fixed_75pct,1,QUALITY_CRITICAL,2,12,0.75,0.11688103526830673,0.895350505937968,1580,783.0,1500.0,2864.0,2081.0,717.0,9000,True
7,Fixed_75pct,2,BANDWIDTH_EFFICIENT,2,12,0.75,0.1295318901538849,0.8853225028146503,1580,791.0,2864.0,4228.0,3437.0,2073.0,4000,True
7,Fixed_75pct,3,QUALITY_CRITICAL,2,12,0.75,0.16573986411094666,0.8578243146575858,1580,136.0,136.0,1500.0,1364.0,0.0,6000,True
7,Fixed_75pct,4,BALANCED,2,12,0.75,0.10211305320262909,0.9073479323142949,1580,690.0,4228.0,5592.0,4902.0,3538.0,14000,True
7,Fixed_75pct,5,BANDWIDTH_EFFICIENT,2,12,0.75,0.10811685025691986,0.902431904873703,1580,935.0,6956.0,8320.0,7385.0,6021.0,4000,False
7,Fixed_75pct,6,BALANCED,2,12,0.75,0.2276003509759903,0.8145973558943356,1580,443.0,11048.0,12412.0,11969.0,10605.0,11000,False
7,Fixed_75pct,7,BALANCED,2,12,0.75,0.25508221983909607,0.7967605501798933,1580,714.0,8320.0,9684.0,8970.0,7606.0,3000,False
7,Fixed_75pct,8,BALANCED,2,12,0.75,0.05905202776193619,0.9442406735326034,1580,696.0,5592.0,6956.0,6260.0,4896.0,13000,True
7,Fixed_75pct,9,BANDWIDTH_EFFICIENT,2,12,0.75,0.07949595153331757,0.9263582680227735,1580,560.0,9684.0,11048.0,10488.0,9124.0,15000,True
7,Fixed_75pct,10,QUALITY_CRITICAL,2,12,0.75,0.24166367948055267,0.8053710650683991,1580,755.0,12412.0,13776.0,13021.0,11657.0,2000,False
7,Fixed_100pct,1,QUALITY_CRITICAL,3,16,1.0,0.06519078463315964,0.9387989592346965,2096,783.0,16127.199999999997,17903.999999999996,17120.999999999996,15344.199999999997,9000,False
7,Fixed_100pct,2,BANDWIDTH_EFFICIENT,3,16,1.0,0.08727572858333588,0.9197299026466345,2096,791.0,12573.599999999999,14350.399999999998,13559.399999999998,11782.599999999999,4000,False
7,Fixed_100pct,3,QUALITY_CRITICAL,3,16,1.0,0.040560606867074966,0.9610204282197506,2096,136.0,136.0,1912.8,1776.8,0.0,6000,True
7,Fixed_100pct,4,BALANCED,3,16,1.0,0.0663546696305275,0.937774296375972,2096,690.0,3689.6,5466.4,4776.4,2999.6,14000,True
7,Fixed_100pct,5,BANDWIDTH_EFFICIENT,3,16,1.0,0.07844632118940353,0.9272598740910107,2096,935.0,1912.8,3689.6,2754.6,977.8,4000,True
7,Fixed_100pct,6,BALANCED,3,16,1.0,0.11899421364068985,0.8936596702734166,2096,443.0,7243.2,9020.0,8577.0,6800.2,11000,True
7,Fixed_100pct,7,BALANCED,3,16,1.0,0.1760147213935852,0.8503294914667339,2096,714.0,10796.8,12573.599999999999,11859.599999999999,10082.8,3000,False
7,Fixed_100pct,8,BALANCED,3,16,1.0,0.04774675890803337,0.9544291036912438,2096,696.0,5466.4,7243.2,6547.2,4770.4,13000,True
7,Fixed_100pct,9,BANDWIDTH_EFFICIENT,3,16,1.0,0.056742895394563675,0.9463039726674697,2096,560.0,9020.0,10796.8,10236.8,8460.0,15000,True
7,Fixed_100pct,10,QUALITY_CRITICAL,3,16,1.0,0.14460183680057526,0.8736662548045785,2096,755.0,14350.399999999998,16127.199999999997,15372.199999999997,13595.399999999998,2000,False
7,PPO_Raw,1,QUALITY_CRITICAL,1,8,0.5,0.22940577566623688,0.8134010916437107,1064,783.0,3904.8,4856.0,4073.0,3121.8,9000,True
7,PPO_Raw,2,BANDWIDTH_EFFICIENT,0,4,0.25,0.9211189150810242,0.5205299849737955,548,791.0,4856.0,5394.4,4603.4,4065.0,4000,False
7,PPO_Raw,3,QUALITY_CRITICAL,0,4,0.25,0.5411583185195923,0.6488626041746193,548,136.0,136.0,674.4,538.4,0.0,6000,True
7,PPO_Raw,4,BALANCED,0,4,0.25,0.7354690432548523,0.5762131015166433,548,690.0,1751.1999999999998,2289.6,1599.6,1061.1999999999998,14000,True
7,PPO_Raw,5,BANDWIDTH_EFFICIENT,0,4,0.25,0.5929524302482605,0.6277651366175139,548,935.0,3366.4,3904.8,2969.8,2431.4,4000,True
7,PPO_Raw,6,BALANCED,0,4,0.25,0.79643315076828,0.556658620763222,548,443.0,674.4,1212.8,769.8,231.39999999999998,11000,True
7,PPO_Raw,7,BALANCED,0,4,0.25,0.8937414288520813,0.528055195268218,548,714.0,5394.4,5932.799999999999,5218.799999999999,4680.4,3000,False
7,PPO_Raw,8,BALANCED,0,4,0.25,0.3874720633029938,0.7207352324049077,548,696.0,2289.6,2828.0,2132.0,1593.6,13000,True
7,PPO_Raw,9,BANDWIDTH_EFFICIENT,0,4,0.25,0.3776625692844391,0.7258671479471219,548,560.0,1212.8,1751.1999999999998,1191.1999999999998,652.8,15000,True
7,PPO_Raw,10,QUALITY_CRITICAL,0,4,0.25,0.8305729627609253,0.5462770511434681,548,755.0,2828.0,3366.4,2611.4,2073.0,2000,False
7,PPO_Orchestrated,1,QUALITY_CRITICAL,2,12,0.75,0.11688103526830673,0.895350505937968,1580,783.0,5556.0,6920.0,6137.0,4773.0,9000,True
7,PPO_Orchestrated,2,BANDWIDTH_EFFICIENT,0,4,0.25,0.9211189150810242,0.5205299849737955,548,791.0,6920.0,7458.4,6667.4,6129.0,4000,False
7,PPO_Orchestrated,3,QUALITY_CRITICAL,2,12,0.75,0.16573986411094666,0.8578243146575858,1580,136.0,136.0,1500.0,1364.0,0.0,6000,True
7,PPO_Orchestrated,4,BALANCED,0,4,0.25,0.7354690432548523,0.5762131015166433,548,690.0,2576.8,3115.2000000000003,2425.2000000000003,1886.8000000000002,14000,True
7,PPO_Orchestrated,5,BANDWIDTH_EFFICIENT,0,4,0.25,0.5929524302482605,0.6277651366175139,548,935.0,5017.6,5556.0,4621.0,4082.6000000000004,4000,False
7,PPO_Orchestrated,6,BALANCED,0,4,0.25,0.79643315076828,0.556658620763222,548,443.0,1500.0,2038.4,1595.4,1057.0,11000,True
7,PPO_Orchestrated,7,BALANCED,0,4,0.25,0.8937414288520813,0.528055195268218,548,714.0,7458.4,7996.799999999999,7282.799999999999,6744.4,3000,False
7,PPO_Orchestrated,8,BALANCED,0,4,0.25,0.3874720633029938,0.7207352324049077,548,696.0,4479.200000000001,5017.6,4321.6,3783.2000000000007,13000,True
7,PPO_Orchestrated,9,BANDWIDTH_EFFICIENT,0,4,0.25,0.3776625692844391,0.7258671479471219,548,560.0,2038.4,2576.8,2016.8000000000002,1478.4,15000,True
7,PPO_Orchestrated,10,QUALITY_CRITICAL,2,12,0.75,0.24166367948055267,0.8053710650683991,1580,755.0,3115.2000000000003,4479.200000000001,3724.2000000000007,2360.2000000000003,2000,False
8,Fixed_25pct,1,QUALITY_CRITICAL,0,4,0.25,1.638675570487976,0.37897800365623113,548,368.0,2273.6,2812.0,2444.0,1905.6,13000,True
8,Fixed_25pct,2,QUALITY_CRITICAL,0,4,0.25,0.9275863170623779,0.5187835123897279,548,924.0,4427.2,4965.599999999999,4041.5999999999995,3503.2,4000,False
8,Fixed_25pct,3,BANDWIDTH_EFFICIENT,0,4,0.25,0.5998607277870178,0.6250544079441429,548,255.0,1735.1999999999998,2273.6,2018.6,1480.1999999999998,3000,True
8,Fixed_25pct,4,QUALITY_CRITICAL,0,4,0.25,0.9105269908905029,0.5234157930079264,548,120.0,120.0,658.4,538.4,0.0,2000,True
8,Fixed_25pct,5,BALANCED,0,4,0.25,0.581922709941864,0.6321421354629584,548,961.0,4965.599999999999,5503.999999999999,4542.999999999999,4004.5999999999995,13000,True
8,Fixed_25pct,6,BANDWIDTH_EFFICIENT,0,4,0.25,1.178567886352539,0.45901713977536274,548,369.0,2812.0,3350.4,2981.4,2443.0,6000,True
8,Fixed_25pct,7,QUALITY_CRITICAL,0,4,0.25,0.7976773977279663,0.5562733342833769,548,241.0,1196.8,1735.1999999999998,1494.1999999999998,955.8,9000,True
8,Fixed_25pct,8,BALANCED,0,4,0.25,1.3290995359420776,0.4293504784008806,548,518.0,3888.8,4427.2,3909.2,3370.8,6000,True
8,Fixed_25pct,9,BALANCED,0,4,0.25,0.8686510324478149,0.5351453977418476,548,493.0,3350.4,3888.8,3395.8,2857.4,13000,True
8,Fixed_25pct,10,BALANCED,0,4,0.25,0.5774558782577515,0.6339321522605548,548,168.0,658.4,1196.8,1028.8,490.4,12000,True
8,Fixed_50pct,1,QUALITY_CRITICAL,1,8,0.5,0.7832507491111755,0.5607736323668611,1064,368.0,1071.1999999999998,2022.3999999999996,1654.3999999999996,703.1999999999998,13000,True
8,Fixed_50pct,2,QUALITY_CRITICAL,1,8,0.5,0.3519216477870941,0.7396878374104443,1064,924.0,6778.399999999999,7729.5999999999985,6805.5999999999985,5854.399999999999,4000,False
8,Fixed_50pct,3,BANDWIDTH_EFFICIENT,1,8,0.5,0.19851204752922058,0.8343679165024157,1064,255.0,3924.7999999999993,4875.999999999999,4620.999999999999,3669.7999999999993,3000,False
8,Fixed_50pct,4,QUALITY_CRITICAL,1,8,0.5,0.3637414574623108,0.7332768205645289,1064,120.0,120.0,1071.1999999999998,951.1999999999998,0.0,2000,True
8,Fixed_50pct,5,BALANCED,1,8,0.5,0.18993014097213745,0.840385469337746,1064,961.0,7729.5999999999985,8680.8,7719.799999999999,6768.5999999999985,13000,True
8,Fixed_50pct,6,BANDWIDTH_EFFICIENT,1,8,0.5,0.5930256247520447,0.62773629278917,1064,369.0,2022.3999999999996,2973.5999999999995,2604.5999999999995,1653.3999999999996,6000,True
8,Fixed_50pct,7,QUALITY_CRITICAL,1,8,0.5,0.25563040375709534,0.7964126999535863,1064,241.0,5827.199999999999,6778.399999999999,6537.399999999999,5586.199999999999,9000,True
8,Fixed_50pct,8,BALANCED,1,8,0.5,0.8684676289558411,0.5351979260988491,1064,518.0,8680.8,9632.0,9114.0,8162.799999999999,6000,False
8,Fixed_50pct,9,BALANCED,1,8,0.5,0.4417516887187958,0.6936007135102745,1064,493.0,2973.5999999999995,3924.7999999999993,3431.7999999999993,2480.5999999999995,13000,True
8,Fixed_50pct,10,BALANCED,1,8,0.5,0.20046818256378174,0.8330083333523662,1064,168.0,4875.999999999999,5827.199999999999,5659.199999999999,4707.999999999999,12000,True
8,Fixed_75pct,1,QUALITY_CRITICAL,2,12,0.75,0.34371209144592285,0.7442070413491138,1580,368.0,9668.0,11032.0,10664.0,9300.0,13000,True
8,Fixed_75pct,2,QUALITY_CRITICAL,2,12,0.75,0.09438356012105942,0.9137564163421654,1580,924.0,12396.0,13760.0,12836.0,11472.0,4000,False
8,Fixed_75pct,3,BANDWIDTH_EFFICIENT,2,12,0.75,0.05764864757657051,0.9454935741574833,1580,255.0,1484.0,2848.0,2593.0,1229.0,3000,True
8,Fixed_75pct,4,QUALITY_CRITICAL,2,12,0.75,0.19716963171958923,0.8353035138083323,1580,120.0,120.0,1484.0,1364.0,0.0,2000,True
8,Fixed_75pct,5,BALANCED,2,12,0.75,0.05236175283789635,0.9502435805019588,1580,961.0,6940.0,8304.0,7343.0,5979.0,13000,True
8,Fixed_75pct,6,BANDWIDTH_EFFICIENT,2,12,0.75,0.22215773165225983,0.818224991833157,1580,369.0,4212.0,5576.0,5207.0,3843.0,6000,True
8,Fixed_75pct,7,QUALITY_CRITICAL,2,12,0.75,0.13776583969593048,0.8789154719808177,1580,241.0,2848.0,4212.0,3971.0,2607.0,9000,True
8,Fixed_75pct,8,BALANCED,2,12,0.75,0.49051782488822937,0.6709077766815622,1580,518.0,11032.0,12396.0,11878.0,10514.0,6000,False
8,Fixed_75pct,9,BALANCED,2,12,0.75,0.20782777667045593,0.8279326070448869,1580,493.0,5576.0,6940.0,6447.0,5083.0,13000,True
8,Fixed_75pct,10,BALANCED,2,12,0.75,0.14003002643585205,0.8771698786972859,1580,168.0,8304.0,9668.0,9500.0,8136.0,12000,True
8,Fixed_100pct,1,QUALITY_CRITICAL,3,16,1.0,0.16869793832302094,0.8556530881152339,2096,368.0,10780.8,12557.599999999999,12189.599999999999,10412.8,13000,True
8,Fixed_100pct,2,QUALITY_CRITICAL,3,16,1.0,0.07863781601190567,0.9270952539911342,2096,924.0,7227.2,9004.0,8080.0,6303.2,4000,False
8,Fixed_100pct,3,BANDWIDTH_EFFICIENT,3,16,1.0,0.045523714274168015,0.9564584584236123,2096,255.0,9004.0,10780.8,10525.8,8749.0,3000,False
8,Fixed_100pct,4,QUALITY_CRITICAL,3,16,1.0,0.09063306450843811,0.9168986642182102,2096,120.0,120.0,1896.8,1776.8,0.0,2000,True
8,Fixed_100pct,5,BALANCED,3,16,1.0,0.025835439562797546,0.9748152202912698,2096,961.0,1896.8,3673.6,2712.6,935.8,13000,True
8,Fixed_100pct,6,BANDWIDTH_EFFICIENT,3,16,1.0,0.07940114289522171,0.9264396342195376,2096,369.0,12557.599999999999,14334.399999999998,13965.399999999998,12188.599999999999,6000,False
8,Fixed_100pct,7,QUALITY_CRITICAL,3,16,1.0,0.058888234198093414,0.9443867328994452,2096,241.0,5450.4,7227.2,6986.2,5209.4,9000,True
8,Fixed_100pct,8,BALANCED,3,16,1.0,0.3209753930568695,0.757016372338246,2096,518.0,16111.199999999997,17887.999999999996,17369.999999999996,15593.199999999997,6000,False
8,Fixed_100pct,9,BALANCED,3,16,1.0,0.11161204427480698,0.8995944269858821,2096,493.0,14334.399999999998,16111.199999999997,15618.199999999997,13841.399999999998,13000,False
8,Fixed_100pct,10,BALANCED,3,16,1.0,0.08075102418661118,0.925282491175629,2096,168.0,3673.6,5450.4,5282.4,3505.6,12000,True
8,PPO_Raw,1,QUALITY_CRITICAL,0,4,0.25,1.638675570487976,0.37897800365623113,548,368.0,2273.6,2812.0,2444.0,1905.6,13000,True
8,PPO_Raw,2,QUALITY_CRITICAL,0,4,0.25,0.9275863170623779,0.5187835123897279,548,924.0,4427.2,4965.599999999999,4041.5999999999995,3503.2,4000,False
8,PPO_Raw,3,BANDWIDTH_EFFICIENT,0,4,0.25,0.5998607277870178,0.6250544079441429,548,255.0,1735.1999999999998,2273.6,2018.6,1480.1999999999998,3000,True
8,PPO_Raw,4,QUALITY_CRITICAL,0,4,0.25,0.9105269908905029,0.5234157930079264,548,120.0,120.0,658.4,538.4,0.0,2000,True
8,PPO_Raw,5,BALANCED,0,4,0.25,0.581922709941864,0.6321421354629584,548,961.0,4965.599999999999,5503.999999999999,4542.999999999999,4004.5999999999995,13000,True
8,PPO_Raw,6,BANDWIDTH_EFFICIENT,0,4,0.25,1.178567886352539,0.45901713977536274,548,369.0,2812.0,3350.4,2981.4,2443.0,6000,True
8,PPO_Raw,7,QUALITY_CRITICAL,0,4,0.25,0.7976773977279663,0.5562733342833769,548,241.0,1196.8,1735.1999999999998,1494.1999999999998,955.8,9000,True
8,PPO_Raw,8,BALANCED,0,4,0.25,1.3290995359420776,0.4293504784008806,548,518.0,3888.8,4427.2,3909.2,3370.8,6000,True
8,PPO_Raw,9,BALANCED,0,4,0.25,0.8686510324478149,0.5351453977418476,548,493.0,3350.4,3888.8,3395.8,2857.4,13000,True
8,PPO_Raw,10,BALANCED,0,4,0.25,0.5774558782577515,0.6339321522605548,548,168.0,658.4,1196.8,1028.8,490.4,12000,True
8,PPO_Orchestrated,1,QUALITY_CRITICAL,2,12,0.75,0.34371209144592285,0.7442070413491138,1580,368.0,1484.0,2848.0,2480.0,1116.0,13000,True
8,PPO_Orchestrated,2,QUALITY_CRITICAL,2,12,0.75,0.09438356012105942,0.9137564163421654,1580,924.0,4463.2,5827.2,4903.2,3539.2,4000,False
8,PPO_Orchestrated,3,BANDWIDTH_EFFICIENT,0,4,0.25,0.5998607277870178,0.6250544079441429,548,255.0,8268.0,8806.4,8551.4,8013.0,3000,False
8,PPO_Orchestrated,4,QUALITY_CRITICAL,2,12,0.75,0.19716963171958923,0.8353035138083323,1580,120.0,120.0,1484.0,1364.0,0.0,2000,True
8,PPO_Orchestrated,5,BALANCED,0,4,0.25,0.581922709941864,0.6321421354629584,548,961.0,5827.2,6365.599999999999,5404.599999999999,4866.2,13000,True
8,PPO_Orchestrated,6,BANDWIDTH_EFFICIENT,0,4,0.25,1.178567886352539,0.45901713977536274,548,369.0,2848.0,3386.4,3017.4,2479.0,6000,True
8,PPO_Orchestrated,7,QUALITY_CRITICAL,2,12,0.75,0.13776583969593048,0.8789154719808177,1580,241.0,6903.999999999999,8268.0,8027.0,6662.999999999999,9000,True
8,PPO_Orchestrated,8,BALANCED,0,4,0.25,1.3290995359420776,0.4293504784008806,548,518.0,6365.599999999999,6903.999999999999,6385.999999999999,5847.599999999999,6000,False
8,PPO_Orchestrated,9,BALANCED,0,4,0.25,0.8686510324478149,0.5351453977418476,548,493.0,3386.4,3924.8,3431.8,2893.4,13000,True
8,PPO_Orchestrated,10,BALANCED,0,4,0.25,0.5774558782577515,0.6339321522605548,548,168.0,3924.8,4463.2,4295.2,3756.8,12000,True
9,Fixed_25pct,1,BALANCED,0,4,0.25,1.985642671585083,0.33493626331013626,548,432.0,612.4,1150.8,718.8,180.39999999999998,3000,True
9,Fixed_25pct,2,BALANCED,0,4,0.25,0.5240912437438965,0.6561286957751441,548,532.0,2227.6,2766.0,2234.0,1695.6,10000,True
9,Fixed_25pct,3,BANDWIDTH_EFFICIENT,0,4,0.25,0.8380319476127625,0.5440601842088767,548,74.0,74.0,612.4,538.4,0.0,4000,True
9,Fixed_25pct,4,QUALITY_CRITICAL,0,4,0.25,0.5253806710243225,0.6555740602957035,548,790.0,4381.2,4919.599999999999,4129.599999999999,3591.2,10000,True
9,Fixed_25pct,5,LATENCY_CRITICAL,0,4,0.25,0.9590141177177429,0.5104608440315902,548,567.0,4919.599999999999,5457.999999999999,4890.999999999999,4352.599999999999,3000,False
9,Fixed_25pct,6,BANDWIDTH_EFFICIENT,0,4,0.25,1.2092411518096924,0.4526441122920662,548,634.0,1689.1999999999998,2227.6,1593.6,1055.1999999999998,2000,True
9,Fixed_25pct,7,BALANCED,0,4,0.25,0.6432483792304993,0.6085507295423472,548,630.0,2766.0,3304.4,2674.4,2136.0,7000,True
9,Fixed_25pct,8,QUALITY_CRITICAL,0,4,0.25,1.1386594772338867,0.46758261922715555,548,486.0,1150.8,1689.1999999999998,1203.1999999999998,664.8,7000,True
9,Fixed_25pct,9,BALANCED,0,4,0.25,1.0263196229934692,0.49350555985965644,548,815.0,3304.4,3842.8,3027.8,2489.4,12000,True
9,Fixed_25pct,10,BALANCED,0,4,0.25,0.5238410830497742,0.6562364088508673,548,749.0,3842.8,4381.2,3632.2,3093.8,3000,False
9,Fixed_50pct,1,BALANCED,1,8,0.5,1.099514365196228,0.47630062293312125,1064,432.0,8634.8,9586.0,9154.0,8202.8,3000,False
9,Fixed_50pct,2,BALANCED,1,8,0.5,0.1584727168083191,0.86320548208945,1064,532.0,7683.5999999999985,8634.8,8102.799999999999,7151.5999999999985,10000,True
9,Fixed_50pct,3,BANDWIDTH_EFFICIENT,1,8,0.5,0.5065274238586426,0.6637781590717527,1064,74.0,74.0,1025.1999999999998,951.1999999999998,0.0,4000,True
9,Fixed_50pct,4,QUALITY_CRITICAL,1,8,0.5,0.19536297023296356,0.8365659844767573,1064,790.0,1976.3999999999996,2927.5999999999995,2137.5999999999995,1186.3999999999996,10000,True
9,Fixed_50pct,5,LATENCY_CRITICAL,1,8,0.5,0.7238411903381348,0.580099840753804,1064,567.0,5781.199999999999,6732.399999999999,6165.399999999999,5214.199999999999,3000,False
9,Fixed_50pct,6,BANDWIDTH_EFFICIENT,1,8,0.5,0.78411865234375,0.5605008381512777,1064,634.0,3878.7999999999993,4829.999999999999,4195.999999999999,3244.7999999999993,2000,False
9,Fixed_50pct,7,BALANCED,1,8,0.5,0.1622372269630432,0.860409541873845,1064,630.0,4829.999999999999,5781.199999999999,5151.199999999999,4199.999999999999,7000,True
9,Fixed_50pct,8,QUALITY_CRITICAL,1,8,0.5,0.724043607711792,0.580031732101738,1064,486.0,6732.399999999999,7683.5999999999985,7197.5999999999985,6246.399999999999,7000,False
9,Fixed_50pct,9,BALANCED,1,8,0.5,0.28369733691215515,0.7789998243709304,1064,815.0,2927.5999999999995,3878.7999999999993,3063.7999999999993,2112.5999999999995,12000,True
9,Fixed_50pct,10,BALANCED,1,8,0.5,0.32260143756866455,0.7560856744858058,1064,749.0,1025.1999999999998,1976.3999999999996,1227.3999999999996,276.1999999999998,3000,True
9,Fixed_75pct,1,BALANCED,2,12,0.75,0.5584660172462463,0.6416565962515912,1580,432.0,4166.0,5530.0,5098.0,3734.0,3000,False
9,Fixed_75pct,2,BALANCED,2,12,0.75,0.09163729846477509,0.9160551782229782,1580,532.0,5530.0,6894.0,6362.0,4998.0,10000,True
9,Fixed_75pct,3,BANDWIDTH_EFFICIENT,2,12,0.75,0.3174126148223877,0.7590636287742083,1580,74.0,74.0,1438.0,1364.0,0.0,4000,True
9,Fixed_75pct,4,QUALITY_CRITICAL,2,12,0.75,0.08720353990793228,0.9197909713250961,1580,790.0,6894.0,8258.0,7468.0,6104.0,10000,True
9,Fixed_75pct,5,LATENCY_CRITICAL,2,12,0.75,0.15297096967697144,0.8673245262022257,1580,567.0,8258.0,9622.0,9055.0,7691.0,3000,False
9,Fixed_75pct,6,BANDWIDTH_EFFICIENT,2,12,0.75,0.49540022015571594,0.6687173015768783,1580,634.0,12350.0,13714.0,13080.0,11716.0,2000,False
9,Fixed_75pct,7,BALANCED,2,12,0.75,0.05705897882580757,0.946021007371614,1580,630.0,10986.0,12350.0,11720.0,10356.0,7000,False
9,Fixed_75pct,8,QUALITY_CRITICAL,2,12,0.75,0.37921103835105896,0.7250522017251024,1580,486.0,2802.0,4166.0,3680.0,2316.0,7000,True
9,Fixed_75pct,9,BALANCED,2,12,0.75,0.07110852003097534,0.93361221696853,1580,815.0,1438.0,2802.0,1987.0,623.0,12000,True
9,Fixed_75pct,10,BALANCED,2,12,0.75,0.23677273094654083,0.8085559901006781,1580,749.0,9622.0,10986.0,10237.0,8873.0,3000,False
9,Fixed_100pct,1,BALANCED,3,16,1.0,0.3086639642715454,0.7641381036702114,2096,432.0,3627.6,5404.4,4972.4,3195.6,3000,False
9,Fixed_100pct,2,BALANCED,3,16,1.0,0.05551530048251152,0.9474045516373533,2096,532.0,7181.2,8958.0,8426.0,6649.2,10000,True
9,Fixed_100pct,3,BANDWIDTH_EFFICIENT,3,16,1.0,0.20285791158676147,0.8313533879332767,2096,74.0,74.0,1850.8,1776.8,0.0,4000,True
9,Fixed_100pct,4,QUALITY_CRITICAL,3,16,1.0,0.04274066537618637,0.9590112222574854,2096,790.0,16065.199999999997,17841.999999999996,17051.999999999996,15275.199999999997,10000,False
9,Fixed_100pct,5,LATENCY_CRITICAL,3,16,1.0,0.07826314866542816,0.9274173945735836,2096,567.0,8958.0,10734.8,10167.8,8391.0,3000,False
9,Fixed_100pct,6,BANDWIDTH_EFFICIENT,3,16,1.0,0.2535344362258911,0.7977443388079342,2096,634.0,12511.599999999999,14288.399999999998,13654.399999999998,11877.599999999999,2000,False
9,Fixed_100pct,7,BALANCED,3,16,1.0,0.020911330357193947,0.9795169964957902,2096,630.0,10734.8,12511.599999999999,11881.599999999999,10104.8,7000,False
9,Fixed_100pct,8,QUALITY_CRITICAL,3,16,1.0,0.2775917649269104,0.7827226407155253,2096,486.0,5404.4,7181.2,6695.2,4918.4,7000,True
9,Fixed_100pct,9,BALANCED,3,16,1.0,0.033065665513277054,0.9679926778934731,2096,815.0,1850.8,3627.6,2812.6,1035.8,12000,True
9,Fixed_100pct,10,BALANCED,3,16,1.0,0.12855520844459534,0.8860886844678396,2096,749.0,14288.399999999998,16065.199999999997,15316.199999999997,13539.399999999998,3000,False
9,PPO_Raw,1,BALANCED,0,4,0.25,1.985642671585083,0.33493626331013626,548,432.0,612.4,1150.8,718.8,180.39999999999998,3000,True
9,PPO_Raw,2,BALANCED,0,4,0.25,0.5240912437438965,0.6561286957751441,548,532.0,2227.6,2766.0,2234.0,1695.6,10000,True
9,PPO_Raw,3,BANDWIDTH_EFFICIENT,0,4,0.25,0.8380319476127625,0.5440601842088767,548,74.0,74.0,612.4,538.4,0.0,4000,True
9,PPO_Raw,4,QUALITY_CRITICAL,1,8,0.5,0.19536297023296356,0.8365659844767573,1064,790.0,4794.0,5745.2,4955.2,4004.0,10000,True
9,PPO_Raw,5,LATENCY_CRITICAL,0,4,0.25,0.9590141177177429,0.5104608440315902,548,567.0,5745.2,6283.599999999999,5716.599999999999,5178.2,3000,False
9,PPO_Raw,6,BANDWIDTH_EFFICIENT,0,4,0.25,1.2092411518096924,0.4526441122920662,548,634.0,1689.1999999999998,2227.6,1593.6,1055.1999999999998,2000,True
9,PPO_Raw,7,BALANCED,0,4,0.25,0.6432483792304993,0.6085507295423472,548,630.0,2766.0,3304.4,2674.4,2136.0,7000,True
9,PPO_Raw,8,QUALITY_CRITICAL,0,4,0.25,1.1386594772338867,0.46758261922715555,548,486.0,1150.8,1689.1999999999998,1203.1999999999998,664.8,7000,True
9,PPO_Raw,9,BALANCED,0,4,0.25,1.0263196229934692,0.49350555985965644,548,815.0,3304.4,3842.8,3027.8,2489.4,12000,True
9,PPO_Raw,10,BALANCED,1,8,0.5,0.32260143756866455,0.7560856744858058,1064,749.0,3842.8,4794.0,4045.0,3093.8,3000,False
9,PPO_Orchestrated,1,BALANCED,0,4,0.25,1.985642671585083,0.33493626331013626,548,432.0,612.4,1150.8,718.8,180.39999999999998,3000,True
9,PPO_Orchestrated,2,BALANCED,0,4,0.25,0.5240912437438965,0.6561286957751441,548,532.0,2766.0,3304.4,2772.4,2234.0,10000,True
9,PPO_Orchestrated,3,BANDWIDTH_EFFICIENT,0,4,0.25,0.8380319476127625,0.5440601842088767,548,74.0,74.0,612.4,538.4,0.0,4000,True
9,PPO_Orchestrated,4,QUALITY_CRITICAL,2,12,0.75,0.08720353990793228,0.9197909713250961,1580,790.0,4794.0,6158.0,5368.0,4004.0,10000,True
9,PPO_Orchestrated,5,LATENCY_CRITICAL,0,4,0.25,0.9590141177177429,0.5104608440315902,548,567.0,2227.6,2766.0,2199.0,1660.6,3000,True
9,PPO_Orchestrated,6,BANDWIDTH_EFFICIENT,0,4,0.25,1.2092411518096924,0.4526441122920662,548,634.0,1689.1999999999998,2227.6,1593.6,1055.1999999999998,2000,True
9,PPO_Orchestrated,7,BALANCED,0,4,0.25,0.6432483792304993,0.6085507295423472,548,630.0,1150.8,1689.1999999999998,1059.1999999999998,520.8,7000,True
9,PPO_Orchestrated,8,QUALITY_CRITICAL,2,12,0.75,0.37921103835105896,0.7250522017251024,1580,486.0,6158.0,7522.0,7036.0,5672.0,7000,False
9,PPO_Orchestrated,9,BALANCED,0,4,0.25,1.0263196229934692,0.49350555985965644,548,815.0,3304.4,3842.8,3027.8,2489.4,12000,True
9,PPO_Orchestrated,10,BALANCED,1,8,0.5,0.32260143756866455,0.7560856744858058,1064,749.0,3842.8,4794.0,4045.0,3093.8,3000,False
10,Fixed_25pct,1,BALANCED,0,4,0.25,0.8300848603248596,0.5464227488459138,548,252.0,2741.0,3279.4,3027.4,2489.0,15000,True
10,Fixed_25pct,2,BALANCED,0,4,0.25,0.651242733001709,0.6056044820146773,548,176.0,1125.8,1664.1999999999998,1488.1999999999998,949.8,4000,True
10,Fixed_25pct,3,BALANCED,0,4,0.25,0.3650722801685333,0.7325619416112815,548,502.0,3817.8,4356.2,3854.2,3315.8,11000,True
10,Fixed_25pct,4,BALANCED,0,4,0.25,0.9120252728462219,0.5230056392044493,548,79.0,587.4,1125.8,1046.8,508.4,9000,True
10,Fixed_25pct,5,BANDWIDTH_EFFICIENT,0,4,0.25,0.6511609554290771,0.6056344759800453,548,49.0,49.0,587.4,538.4,0.0,5000,True
10,Fixed_25pct,6,QUALITY_CRITICAL,0,4,0.25,0.42604967951774597,0.7012378421053148,548,204.0,1664.1999999999998,2202.6,1998.6,1460.1999999999998,13000,True
10,Fixed_25pct,7,QUALITY_CRITICAL,0,4,0.25,0.41851794719696045,0.7049611194388016,548,227.0,2202.6,2741.0,2514.0,1975.6,15000,True
10,Fixed_25pct,8,BANDWIDTH_EFFICIENT,0,4,0.25,0.9244855642318726,0.5196193822317051,548,449.0,3279.4,3817.8,3368.8,2830.4,6000,True
10,Fixed_25pct,9,BALANCED,0,4,0.25,1.3170002698898315,0.43159252633472844,548,622.0,4894.599999999999,5432.999999999999,4810.999999999999,4272.599999999999,12000,True
10,Fixed_25pct,10,BANDWIDTH_EFFICIENT,0,4,0.25,0.43858081102371216,0.6951295278910243,548,616.0,4356.2,4894.599999999999,4278.599999999999,3740.2,11000,True
10,Fixed_50pct,1,BALANCED,1,8,0.5,0.2756708562374115,0.7839012666241336,1064,252.0,6707.4,7658.599999999999,7406.599999999999,6455.4,15000,True
10,Fixed_50pct,2,BALANCED,1,8,0.5,0.3298395574092865,0.7519704120910193,1064,176.0,1951.3999999999999,2902.6,2726.6,1775.3999999999999,4000,True
10,Fixed_50pct,3,BALANCED,1,8,0.5,0.1810363531112671,0.8467139875632503,1064,502.0,5756.2,6707.4,6205.4,5254.2,11000,True
10,Fixed_50pct,4,BALANCED,1,8,0.5,0.31331849098205566,0.7614299249317913,1064,79.0,1000.1999999999999,1951.3999999999999,1872.3999999999999,921.1999999999999,9000,True
10,Fixed_50pct,5,BANDWIDTH_EFFICIENT,1,8,0.5,0.362983763217926,0.7336844553738907,1064,49.0,49.0,1000.1999999999999,951.1999999999999,0.0,5000,True
10,Fixed_50pct,6,QUALITY_CRITICAL,1,8,0.5,0.20127446949481964,0.8324492240483035,1064,204.0,2902.6,3853.7999999999997,3649.7999999999997,2698.6,13000,True
10,Fixed_50pct,7,QUALITY_CRITICAL,1,8,0.5,0.2907007038593292,0.7747729562786292,1064,227.0,3853.7999999999997,4805.0,4578.0,3626.7999999999997,15000,True
10,Fixed_50pct,8,BANDWIDTH_EFFICIENT,1,8,0.5,0.4140658378601074,0.7071806511592774,1064,449.0,4805.0,5756.2,5307.2,4356.0,6000,True
10,Fixed_50pct,9,BALANCED,1,8,0.5,0.8894062042236328,0.5292668129090353,1064,622.0,8609.8,9561.0,8939.0,7987.799999999999,12000,True
10,Fixed_50pct,10,BANDWIDTH_EFFICIENT,1,8,0.5,0.16491512954235077,0.8584316356101072,1064,616.0,7658.599999999999,8609.8,7993.799999999999,7042.599999999999,11000,True
10,Fixed_75pct,1,BALANCED,2,12,0.75,0.1028037965297699,0.9067796131521617,1580,252.0,9597.0,10961.0,10709.0,9345.0,15000,True
10,Fixed_75pct,2,BALANCED,2,12,0.75,0.16833586990833282,0.8559182558337951,1580,176.0,5505.0,6869.0,6693.0,5329.0,4000,False
10,Fixed_75pct,3,BALANCED,2,12,0.75,0.08162450790405273,0.9245352640333355,1580,502.0,1413.0,2777.0,2275.0,911.0,11000,True
10,Fixed_75pct,4,BALANCED,2,12,0.75,0.14181847870349884,0.8757959506273453,1580,79.0,4141.0,5505.0,5426.0,4062.0,9000,True
10,Fixed_75pct,5,BANDWIDTH_EFFICIENT,2,12,0.75,0.23261187970638275,0.8112853822552866,1580,49.0,49.0,1413.0,1364.0,0.0,5000,True
10,Fixed_75pct,6,QUALITY_CRITICAL,2,12,0.75,0.09461667388677597,0.9135618192706584,1580,204.0,6869.0,8233.0,8029.0,6665.0,13000,True
10,Fixed_75pct,7,QUALITY_CRITICAL,2,12,0.75,0.09619531035423279,0.9122461942268778,1580,227.0,8233.0,9597.0,9370.0,8006.0,15000,True
10,Fixed_75pct,8,BANDWIDTH_EFFICIENT,2,12,0.75,0.19291190803050995,0.8382848668607842,1580,449.0,10961.0,12325.0,11876.0,10512.0,6000,False
10,Fixed_75pct,9,BALANCED,2,12,0.75,0.6114360094070435,0.6205645115054663,1580,622.0,2777.0,4141.0,3519.0,2155.0,12000,True
10,Fixed_75pct,10,BANDWIDTH_EFFICIENT,2,12,0.75,0.07580822706222534,0.9295336983346563,1580,616.0,12325.0,13689.0,13073.0,11709.0,11000,False
10,Fixed_100pct,1,BALANCED,3,16,1.0,0.05676645413041115,0.9462828764969428,2096,252.0,5379.4,7156.2,6904.2,5127.4,15000,True
10,Fixed_100pct,2,BALANCED,3,16,1.0,0.10071007907390594,0.9085044454588447,2096,176.0,14263.399999999998,16040.199999999997,15864.199999999997,14087.399999999998,4000,False
10,Fixed_100pct,3,BALANCED,3,16,1.0,0.04562370851635933,0.9563669911606203,2096,502.0,16040.199999999997,17816.999999999996,17314.999999999996,15538.199999999997,11000,False
10,Fixed_100pct,4,BALANCED,3,16,1.0,0.08353865891695023,0.9229020042529436,2096,79.0,3602.6,5379.4,5300.4,3523.6,9000,True
10,Fixed_100pct,5,BANDWIDTH_EFFICIENT,3,16,1.0,0.1789637804031372,0.8482024779913578,2096,49.0,49.0,1825.8,1776.8,0.0,5000,True
10,Fixed_100pct,6,QUALITY_CRITICAL,3,16,1.0,0.08655422925949097,0.9203406264236996,2096,204.0,1825.8,3602.6,3398.6,1621.8,13000,True
10,Fixed_100pct,7,QUALITY_CRITICAL,3,16,1.0,0.04831323027610779,0.9539133639824589,2096,227.0,10709.8,12486.599999999999,12259.599999999999,10482.8,15000,True
10,Fixed_100pct,8,BANDWIDTH_EFFICIENT,3,16,1.0,0.10848718881607056,0.9021304080817197,2096,449.0,7156.2,8933.0,8484.0,6707.2,6000,False
10,Fixed_100pct,9,BALANCED,3,16,1.0,0.4068976938724518,0.7107837366962514,2096,622.0,8933.0,10709.8,10087.8,8311.0,12000,True
10,Fixed_100pct,10,BANDWIDTH_EFFICIENT,3,16,1.0,0.03894539177417755,0.9625144958700171,2096,616.0,12486.599999999999,14263.399999999998,13647.399999999998,11870.599999999999,11000,False
10,PPO_Raw,1,BALANCED,2,12,0.75,0.1028037965297699,0.9067796131521617,1580,252.0,3817.8,5181.8,4929.8,3565.8,15000,True
10,PPO_Raw,2,BALANCED,0,4,0.25,0.651242733001709,0.6056044820146773,548,176.0,1125.8,1664.1999999999998,1488.1999999999998,949.8,4000,True
10,PPO_Raw,3,BALANCED,0,4,0.25,0.3650722801685333,0.7325619416112815,548,502.0,3279.4,3817.8,3315.8,2777.4,11000,True
10,PPO_Raw,4,BALANCED,0,4,0.25,0.9120252728462219,0.5230056392044493,548,79.0,587.4,1125.8,1046.8,508.4,9000,True
10,PPO_Raw,5,BANDWIDTH_EFFICIENT,0,4,0.25,0.6511609554290771,0.6056344759800453,548,49.0,49.0,587.4,538.4,0.0,5000,True
10,PPO_Raw,6,QUALITY_CRITICAL,0,4,0.25,0.42604967951774597,0.7012378421053148,548,204.0,1664.1999999999998,2202.6,1998.6,1460.1999999999998,13000,True
10,PPO_Raw,7,QUALITY_CRITICAL,0,4,0.25,0.41851794719696045,0.7049611194388016,548,227.0,2202.6,2741.0,2514.0,1975.6,15000,True
10,PPO_Raw,8,BANDWIDTH_EFFICIENT,0,4,0.25,0.9244855642318726,0.5196193822317051,548,449.0,2741.0,3279.4,2830.4,2292.0,6000,True
10,PPO_Raw,9,BALANCED,0,4,0.25,1.3170002698898315,0.43159252633472844,548,622.0,5720.2,6258.599999999999,5636.599999999999,5098.2,12000,True
10,PPO_Raw,10,BANDWIDTH_EFFICIENT,0,4,0.25,0.43858081102371216,0.6951295278910243,548,616.0,5181.8,5720.2,5104.2,4565.8,11000,True
10,PPO_Orchestrated,1,BALANCED,2,12,0.75,0.1028037965297699,0.9067796131521617,1580,252.0,5468.999999999999,6832.999999999999,6580.999999999999,5216.999999999999,15000,True
10,PPO_Orchestrated,2,BALANCED,0,4,0.25,0.651242733001709,0.6056044820146773,548,176.0,1125.8,1664.1999999999998,1488.1999999999998,949.8,4000,True
10,PPO_Orchestrated,3,BALANCED,0,4,0.25,0.3650722801685333,0.7325619416112815,548,502.0,4930.599999999999,5468.999999999999,4966.999999999999,4428.599999999999,11000,True
10,PPO_Orchestrated,4,BALANCED,0,4,0.25,0.9120252728462219,0.5230056392044493,548,79.0,587.4,1125.8,1046.8,508.4,9000,True
10,PPO_Orchestrated,5,BANDWIDTH_EFFICIENT,0,4,0.25,0.6511609554290771,0.6056344759800453,548,49.0,49.0,587.4,538.4,0.0,5000,True
10,PPO_Orchestrated,6,QUALITY_CRITICAL,2,12,0.75,0.09461667388677597,0.9135618192706584,1580,204.0,1664.1999999999998,3028.2,2824.2,1460.1999999999998,13000,True
10,PPO_Orchestrated,7,QUALITY_CRITICAL,2,12,0.75,0.09619531035423279,0.9122461942268778,1580,227.0,3028.2,4392.2,4165.2,2801.2,15000,True
10,PPO_Orchestrated,8,BANDWIDTH_EFFICIENT,0,4,0.25,0.9244855642318726,0.5196193822317051,548,449.0,4392.2,4930.599999999999,4481.599999999999,3943.2,6000,True
10,PPO_Orchestrated,9,BALANCED,0,4,0.25,1.3170002698898315,0.43159252633472844,548,622.0,7371.399999999999,7909.799999999998,7287.799999999998,6749.399999999999,12000,True
10,PPO_Orchestrated,10,BANDWIDTH_EFFICIENT,0,4,0.25,0.43858081102371216,0.6951295278910243,548,616.0,6832.999999999999,7371.399999999999,6755.399999999999,6216.999999999999,11000,True
11,Fixed_25pct,1,BALANCED,0,4,0.25,0.8108736276626587,0.5522196495239294,548,276.0,1146.8,1685.1999999999998,1409.1999999999998,870.8,2000,True
11,Fixed_25pct,2,LATENCY_CRITICAL,0,4,0.25,0.6014087200164795,0.6244502028125021,548,364.0,2223.6,2762.0,2398.0,1859.6,6000,True
11,Fixed_25pct,3,BALANCED,0,4,0.25,0.5800932049751282,0.6328740588538514,548,105.0,608.4,1146.8,1041.8,503.4,7000,True
11,Fixed_25pct,4,BALANCED,0,4,0.25,0.8605079650878906,0.5374876209964303,548,934.0,4915.599999999999,5453.999999999999,4519.999999999999,3981.5999999999995,4000,False
11,Fixed_25pct,5,BALANCED,0,4,0.25,0.598175585269928,0.6257134755509999,548,570.0,3838.8,4377.2,3807.2,3268.8,11000,True
11,Fixed_25pct,6,BALANCED,0,4,0.25,0.6071956157684326,0.6222017968372069,548,541.0,3300.4,3838.8,3297.8,2759.4,7000,True
11,Fixed_25pct,7,QUALITY_CRITICAL,0,4,0.25,0.8187277913093567,0.5498348927081991,548,315.0,1685.1999999999998,2223.6,1908.6,1370.1999999999998,13000,True
11,Fixed_25pct,8,QUALITY_CRITICAL,0,4,0.25,1.2236392498016357,0.4497132347745737,548,527.0,2762.0,3300.4,2773.4,2235.0,9000,True
11,Fixed_25pct,9,BALANCED,0,4,0.25,0.9278866648674011,0.5187026904762472,548,70.0,70.0,608.4,538.4,0.0,5000,True
11,Fixed_25pct,10,BALANCED,0,4,0.25,0.4526551365852356,0.6883946332580392,548,621.0,4377.2,4915.599999999999,4294.599999999999,3756.2,13000,True
11,Fixed_50pct,1,BALANCED,1,8,0.5,0.39081457257270813,0.719003107761673,1064,276.0,5777.2,6728.4,6452.4,5501.2,2000,False
11,Fixed_50pct,2,LATENCY_CRITICAL,1,8,0.5,0.3039585053920746,0.7668955690421451,1064,364.0,1021.1999999999999,1972.3999999999999,1608.3999999999999,657.1999999999999,6000,True
11,Fixed_50pct,3,BALANCED,1,8,0.5,0.17954392731189728,0.8477852980676471,1064,105.0,4826.0,5777.2,5672.2,4721.0,7000,True
11,Fixed_50pct,4,BALANCED,1,8,0.5,0.5232372879981995,0.6564965339800571,1064,934.0,3874.7999999999997,4826.0,3892.0,2940.7999999999997,4000,True
11,Fixed_50pct,5,BALANCED,1,8,0.5,0.19832435250282288,0.8344986045818045,1064,570.0,7679.599999999999,8630.8,8060.799999999999,7109.599999999999,11000,True
11,Fixed_50pct,6,BALANCED,1,8,0.5,0.2716907560825348,0.7863546976471837,1064,541.0,2923.6,3874.7999999999997,3333.7999999999997,2382.6,7000,True
11,Fixed_50pct,7,QUALITY_CRITICAL,1,8,0.5,0.5135846138000488,0.6606832488138019,1064,315.0,6728.4,7679.599999999999,7364.599999999999,6413.4,13000,True
11,Fixed_50pct,8,QUALITY_CRITICAL,1,8,0.5,0.6141655445098877,0.6195151441568107,1064,527.0,1972.3999999999999,2923.6,2396.6,1445.3999999999999,9000,True
11,Fixed_50pct,9,BALANCED,1,8,0.5,0.555101215839386,0.6430449605559835,1064,70.0,70.0,1021.1999999999999,951.1999999999999,0.0,5000,True
11,Fixed_50pct,10,BALANCED,1,8,0.5,0.22692731022834778,0.8150442097616089,1064,621.0,8630.8,9582.0,8961.0,8009.799999999999,13000,True
11,Fixed_75pct,1,BALANCED,2,12,0.75,0.22178642451763153,0.8184736545872212,1580,276.0,10982.0,12346.0,12070.0,10706.0,2000,False
11,Fixed_75pct,2,LATENCY_CRITICAL,2,12,0.75,0.05615635961294174,0.9468295019938886,1580,364.0,2798.0,4162.0,3798.0,2434.0,6000,True
11,Fixed_75pct,3,BALANCED,2,12,0.75,0.10519105941057205,0.9048209280061736,1580,105.0,6890.0,8254.0,8149.0,6785.0,7000,False
11,Fixed_75pct,4,BALANCED,2,12,0.75,0.2084013968706131,0.8275395928784025,1580,934.0,12346.0,13710.0,12776.0,11412.0,4000,False
11,Fixed_75pct,5,BALANCED,2,12,0.75,0.05703050270676613,0.9460464929245403,1580,570.0,8254.0,9618.0,9048.0,7684.0,11000,True
11,Fixed_75pct,6,BALANCED,2,12,0.75,0.1280171424150467,0.8865113502256124,1580,541.0,5526.0,6890.0,6349.0,4985.0,7000,True
11,Fixed_75pct,7,QUALITY_CRITICAL,2,12,0.75,0.25959882140159607,0.7939035691437595,1580,315.0,1434.0,2798.0,2483.0,1119.0,13000,True
11,Fixed_75pct,8,QUALITY_CRITICAL,2,12,0.75,0.28223916888237,0.7798857064018905,1580,527.0,4162.0,5526.0,4999.0,3635.0,9000,True
11,Fixed_75pct,9,BALANCED,2,12,0.75,0.18481139838695526,0.8440161880291124,1580,70.0,70.0,1434.0,1364.0,0.0,5000,True
11,Fixed_75pct,10,BALANCED,2,12,0.75,0.16579115390777588,0.8577865740771512,1580,621.0,9618.0,10982.0,10361.0,8997.0,13000,True
11,Fixed_100pct,1,BALANCED,3,16,1.0,0.15747660398483276,0.8639483481197895,2096,276.0,8954.0,10730.8,10454.8,8678.0,2000,False
11,Fixed_100pct,2,LATENCY_CRITICAL,3,16,1.0,0.030883613973855972,0.9700416093968109,2096,364.0,10730.8,12507.599999999999,12143.599999999999,10366.8,6000,False
11,Fixed_100pct,3,BALANCED,3,16,1.0,0.05524425581097603,0.9476478971510537,2096,105.0,5400.4,7177.2,7072.2,5295.4,7000,False
11,Fixed_100pct,4,BALANCED,3,16,1.0,0.10632386803627014,0.9038944461850982,2096,934.0,1846.8,3623.6,2689.6,912.8,4000,True
11,Fixed_100pct,5,BALANCED,3,16,1.0,0.04546718671917915,0.9565101733495228,2096,570.0,14284.399999999998,16061.199999999997,15491.199999999997,13714.399999999998,11000,False
11,Fixed_100pct,6,BALANCED,3,16,1.0,0.07274243235588074,0.9321902162515107,2096,541.0,12507.599999999999,14284.399999999998,13743.399999999998,11966.599999999999,7000,False
11,Fixed_100pct,7,QUALITY_CRITICAL,3,16,1.0,0.15203316509723663,0.8680305656960802,2096,315.0,3623.6,5400.4,5085.4,3308.6,13000,True
11,Fixed_100pct,8,QUALITY_CRITICAL,3,16,1.0,0.1336425542831421,0.882112263889343,2096,527.0,7177.2,8954.0,8427.0,6650.2,9000,True
11,Fixed_100pct,9,BALANCED,3,16,1.0,0.07955093681812286,0.926311085373524,2096,70.0,70.0,1846.8,1776.8,0.0,5000,True
11,Fixed_100pct,10,BALANCED,3,16,1.0,0.12728174030780792,0.887089681526241,2096,621.0,16061.199999999997,17837.999999999996,17216.999999999996,15440.199999999997,13000,False
11,PPO_Raw,1,BALANCED,0,4,0.25,0.8108736276626587,0.5522196495239294,548,276.0,2098.0,2636.4,2360.4,1822.0,2000,False
11,PPO_Raw,2,LATENCY_CRITICAL,2,12,0.75,0.05615635961294174,0.9468295019938886,1580,364.0,6153.999999999999,7517.999999999999,7153.999999999999,5789.999999999999,6000,False
11,PPO_Raw,3,BALANCED,1,8,0.5,0.17954392731189728,0.8477852980676471,1064,105.0,608.4,1559.6,1454.6,503.4,7000,True
11,PPO_Raw,4,BALANCED,0,4,0.25,0.8605079650878906,0.5374876209964303,548,934.0,1559.6,2098.0,1164.0,625.5999999999999,4000,True
11,PPO_Raw,5,BALANCED,0,4,0.25,0.598175585269928,0.6257134755509999,548,570.0,3587.6,4126.0,3556.0,3017.6,11000,True
11,PPO_Raw,6,BALANCED,0,4,0.25,0.6071956157684326,0.6222017968372069,548,541.0,5615.599999999999,6153.999999999999,5612.999999999999,5074.599999999999,7000,True
11,PPO_Raw,7,QUALITY_CRITICAL,1,8,0.5,0.5135846138000488,0.6606832488138019,1064,315.0,2636.4,3587.6,3272.6,2321.4,13000,True
11,PPO_Raw,8,QUALITY_CRITICAL,1,8,0.5,0.6141655445098877,0.6195151441568107,1064,527.0,4664.4,5615.599999999999,5088.599999999999,4137.4,9000,True
11,PPO_Raw,9,BALANCED,0,4,0.25,0.9278866648674011,0.5187026904762472,548,70.0,70.0,608.4,538.4,0.0,5000,True
11,PPO_Raw,10,BALANCED,0,4,0.25,0.4526551365852356,0.6883946332580392,548,621.0,4126.0,4664.4,4043.3999999999996,3505.0,13000,True
11,PPO_Orchestrated,1,BALANCED,0,4,0.25,0.8108736276626587,0.5522196495239294,548,276.0,2636.4,3174.8,2898.8,2360.4,2000,False
11,PPO_Orchestrated,2,LATENCY_CRITICAL,2,12,0.75,0.05615635961294174,0.9468295019938886,1580,364.0,4251.6,5615.6,5251.6,3887.6000000000004,6000,True
11,PPO_Orchestrated,3,BALANCED,1,8,0.5,0.17954392731189728,0.8477852980676471,1064,105.0,608.4,1559.6,1454.6,503.4,7000,True
11,PPO_Orchestrated,4,BALANCED,0,4,0.25,0.8605079650878906,0.5374876209964303,548,934.0,1559.6,2098.0,1164.0,625.5999999999999,4000,True
11,PPO_Orchestrated,5,BALANCED,0,4,0.25,0.598175585269928,0.6257134755509999,548,570.0,3713.2000000000003,4251.6,3681.6000000000004,3143.2000000000003,11000,True
11,PPO_Orchestrated,6,BALANCED,0,4,0.25,0.6071956157684326,0.6222017968372069,548,541.0,3174.8,3713.2000000000003,3172.2000000000003,2633.8,7000,True
11,PPO_Orchestrated,7,QUALITY_CRITICAL,2,12,0.75,0.25959882140159607,0.7939035691437595,1580,315.0,6979.6,8343.6,8028.6,6664.6,13000,True
11,PPO_Orchestrated,8,QUALITY_CRITICAL,2,12,0.75,0.28223916888237,0.7798857064018905,1580,527.0,5615.6,6979.6,6452.6,5088.6,9000,True
11,PPO_Orchestrated,9,BALANCED,0,4,0.25,0.9278866648674011,0.5187026904762472,548,70.0,70.0,608.4,538.4,0.0,5000,True
11,PPO_Orchestrated,10,BALANCED,0,4,0.25,0.4526551365852356,0.6883946332580392,548,621.0,2098.0,2636.4,2015.4,1477.0,13000,True
12,Fixed_25pct,1,LATENCY_CRITICAL,0,4,0.25,0.5066439509391785,0.6637268210426505,548,510.0,1688.1999999999998,2226.6,1716.6,1178.1999999999998,6000,True
12,Fixed_25pct,2,BALANCED,0,4,0.25,0.4835951328277588,0.6740383396203128,548,524.0,2226.6,2765.0,2241.0,1702.6,14000,True
12,Fixed_25pct,3,BANDWIDTH_EFFICIENT,0,4,0.25,1.280595302581787,0.43848200461867687,548,643.0,4380.2,4918.599999999999,4275.599999999999,3737.2,7000,True
12,Fixed_25pct,4,BANDWIDTH_EFFICIENT,0,4,0.25,0.7835187315940857,0.560689373363751,548,842.0,4918.599999999999,5456.999999999999,4614.999999999999,4076.5999999999995,15000,True
12,Fixed_25pct,5,BALANCED,0,4,0.25,0.6653657555580139,0.6004686938365261,548,320.0,1149.8,1688.1999999999998,1368.1999999999998,829.8,15000,True
12,Fixed_25pct,6,BANDWIDTH_EFFICIENT,0,4,0.25,0.8192213177680969,0.5496857310504943,548,568.0,2765.0,3303.4,2735.4,2197.0,3000,True
12,Fixed_25pct,7,BALANCED,0,4,0.25,0.3326829969882965,0.7503659927078532,548,285.0,611.4,1149.8,864.8,326.4,7000,True
12,Fixed_25pct,8,BANDWIDTH_EFFICIENT,0,4,0.25,0.6675242781639099,0.5996914186467422,548,583.0,3841.8,4380.2,3797.2,3258.8,10000,True
12,Fixed_25pct,9,BALANCED,0,4,0.25,0.5235645174980164,0.6563555323815172,548,580.0,3303.4,3841.8,3261.8,2723.4,11000,True
12,Fixed_25pct,10,BALANCED,0,4,0.25,1.362911581993103,0.42320669449531645,548,73.0,73.0,611.4,538.4,0.0,13000,True
12,Fixed_50pct,1,LATENCY_CRITICAL,1,8,0.5,0.1755087822675705,0.8506954733855651,1064,510.0,2926.5999999999995,3877.7999999999993,3367.7999999999993,2416.5999999999995,6000,True
12,Fixed_50pct,2,BALANCED,1,8,0.5,0.19175675511360168,0.8390974044906312,1064,524.0,5780.199999999999,6731.399999999999,6207.399999999999,5256.199999999999,14000,True
12,Fixed_50pct,3,BANDWIDTH_EFFICIENT,1,8,0.5,0.9110010862350464,0.5232859401300223,1064,643.0,4828.999999999999,5780.199999999999,5137.199999999999,4185.999999999999,7000,True
12,Fixed_50pct,4,BANDWIDTH_EFFICIENT,1,8,0.5,0.48771166801452637,0.6721732587703518,1064,842.0,8633.8,9585.0,8743.0,7791.799999999999,15000,True
12,Fixed_50pct,5,BALANCED,1,8,0.5,0.3294193744659424,0.7522080836242683,1064,320.0,1975.3999999999996,2926.5999999999995,2606.5999999999995,1655.3999999999996,15000,True
12,Fixed_50pct,6,BANDWIDTH_EFFICIENT,1,8,0.5,0.2477860003709793,0.8014194739343845,1064,568.0,3877.7999999999993,4828.999999999999,4260.999999999999,3309.7999999999993,3000,False
12,Fixed_50pct,7,BALANCED,1,8,0.5,0.218512162566185,0.8206729737469353,1064,285.0,1024.1999999999998,1975.3999999999996,1690.3999999999996,739.1999999999998,7000,True
12,Fixed_50pct,8,BANDWIDTH_EFFICIENT,1,8,0.5,0.2086709588766098,0.8273550321167992,1064,583.0,7682.5999999999985,8633.8,8050.799999999999,7099.5999999999985,10000,True
12,Fixed_50pct,9,BALANCED,1,8,0.5,0.245110884308815,0.8031413206664877,1064,580.0,6731.399999999999,7682.5999999999985,7102.5999999999985,6151.399999999999,11000,True
12,Fixed_50pct,10,BALANCED,1,8,0.5,0.6118585467338562,0.6204018349043852,1064,73.0,73.0,1024.1999999999998,951.1999999999998,0.0,13000,True
12,Fixed_75pct,1,LATENCY_CRITICAL,2,12,0.75,0.08548066765069962,0.9212508613021133,1580,510.0,12349.0,13713.0,13203.0,11839.0,6000,False
12,Fixed_75pct,2,BALANCED,2,12,0.75,0.1278419941663742,0.8866490210263305,1580,524.0,4165.0,5529.0,5005.0,3641.0,14000,True
12,Fixed_75pct,3,BANDWIDTH_EFFICIENT,2,12,0.75,0.4660107493400574,0.6821232384893237,1580,643.0,8257.0,9621.0,8978.0,7614.0,7000,False
12,Fixed_75pct,4,BANDWIDTH_EFFICIENT,2,12,0.75,0.15442697703838348,0.8662306234088907,1580,842.0,10985.0,12349.0,11507.0,10143.0,15000,True
12,Fixed_75pct,5,BALANCED,2,12,0.75,0.20942948758602142,0.8268361324610703,1580,320.0,6893.0,8257.0,7937.0,6573.0,15000,True
12,Fixed_75pct,6,BANDWIDTH_EFFICIENT,2,12,0.75,0.07635032385587692,0.9290655447732273,1580,568.0,5529.0,6893.0,6325.0,4961.0,3000,False
12,Fixed_75pct,7,BALANCED,2,12,0.75,0.1285080909729004,0.8861256804440701,1580,285.0,2801.0,4165.0,3880.0,2516.0,7000,True
12,Fixed_75pct,8,BANDWIDTH_EFFICIENT,2,12,0.75,0.047637540847063065,0.9545286046082828,1580,583.0,1437.0,2801.0,2218.0,854.0,10000,True
12,Fixed_75pct,9,BALANCED,2,12,0.75,0.1158602237701416,0.8961695906870072,1580,580.0,9621.0,10985.0,10405.0,9041.0,11000,True
12,Fixed_75pct,10,BALANCED,2,12,0.75,0.3120458126068115,0.7621685084403953,1580,73.0,73.0,1437.0,1364.0,0.0,13000,True
12,Fixed_100pct,1,LATENCY_CRITICAL,3,16,1.0,0.05568992346525192,0.947247840272594,2096,510.0,1849.8,3626.6,3116.6,1339.8,6000,True
12,Fixed_100pct,2,BALANCED,3,16,1.0,0.07734890282154083,0.9282044074867792,2096,524.0,8957.0,10733.8,10209.8,8433.0,14000,True
12,Fixed_100pct,3,BANDWIDTH_EFFICIENT,3,16,1.0,0.2544102072715759,0.7971873906981873,2096,643.0,12510.599999999999,14287.399999999998,13644.399999999998,11867.599999999999,7000,False
12,Fixed_100pct,4,BANDWIDTH_EFFICIENT,3,16,1.0,0.10462358593940735,0.9052857577267535,2096,842.0,16064.199999999997,17840.999999999996,16998.999999999996,15222.199999999997,15000,False
12,Fixed_100pct,5,BALANCED,3,16,1.0,0.16235432028770447,0.8603228658817917,2096,320.0,3626.6,5403.4,5083.4,3306.6,15000,True
12,Fixed_100pct,6,BANDWIDTH_EFFICIENT,3,16,1.0,0.05228488892316818,0.9503129908320999,2096,568.0,5403.4,7180.2,6612.2,4835.4,3000,False
12,Fixed_100pct,7,BALANCED,3,16,1.0,0.08959133177995682,0.9177752895357562,2096,285.0,7180.2,8957.0,8672.0,6895.2,7000,False
12,Fixed_100pct,8,BANDWIDTH_EFFICIENT,3,16,1.0,0.038948651403188705,0.9625114760478439,2096,583.0,14287.399999999998,16064.199999999997,15481.199999999997,13704.399999999998,10000,False
12,Fixed_100pct,9,BALANCED,3,16,1.0,0.08746931701898575,0.9195661747415916,2096,580.0,10733.8,12510.599999999999,11930.599999999999,10153.8,11000,False
12,Fixed_100pct,10,BALANCED,3,16,1.0,0.13804349303245544,0.8787010392154506,2096,73.0,73.0,1849.8,1776.8,0.0,13000,True
12,PPO_Raw,1,LATENCY_CRITICAL,0,4,0.25,0.5066439509391785,0.6637268210426505,548,510.0,1688.1999999999998,2226.6,1716.6,1178.1999999999998,6000,True
12,PPO_Raw,2,BALANCED,0,4,0.25,0.4835951328277588,0.6740383396203128,548,524.0,2226.6,2765.0,2241.0,1702.6,14000,True
12,PPO_Raw,3,BANDWIDTH_EFFICIENT,0,4,0.25,1.280595302581787,0.43848200461867687,548,643.0,4380.2,4918.599999999999,4275.599999999999,3737.2,7000,True
12,PPO_Raw,4,BANDWIDTH_EFFICIENT,0,4,0.25,0.7835187315940857,0.560689373363751,548,842.0,4918.599999999999,5456.999999999999,4614.999999999999,4076.5999999999995,15000,True
12,PPO_Raw,5,BALANCED,0,4,0.25,0.6653657555580139,0.6004686938365261,548,320.0,1149.8,1688.1999999999998,1368.1999999999998,829.8,15000,True
12,PPO_Raw,6,BANDWIDTH_EFFICIENT,0,4,0.25,0.8192213177680969,0.5496857310504943,548,568.0,2765.0,3303.4,2735.4,2197.0,3000,True
12,PPO_Raw,7,BALANCED,0,4,0.25,0.3326829969882965,0.7503659927078532,548,285.0,611.4,1149.8,864.8,326.4,7000,True
12,PPO_Raw,8,BANDWIDTH_EFFICIENT,0,4,0.25,0.6675242781639099,0.5996914186467422,548,583.0,3841.8,4380.2,3797.2,3258.8,10000,True
12,PPO_Raw,9,BALANCED,0,4,0.25,0.5235645174980164,0.6563555323815172,548,580.0,3303.4,3841.8,3261.8,2723.4,11000,True
12,PPO_Raw,10,BALANCED,0,4,0.25,1.362911581993103,0.42320669449531645,548,73.0,73.0,611.4,538.4,0.0,13000,True
12,PPO_Orchestrated,1,LATENCY_CRITICAL,0,4,0.25,0.5066439509391785,0.6637268210426505,548,510.0,1688.1999999999998,2226.6,1716.6,1178.1999999999998,6000,True
12,PPO_Orchestrated,2,BALANCED,0,4,0.25,0.4835951328277588,0.6740383396203128,548,524.0,2226.6,2765.0,2241.0,1702.6,14000,True
12,PPO_Orchestrated,3,BANDWIDTH_EFFICIENT,0,4,0.25,1.280595302581787,0.43848200461867687,548,643.0,4380.2,4918.599999999999,4275.599999999999,3737.2,7000,True
12,PPO_Orchestrated,4,BANDWIDTH_EFFICIENT,0,4,0.25,0.7835187315940857,0.560689373363751,548,842.0,4918.599999999999,5456.999999999999,4614.999999999999,4076.5999999999995,15000,True
12,PPO_Orchestrated,5,BALANCED,0,4,0.25,0.6653657555580139,0.6004686938365261,548,320.0,1149.8,1688.1999999999998,1368.1999999999998,829.8,15000,True
12,PPO_Orchestrated,6,BANDWIDTH_EFFICIENT,0,4,0.25,0.8192213177680969,0.5496857310504943,548,568.0,2765.0,3303.4,2735.4,2197.0,3000,True
12,PPO_Orchestrated,7,BALANCED,0,4,0.25,0.3326829969882965,0.7503659927078532,548,285.0,611.4,1149.8,864.8,326.4,7000,True
12,PPO_Orchestrated,8,BANDWIDTH_EFFICIENT,0,4,0.25,0.6675242781639099,0.5996914186467422,548,583.0,3841.8,4380.2,3797.2,3258.8,10000,True
12,PPO_Orchestrated,9,BALANCED,0,4,0.25,0.5235645174980164,0.6563555323815172,548,580.0,3303.4,3841.8,3261.8,2723.4,11000,True
12,PPO_Orchestrated,10,BALANCED,0,4,0.25,1.362911581993103,0.42320669449531645,548,73.0,73.0,611.4,538.4,0.0,13000,True
13,Fixed_25pct,1,QUALITY_CRITICAL,0,4,0.25,0.510658860206604,0.6619628205558175,548,516.0,2797.0,3335.4,2819.4,2281.0,12000,True
13,Fixed_25pct,2,BALANCED,0,4,0.25,2.0616068840026855,0.3266258660526068,548,167.0,1181.8,1720.1999999999998,1553.1999999999998,1014.8,4000,True
13,Fixed_25pct,3,LATENCY_CRITICAL,0,4,0.25,0.2911597192287445,0.7744975196386512,548,128.0,643.4,1181.8,1053.8,515.4,9000,True
13,Fixed_25pct,4,BALANCED,0,4,0.25,0.4019380807876587,0.7132982645268929,548,948.0,4950.599999999999,5488.999999999999,4540.999999999999,4002.5999999999995,6000,True
13,Fixed_25pct,5,BALANCED,0,4,0.25,1.562311053276062,0.39027267931480936,548,105.0,105.0,643.4,538.4,0.0,7000,True
13,Fixed_25pct,6,QUALITY_CRITICAL,0,4,0.25,0.9132128357887268,0.5226810009288629,548,485.0,2258.6,2797.0,2312.0,1773.6,8000,True
13,Fixed_25pct,7,BALANCED,0,4,0.25,0.6044630408287048,0.6232614741212738,548,182.0,1720.1999999999998,2258.6,2076.6,1538.1999999999998,2000,False
13,Fixed_25pct,8,BALANCED,0,4,0.25,0.7525938153266907,0.5705828648114885,548,890.0,4412.2,4950.599999999999,4060.5999999999995,3522.2,9000,True
13,Fixed_25pct,9,BALANCED,0,4,0.25,0.5230587720870972,0.6565734811596714,548,859.0,3873.8,4412.2,3553.2,3014.8,11000,True
13,Fixed_25pct,10,QUALITY_CRITICAL,0,4,0.25,0.8126515746116638,0.5516780025495173,548,589.0,3335.4,3873.8,3284.8,2746.4,12000,True
13,Fixed_50pct,1,QUALITY_CRITICAL,1,8,0.5,0.18778641521930695,0.8419022032806841,1064,516.0,7714.5999999999985,8665.8,8149.799999999999,7198.5999999999985,12000,True
13,Fixed_50pct,2,BALANCED,1,8,0.5,1.0495744943618774,0.4879061496671015,1064,167.0,2007.3999999999996,2958.5999999999995,2791.5999999999995,1840.3999999999996,4000,True
13,Fixed_50pct,3,LATENCY_CRITICAL,1,8,0.5,0.10899637639522552,0.901716201499669,1064,128.0,8665.8,9617.0,9489.0,8537.8,9000,False
13,Fixed_50pct,4,BALANCED,1,8,0.5,0.17056789994239807,0.8542861973655766,1064,948.0,3909.7999999999993,4860.999999999999,3912.999999999999,2961.7999999999993,6000,True
13,Fixed_50pct,5,BALANCED,1,8,0.5,0.831913411617279,0.5458773289492782,1064,105.0,105.0,1056.1999999999998,951.1999999999998,0.0,7000,True
13,Fixed_50pct,6,QUALITY_CRITICAL,1,8,0.5,0.4613395929336548,0.684303638138271,1064,485.0,6763.399999999999,7714.5999999999985,7229.5999999999985,6278.399999999999,8000,True
13,Fixed_50pct,7,BALANCED,1,8,0.5,0.27148571610450745,0.7864815053241281,1064,182.0,1056.1999999999998,2007.3999999999996,1825.3999999999996,874.1999999999998,2000,True
13,Fixed_50pct,8,BALANCED,1,8,0.5,0.36952024698257446,0.730182706099652,1064,890.0,5812.199999999999,6763.399999999999,5873.399999999999,4922.199999999999,9000,True
13,Fixed_50pct,9,BALANCED,1,8,0.5,0.23652887344360352,0.8087154465023567,1064,859.0,4860.999999999999,5812.199999999999,4953.199999999999,4001.999999999999,11000,True
13,Fixed_50pct,10,QUALITY_CRITICAL,1,8,0.5,0.6184439659118652,0.6178774310771884,1064,589.0,2958.5999999999995,3909.7999999999993,3320.7999999999993,2369.5999999999995,12000,True
13,Fixed_75pct,1,QUALITY_CRITICAL,2,12,0.75,0.1133672446012497,0.8981762350644221,1580,516.0,4197.0,5561.0,5045.0,3681.0,12000,True
13,Fixed_75pct,2,BALANCED,2,12,0.75,0.6040291786193848,0.623430055593326,1580,167.0,2833.0,4197.0,4030.0,2666.0,4000,False
13,Fixed_75pct,3,LATENCY_CRITICAL,2,12,0.75,0.04735348001122475,0.9547874896919069,1580,128.0,6925.0,8289.0,8161.0,6797.0,9000,True
13,Fixed_75pct,4,BALANCED,2,12,0.75,0.05318784713745117,0.9494982331195571,1580,948.0,8289.0,9653.0,8705.0,7341.0,6000,False
13,Fixed_75pct,5,BALANCED,2,12,0.75,0.38589712977409363,0.7215542759389391,1580,105.0,105.0,1469.0,1364.0,0.0,7000,True
13,Fixed_75pct,6,QUALITY_CRITICAL,2,12,0.75,0.1409284472465515,0.8764791538096365,1580,485.0,11017.0,12381.0,11896.0,10532.0,8000,False
13,Fixed_75pct,7,BALANCED,2,12,0.75,0.11798873543739319,0.8944633951153075,1580,182.0,1469.0,2833.0,2651.0,1287.0,2000,False
13,Fixed_75pct,8,BALANCED,2,12,0.75,0.1362198442220688,0.8801113667264508,1580,890.0,12381.0,13745.0,12855.0,11491.0,9000,False
13,Fixed_75pct,9,BALANCED,2,12,0.75,0.11557995527982712,0.89639473644824,1580,859.0,9653.0,11017.0,10158.0,8794.0,11000,True
13,Fixed_75pct,10,QUALITY_CRITICAL,2,12,0.75,0.30731451511383057,0.7649268698840447,1580,589.0,5561.0,6925.0,6336.0,4972.0,12000,True
13,Fixed_100pct,1,QUALITY_CRITICAL,3,16,1.0,0.07919598370790482,0.9266157538542693,2096,516.0,10765.8,12542.599999999999,12026.599999999999,10249.8,12000,False
13,Fixed_100pct,2,BALANCED,3,16,1.0,0.4033704400062561,0.7125702319877438,2096,167.0,8989.0,10765.8,10598.8,8822.0,4000,False
13,Fixed_100pct,3,LATENCY_CRITICAL,3,16,1.0,0.04451441019773483,0.9573826748935824,2096,128.0,5435.4,7212.2,7084.2,5307.4,9000,True
13,Fixed_100pct,4,BALANCED,3,16,1.0,0.028934355825185776,0.9718792985564361,2096,948.0,16096.199999999997,17872.999999999996,16924.999999999996,15148.199999999997,6000,False
13,Fixed_100pct,5,BALANCED,3,16,1.0,0.2141558974981308,0.8236174630132614,2096,105.0,105.0,1881.8,1776.8,0.0,7000,True
13,Fixed_100pct,6,QUALITY_CRITICAL,3,16,1.0,0.09139540046453476,0.9162582136358337,2096,485.0,3658.6,5435.4,4950.4,3173.6,8000,True
13,Fixed_100pct,7,BALANCED,3,16,1.0,0.07682778686285019,0.9286535992104415,2096,182.0,1881.8,3658.6,3476.6,1699.8,2000,False
13,Fixed_100pct,8,BALANCED,3,16,1.0,0.09259925037622452,0.9152486601612265,2096,890.0,14319.399999999998,16096.199999999997,15206.199999999997,13429.399999999998,9000,False
13,Fixed_100pct,9,BALANCED,3,16,1.0,0.08459948003292084,0.9219993356161733,2096,859.0,12542.599999999999,14319.399999999998,13460.399999999998,11683.599999999999,11000,False
13,Fixed_100pct,10,QUALITY_CRITICAL,3,16,1.0,0.12191034853458405,0.8913368178715698,2096,589.0,7212.2,8989.0,8400.0,6623.2,12000,True
13,PPO_Raw,1,QUALITY_CRITICAL,0,4,0.25,0.510658860206604,0.6619628205558175,548,516.0,2797.0,3335.4,2819.4,2281.0,12000,True
13,PPO_Raw,2,BALANCED,0,4,0.25,2.0616068840026855,0.3266258660526068,548,167.0,1181.8,1720.1999999999998,1553.1999999999998,1014.8,4000,True
13,PPO_Raw,3,LATENCY_CRITICAL,0,4,0.25,0.2911597192287445,0.7744975196386512,548,128.0,643.4,1181.8,1053.8,515.4,9000,True
13,PPO_Raw,4,BALANCED,0,4,0.25,0.4019380807876587,0.7132982645268929,548,948.0,4950.599999999999,5488.999999999999,4540.999999999999,4002.5999999999995,6000,True
13,PPO_Raw,5,BALANCED,0,4,0.25,1.562311053276062,0.39027267931480936,548,105.0,105.0,643.4,538.4,0.0,7000,True
13,PPO_Raw,6,QUALITY_CRITICAL,0,4,0.25,0.9132128357887268,0.5226810009288629,548,485.0,2258.6,2797.0,2312.0,1773.6,8000,True
13,PPO_Raw,7,BALANCED,0,4,0.25,0.6044630408287048,0.6232614741212738,548,182.0,1720.1999999999998,2258.6,2076.6,1538.1999999999998,2000,False
13,PPO_Raw,8,BALANCED,0,4,0.25,0.7525938153266907,0.5705828648114885,548,890.0,4412.2,4950.599999999999,4060.5999999999995,3522.2,9000,True
13,PPO_Raw,9,BALANCED,0,4,0.25,0.5230587720870972,0.6565734811596714,548,859.0,3873.8,4412.2,3553.2,3014.8,11000,True
13,PPO_Raw,10,QUALITY_CRITICAL,0,4,0.25,0.8126515746116638,0.5516780025495173,548,589.0,3335.4,3873.8,3284.8,2746.4,12000,True
13,PPO_Orchestrated,1,QUALITY_CRITICAL,2,12,0.75,0.1133672446012497,0.8981762350644221,1580,516.0,5112.2,6476.2,5960.2,4596.2,12000,True
13,PPO_Orchestrated,2,BALANCED,0,4,0.25,2.0616068840026855,0.3266258660526068,548,167.0,1720.1999999999998,2258.6,2091.6,1553.1999999999998,4000,True
13,PPO_Orchestrated,3,LATENCY_CRITICAL,0,4,0.25,0.2911597192287445,0.7744975196386512,548,128.0,1181.8,1720.1999999999998,1592.1999999999998,1053.8,9000,True
13,PPO_Orchestrated,4,BALANCED,0,4,0.25,0.4019380807876587,0.7132982645268929,548,948.0,3622.6,4161.0,3213.0,2674.6,6000,True
13,PPO_Orchestrated,5,BALANCED,0,4,0.25,1.562311053276062,0.39027267931480936,548,105.0,105.0,643.4,538.4,0.0,7000,True
13,PPO_Orchestrated,6,QUALITY_CRITICAL,2,12,0.75,0.1409284472465515,0.8764791538096365,1580,485.0,2258.6,3622.6,3137.6,1773.6,8000,True
13,PPO_Orchestrated,7,BALANCED,0,4,0.25,0.6044630408287048,0.6232614741212738,548,182.0,643.4,1181.8,999.8,461.4,2000,True
13,PPO_Orchestrated,8,BALANCED,1,8,0.5,0.36952024698257446,0.730182706099652,1064,890.0,4161.0,5112.2,4222.2,3271.0,9000,True
13,PPO_Orchestrated,9,BALANCED,0,4,0.25,0.5230587720870972,0.6565734811596714,548,859.0,6476.2,7014.599999999999,6155.599999999999,5617.2,11000,True
13,PPO_Orchestrated,10,QUALITY_CRITICAL,2,12,0.75,0.30731451511383057,0.7649268698840447,1580,589.0,7014.599999999999,8378.599999999999,7789.5999999999985,6425.599999999999,12000,True
14,Fixed_25pct,1,BALANCED,0,4,0.25,1.7145828008651733,0.368380732273588,548,400.0,1651.1999999999998,2189.6,1789.6,1251.1999999999998,8000,True
14,Fixed_25pct,2,BANDWIDTH_EFFICIENT,0,4,0.25,0.577496349811554,0.6339158883755636,548,318.0,574.4,1112.8,794.8,256.4,7000,True
14,Fixed_25pct,3,BALANCED,0,4,0.25,0.9402291178703308,0.5154030473976383,548,540.0,1112.8,1651.1999999999998,1111.1999999999998,572.8,2000,True
14,Fixed_25pct,4,BANDWIDTH_EFFICIENT,0,4,0.25,0.5696625709533691,0.6370795981920038,548,405.0,2189.6,2728.0,2323.0,1784.6,13000,True
14,Fixed_25pct,5,BALANCED,0,4,0.25,0.31395578384399414,0.7610606173325616,548,961.0,4881.599999999999,5419.999999999999,4458.999999999999,3920.5999999999995,4000,False
14,Fixed_25pct,6,BANDWIDTH_EFFICIENT,0,4,0.25,0.853737473487854,0.5394507120355476,548,36.0,36.0,574.4,538.4,0.0,3000,True
14,Fixed_25pct,7,QUALITY_CRITICAL,0,4,0.25,0.5220163464546204,0.6570231668860828,548,573.0,3266.4,3804.8,3231.8,2693.4,12000,True
14,Fixed_25pct,8,BALANCED,0,4,0.25,0.7086678743362427,0.5852512445629404,548,457.0,2728.0,3266.4,2809.4,2271.0,3000,True
14,Fixed_25pct,9,BANDWIDTH_EFFICIENT,0,4,0.25,0.8934887051582336,0.5281256747271871,548,581.0,3804.8,4343.2,3762.2,3223.8,6000,True
14,Fixed_25pct,10,QUALITY_CRITICAL,0,4,0.25,0.6320049166679382,0.61274325204957,548,787.0,4343.2,4881.599999999999,4094.5999999999995,3556.2,6000,True
14,Fixed_50pct,1,BALANCED,1,8,0.5,1.0959925651550293,0.4771009289940088,1064,400.0,6694.4,7645.599999999999,7245.599999999999,6294.4,8000,True
14,Fixed_50pct,2,BANDWIDTH_EFFICIENT,1,8,0.5,0.23407971858978271,0.8103204233375846,1064,318.0,4792.0,5743.2,5425.2,4474.0,7000,True
14,Fixed_50pct,3,BALANCED,1,8,0.5,0.49936023354530334,0.6669511286393504,1064,540.0,5743.2,6694.4,6154.4,5203.2,2000,False
14,Fixed_50pct,4,BANDWIDTH_EFFICIENT,1,8,0.5,0.3174037039279938,0.7590687630666155,1064,405.0,7645.599999999999,8596.8,8191.799999999999,7240.599999999999,13000,True
14,Fixed_50pct,5,BALANCED,1,8,0.5,0.11683264374732971,0.895389300803996,1064,961.0,2889.6,3840.7999999999997,2879.7999999999997,1928.6,4000,True
14,Fixed_50pct,6,BANDWIDTH_EFFICIENT,1,8,0.5,0.429246187210083,0.699669524360964,1064,36.0,36.0,987.1999999999999,951.1999999999999,0.0,3000,True
14,Fixed_50pct,7,QUALITY_CRITICAL,1,8,0.5,0.30932021141052246,0.763755108402937,1064,573.0,3840.7999999999997,4792.0,4219.0,3267.7999999999997,12000,True
14,Fixed_50pct,8,BALANCED,1,8,0.5,0.19255796074867249,0.8385336670531409,1064,457.0,8596.8,9548.0,9091.0,8139.799999999999,3000,False
14,Fixed_50pct,9,BANDWIDTH_EFFICIENT,1,8,0.5,0.5031927824020386,0.6652506662532282,1064,581.0,987.1999999999999,1938.3999999999999,1357.3999999999999,406.19999999999993,6000,True
14,Fixed_50pct,10,QUALITY_CRITICAL,1,8,0.5,0.2320450246334076,0.8116586488367565,1064,787.0,1938.3999999999999,2889.6,2102.6,1151.3999999999999,6000,True
14,Fixed_75pct,1,BALANCED,2,12,0.75,0.6597352027893066,0.602505748097303,1580,400.0,10948.0,12312.0,11912.0,10548.0,8000,False
14,Fixed_75pct,2,BANDWIDTH_EFFICIENT,2,12,0.75,0.1586465686559677,0.8630759603940328,1580,318.0,4128.0,5492.0,5174.0,3810.0,7000,True
14,Fixed_75pct,3,BALANCED,2,12,0.75,0.19764302670955658,0.8349733415535617,1580,540.0,6856.0,8220.0,7680.0,6316.0,2000,False
14,Fixed_75pct,4,BANDWIDTH_EFFICIENT,2,12,0.75,0.16228464245796204,0.8603744413977907,1580,405.0,9584.0,10948.0,10543.0,9179.0,13000,True
14,Fixed_75pct,5,BALANCED,2,12,0.75,0.05001969635486603,0.9523630875415872,1580,961.0,5492.0,6856.0,5895.0,4531.0,4000,False
14,Fixed_75pct,6,BANDWIDTH_EFFICIENT,2,12,0.75,0.22651217877864838,0.8153200737034609,1580,36.0,36.0,1400.0,1364.0,0.0,3000,True
14,Fixed_75pct,7,QUALITY_CRITICAL,2,12,0.75,0.14753058552742004,0.8714364676740942,1580,573.0,8220.0,9584.0,9011.0,7647.0,12000,True
14,Fixed_75pct,8,BALANCED,2,12,0.75,0.05714524909853935,0.9459438055959964,1580,457.0,12312.0,13676.0,13219.0,11855.0,3000,False
14,Fixed_75pct,9,BANDWIDTH_EFFICIENT,2,12,0.75,0.30427286028862,0.7667107324296482,1580,581.0,1400.0,2764.0,2183.0,819.0,6000,True
14,Fixed_75pct,10,QUALITY_CRITICAL,2,12,0.75,0.05497496947646141,0.9478897878461106,1580,787.0,2764.0,4128.0,3341.0,1977.0,6000,True
14,Fixed_100pct,1,BALANCED,3,16,1.0,0.2989100217819214,0.769876267971311,2096,400.0,5366.4,7143.2,6743.2,4966.4,8000,True
14,Fixed_100pct,2,BANDWIDTH_EFFICIENT,3,16,1.0,0.13735856115818024,0.8792302042213433,2096,318.0,3589.6,5366.4,5048.4,3271.6,7000,True
14,Fixed_100pct,3,BALANCED,3,16,1.0,0.13958805799484253,0.8775100730342382,2096,540.0,14250.399999999998,16027.199999999997,15487.199999999997,13710.399999999998,2000,False
14,Fixed_100pct,4,BANDWIDTH_EFFICIENT,3,16,1.0,0.11093875020742416,0.9001396339926835,2096,405.0,7143.2,8920.0,8515.0,6738.2,13000,True
14,Fixed_100pct,5,BALANCED,3,16,1.0,0.04314010590314865,0.9586439964689134,2096,961.0,1812.8,3589.6,2628.6,851.8,4000,True
14,Fixed_100pct,6,BANDWIDTH_EFFICIENT,3,16,1.0,0.10531353950500488,0.9047206645526411,2096,36.0,36.0,1812.8,1776.8,0.0,3000,True
14,Fixed_100pct,7,QUALITY_CRITICAL,3,16,1.0,0.049993425607681274,0.952386915585926,2096,573.0,16027.199999999997,17803.999999999996,17230.999999999996,15454.199999999997,12000,False
14,Fixed_100pct,8,BALANCED,3,16,1.0,0.04748250171542168,0.954669885522993,2096,457.0,8920.0,10696.8,10239.8,8463.0,3000,False
14,Fixed_100pct,9,BANDWIDTH_EFFICIENT,3,16,1.0,0.09658543765544891,0.9119216484746021,2096,581.0,12473.599999999999,14250.399999999998,13669.399999999998,11892.599999999999,6000,False
14,Fixed_100pct,10,QUALITY_CRITICAL,3,16,1.0,0.024060800671577454,0.9765045194037323,2096,787.0,10696.8,12473.599999999999,11686.599999999999,9909.8,6000,False
14,PPO_Raw,1,BALANCED,0,4,0.25,1.7145828008651733,0.368380732273588,548,400.0,1651.1999999999998,2189.6,1789.6,1251.1999999999998,8000,True
14,PPO_Raw,2,BANDWIDTH_EFFICIENT,0,4,0.25,0.577496349811554,0.6339158883755636,548,318.0,574.4,1112.8,794.8,256.4,7000,True
14,PPO_Raw,3,BALANCED,0,4,0.25,0.9402291178703308,0.5154030473976383,548,540.0,1112.8,1651.1999999999998,1111.1999999999998,572.8,2000,True
14,PPO_Raw,4,BANDWIDTH_EFFICIENT,0,4,0.25,0.5696625709533691,0.6370795981920038,548,405.0,2189.6,2728.0,2323.0,1784.6,13000,True
14,PPO_Raw,5,BALANCED,0,4,0.25,0.31395578384399414,0.7610606173325616,548,961.0,2728.0,3266.4,2305.4,1767.0,4000,True
14,PPO_Raw,6,BANDWIDTH_EFFICIENT,0,4,0.25,0.853737473487854,0.5394507120355476,548,36.0,36.0,574.4,538.4,0.0,3000,True
14,PPO_Raw,7,QUALITY_CRITICAL,2,12,0.75,0.14753058552742004,0.8714364676740942,1580,573.0,4217.6,5581.6,5008.6,3644.6000000000004,12000,True
14,PPO_Raw,8,BALANCED,2,12,0.75,0.05714524909853935,0.9459438055959964,1580,457.0,6120.0,7484.0,7027.0,5663.0,3000,False
14,PPO_Raw,9,BANDWIDTH_EFFICIENT,0,4,0.25,0.8934887051582336,0.5281256747271871,548,581.0,5581.6,6120.0,5539.0,5000.6,6000,True
14,PPO_Raw,10,QUALITY_CRITICAL,1,8,0.5,0.2320450246334076,0.8116586488367565,1064,787.0,3266.4,4217.6,3430.6000000000004,2479.4,6000,True
14,PPO_Orchestrated,1,BALANCED,0,4,0.25,1.7145828008651733,0.368380732273588,548,400.0,1651.1999999999998,2189.6,1789.6,1251.1999999999998,8000,True
14,PPO_Orchestrated,2,BANDWIDTH_EFFICIENT,0,4,0.25,0.577496349811554,0.6339158883755636,548,318.0,574.4,1112.8,794.8,256.4,7000,True
14,PPO_Orchestrated,3,BALANCED,0,4,0.25,0.9402291178703308,0.5154030473976383,548,540.0,1112.8,1651.1999999999998,1111.1999999999998,572.8,2000,True
14,PPO_Orchestrated,4,BANDWIDTH_EFFICIENT,0,4,0.25,0.5696625709533691,0.6370795981920038,548,405.0,2189.6,2728.0,2323.0,1784.6,13000,True
14,PPO_Orchestrated,5,BALANCED,0,4,0.25,0.31395578384399414,0.7610606173325616,548,961.0,2728.0,3266.4,2305.4,1767.0,4000,True
14,PPO_Orchestrated,6,BANDWIDTH_EFFICIENT,0,4,0.25,0.853737473487854,0.5394507120355476,548,36.0,36.0,574.4,538.4,0.0,3000,True
14,PPO_Orchestrated,7,QUALITY_CRITICAL,2,12,0.75,0.14753058552742004,0.8714364676740942,1580,573.0,3804.8,5168.8,4595.8,3231.8,12000,True
14,PPO_Orchestrated,8,BALANCED,2,12,0.75,0.05714524909853935,0.9459438055959964,1580,457.0,6532.8,7896.8,7439.8,6075.8,3000,False
14,PPO_Orchestrated,9,BANDWIDTH_EFFICIENT,0,4,0.25,0.8934887051582336,0.5281256747271871,548,581.0,3266.4,3804.8,3223.8,2685.4,6000,True
14,PPO_Orchestrated,10,QUALITY_CRITICAL,2,12,0.75,0.05497496947646141,0.9478897878461106,1580,787.0,5168.8,6532.8,5745.8,4381.8,6000,True
15,Fixed_25pct,1,LATENCY_CRITICAL,0,4,0.25,0.7809421420097351,0.5615005543478985,548,527.0,1794.1999999999998,2332.6,1805.6,1267.1999999999998,11000,True
15,Fixed_25pct,2,QUALITY_CRITICAL,0,4,0.25,0.8075836300849915,0.5532247489721849,548,179.0,179.0,717.4,538.4,0.0,13000,True
15,Fixed_25pct,3,BALANCED,0,4,0.25,0.6299516558647156,0.6135151287474744,548,786.0,4486.2,5024.599999999999,4238.599999999999,3700.2,14000,True
15,Fixed_25pct,4,BALANCED,0,4,0.25,1.4392532110214233,0.4099615388355913,548,681.0,2871.0,3409.4,2728.4,2190.0,9000,True
15,Fixed_25pct,5,BALANCED,0,4,0.25,0.5852072238922119,0.6308323510819405,548,849.0,5024.599999999999,5562.999999999999,4713.999999999999,4175.599999999999,9000,True
15,Fixed_25pct,6,QUALITY_CRITICAL,0,4,0.25,1.3012117147445679,0.43455367169943293,548,406.0,1255.8,1794.1999999999998,1388.1999999999998,849.8,6000,True
15,Fixed_25pct,7,BANDWIDTH_EFFICIENT,0,4,0.25,0.6050639748573303,0.6230281257722996,548,686.0,3409.4,3947.8,3261.8,2723.4,14000,True
15,Fixed_25pct,8,BALANCED,0,4,0.25,1.705725073814392,0.36958669957929297,548,216.0,717.4,1255.8,1039.8,501.4,2000,True
15,Fixed_25pct,9,BALANCED,0,4,0.25,0.6444746851921082,0.6080969254222236,548,607.0,2332.6,2871.0,2264.0,1725.6,4000,True
15,Fixed_25pct,10,QUALITY_CRITICAL,0,4,0.25,0.7993941307067871,0.55574261521416,548,707.0,3947.8,4486.2,3779.2,3240.8,13000,True
15,Fixed_50pct,1,LATENCY_CRITICAL,1,8,0.5,0.4654969573020935,0.6823623856858426,1064,527.0,3983.7999999999993,4934.999999999999,4407.999999999999,3456.7999999999993,11000,True
15,Fixed_50pct,2,QUALITY_CRITICAL,1,8,0.5,0.1315772533416748,0.8837222532062107,1064,179.0,179.0,1130.1999999999998,951.1999999999998,0.0,13000,True
15,Fixed_50pct,3,BALANCED,1,8,0.5,0.22697676718235016,0.81501135697656,1064,786.0,4934.999999999999,5886.199999999999,5100.199999999999,4148.999999999999,14000,True
15,Fixed_50pct,4,BALANCED,1,8,0.5,0.4210697114467621,0.7036952458735612,1064,681.0,2081.3999999999996,3032.5999999999995,2351.5999999999995,1400.3999999999996,9000,True
15,Fixed_50pct,5,BALANCED,1,8,0.5,0.280706524848938,0.7808190093495089,1064,849.0,5886.199999999999,6837.399999999999,5988.399999999999,5037.199999999999,9000,True
15,Fixed_50pct,6,QUALITY_CRITICAL,1,8,0.5,0.6079373359680176,0.6219147833879829,1064,406.0,3032.5999999999995,3983.7999999999993,3577.7999999999993,2626.5999999999995,6000,True
15,Fixed_50pct,7,BANDWIDTH_EFFICIENT,1,8,0.5,0.28722500801086426,0.7768649566133662,1064,686.0,6837.399999999999,7788.5999999999985,7102.5999999999985,6151.399999999999,14000,True
15,Fixed_50pct,8,BALANCED,1,8,0.5,1.1920238733291626,0.4561994110407374,1064,216.0,1130.1999999999998,2081.3999999999996,1865.3999999999996,914.1999999999998,2000,True
15,Fixed_50pct,9,BALANCED,1,8,0.5,0.4743964672088623,0.6782436218753775,1064,607.0,8739.8,9691.0,9084.0,8132.799999999999,4000,False
15,Fixed_50pct,10,QUALITY_CRITICAL,1,8,0.5,0.3700791895389557,0.7298848180713622,1064,707.0,7788.5999999999985,8739.8,8032.799999999999,7081.5999999999985,13000,True
15,Fixed_75pct,1,LATENCY_CRITICAL,2,12,0.75,0.19568876922130585,0.8363380385777576,1580,527.0,6999.0,8363.0,7836.0,6472.0,11000,True
15,Fixed_75pct,2,QUALITY_CRITICAL,2,12,0.75,0.04429331794381142,0.9575853668861696,1580,179.0,179.0,1543.0,1364.0,0.0,13000,True
15,Fixed_75pct,3,BALANCED,2,12,0.75,0.13228629529476166,0.8831688629947391,1580,786.0,9727.0,11091.0,10305.0,8941.0,14000,True
15,Fixed_75pct,4,BALANCED,2,12,0.75,0.19087611138820648,0.8397179105677904,1580,681.0,4271.0,5635.0,4954.0,3590.0,9000,True
15,Fixed_75pct,5,BALANCED,2,12,0.75,0.12861305475234985,0.8860432685845804,1580,849.0,12455.0,13819.0,12970.0,11606.0,9000,False
15,Fixed_75pct,6,QUALITY_CRITICAL,2,12,0.75,0.31103792786598206,0.7627544396276404,1580,406.0,1543.0,2907.0,2501.0,1137.0,6000,True
15,Fixed_75pct,7,BANDWIDTH_EFFICIENT,2,12,0.75,0.052036724984645844,0.9505371592561036,1580,686.0,5635.0,6999.0,6313.0,4949.0,14000,True
15,Fixed_75pct,8,BALANCED,2,12,0.75,0.6578856110572815,0.6031779233322805,1580,216.0,11091.0,12455.0,12239.0,10875.0,2000,False
15,Fixed_75pct,9,BALANCED,2,12,0.75,0.3277692496776581,0.7531429126279054,1580,607.0,2907.0,4271.0,3664.0,2300.0,4000,True
15,Fixed_75pct,10,QUALITY_CRITICAL,2,12,0.75,0.1713346242904663,0.8537270044465287,1580,707.0,8363.0,9727.0,9020.0,7656.0,13000,True
15,Fixed_100pct,1,LATENCY_CRITICAL,3,16,1.0,0.11985009908676147,0.892976658943461,2096,527.0,9063.0,10839.8,10312.8,8536.0,11000,True
15,Fixed_100pct,2,QUALITY_CRITICAL,3,16,1.0,0.026794150471687317,0.9739050417657924,2096,179.0,179.0,1955.8,1776.8,0.0,13000,True
15,Fixed_100pct,3,BALANCED,3,16,1.0,0.06924137473106384,0.9352425220652545,2096,786.0,16170.199999999997,17946.999999999996,17160.999999999996,15384.199999999997,14000,False
15,Fixed_100pct,4,BALANCED,3,16,1.0,0.0704592615365982,0.9341784745404912,2096,681.0,14393.399999999998,16170.199999999997,15489.199999999997,13712.399999999998,9000,False
15,Fixed_100pct,5,BALANCED,3,16,1.0,0.06980714946985245,0.9347479127388093,2096,849.0,1955.8,3732.6,2883.6,1106.8,9000,True
15,Fixed_100pct,6,QUALITY_CRITICAL,3,16,1.0,0.13526691496372223,0.8808501215169785,2096,406.0,3732.6,5509.4,5103.4,3326.6,6000,True
15,Fixed_100pct,7,BANDWIDTH_EFFICIENT,3,16,1.0,0.03914984315633774,0.9623251223929139,2096,686.0,12616.599999999999,14393.399999999998,13707.399999999998,11930.599999999999,14000,True
15,Fixed_100pct,8,BALANCED,3,16,1.0,0.2473147064447403,0.801722287753931,2096,216.0,7286.2,9063.0,8847.0,7070.2,2000,False
15,Fixed_100pct,9,BALANCED,3,16,1.0,0.2404804229736328,0.8061392840064641,2096,607.0,5509.4,7286.2,6679.2,4902.4,4000,False
15,Fixed_100pct,10,QUALITY_CRITICAL,3,16,1.0,0.11264227330684662,0.898761465379105,2096,707.0,10839.8,12616.599999999999,11909.599999999999,10132.8,13000,True
15,PPO_Raw,1,LATENCY_CRITICAL,0,4,0.25,0.7809421420097351,0.5615005543478985,548,527.0,3158.2,3696.6,3169.6,2631.2,11000,True
15,PPO_Raw,2,QUALITY_CRITICAL,0,4,0.25,0.8075836300849915,0.5532247489721849,548,179.0,179.0,717.4,538.4,0.0,13000,True
15,PPO_Raw,3,BALANCED,2,12,0.75,0.13228629529476166,0.8831688629947391,1580,786.0,6262.999999999999,7626.999999999999,6840.999999999999,5476.999999999999,14000,True
15,PPO_Raw,4,BALANCED,1,8,0.5,0.4210697114467621,0.7036952458735612,1064,681.0,1668.6,2619.7999999999997,1938.7999999999997,987.5999999999999,9000,True
15,PPO_Raw,5,BALANCED,1,8,0.5,0.280706524848938,0.7808190093495089,1064,849.0,5311.799999999999,6262.999999999999,5413.999999999999,4462.799999999999,9000,True
15,PPO_Raw,6,QUALITY_CRITICAL,0,4,0.25,1.3012117147445679,0.43455367169943293,548,406.0,2619.7999999999997,3158.2,2752.2,2213.7999999999997,6000,True
15,PPO_Raw,7,BANDWIDTH_EFFICIENT,0,4,0.25,0.6050639748573303,0.6230281257722996,548,686.0,4235.0,4773.4,4087.3999999999996,3549.0,14000,True
15,PPO_Raw,8,BALANCED,1,8,0.5,1.1920238733291626,0.4561994110407374,1064,216.0,717.4,1668.6,1452.6,501.4,2000,True
15,PPO_Raw,9,BALANCED,0,4,0.25,0.6444746851921082,0.6080969254222236,548,607.0,3696.6,4235.0,3628.0,3089.6,4000,True
15,PPO_Raw,10,QUALITY_CRITICAL,0,4,0.25,0.7993941307067871,0.55574261521416,548,707.0,4773.4,5311.799999999999,4604.799999999999,4066.3999999999996,13000,True
15,PPO_Orchestrated,1,LATENCY_CRITICAL,0,4,0.25,0.7809421420097351,0.5615005543478985,548,527.0,3032.6,3571.0,3044.0,2505.6,11000,True
15,PPO_Orchestrated,2,QUALITY_CRITICAL,2,12,0.75,0.04429331794381142,0.9575853668861696,1580,179.0,179.0,1543.0,1364.0,0.0,13000,True
15,PPO_Orchestrated,3,BALANCED,2,12,0.75,0.13228629529476166,0.8831688629947391,1580,786.0,5886.2,7250.2,6464.2,5100.2,14000,True
15,PPO_Orchestrated,4,BALANCED,2,12,0.75,0.19087611138820648,0.8397179105677904,1580,681.0,7250.2,8614.2,7933.200000000001,6569.2,9000,True
15,PPO_Orchestrated,5,BALANCED,1,8,0.5,0.280706524848938,0.7808190093495089,1064,849.0,2081.4,3032.6,2183.6,1232.4,9000,True
15,PPO_Orchestrated,6,QUALITY_CRITICAL,2,12,0.75,0.31103792786598206,0.7627544396276404,1580,406.0,9152.6,10516.6,10110.6,8746.6,6000,False
15,PPO_Orchestrated,7,BANDWIDTH_EFFICIENT,0,4,0.25,0.6050639748573303,0.6230281257722996,548,686.0,8614.2,9152.6,8466.6,7928.200000000001,14000,True
15,PPO_Orchestrated,8,BALANCED,1,8,0.5,1.1920238733291626,0.4561994110407374,1064,216.0,3571.0,4522.2,4306.2,3355.0,2000,False
15,PPO_Orchestrated,9,BALANCED,0,4,0.25,0.6444746851921082,0.6080969254222236,548,607.0,1543.0,2081.4,1474.4,936.0,4000,True
15,PPO_Orchestrated,10,QUALITY_CRITICAL,2,12,0.75,0.1713346242904663,0.8537270044465287,1580,707.0,4522.2,5886.2,5179.2,3815.2,13000,True
16,Fixed_25pct,1,BANDWIDTH_EFFICIENT,0,4,0.25,0.32640302181243896,0.7539186684252034,548,953.0,4845.599999999999,5383.999999999999,4430.999999999999,3892.5999999999995,13000,True
16,Fixed_25pct,2,QUALITY_CRITICAL,0,4,0.25,0.3326835632324219,0.7503656738847304,548,22.0,538.4,1076.8,1054.8,516.4,4000,True
16,Fixed_25pct,3,BALANCED,0,4,0.25,0.45293888449668884,0.6882601950228685,548,55.0,1076.8,1615.1999999999998,1560.1999999999998,1021.8,12000,True
16,Fixed_25pct,4,BALANCED,0,4,0.25,0.7974416017532349,0.5563463085669066,548,298.0,2153.6,2692.0,2394.0,1855.6,5000,True
16,Fixed_25pct,5,BALANCED,0,4,0.25,0.5801945328712463,0.6328334766371956,548,113.0,1615.1999999999998,2153.6,2040.6,1502.1999999999998,13000,True
16,Fixed_25pct,6,BALANCED,0,4,0.25,0.48954352736473083,0.6713466116489922,548,314.0,3230.4,3768.8,3454.8,2916.4,11000,True
16,Fixed_25pct,7,BALANCED,0,4,0.25,0.5648583173751831,0.6390354889619344,548,0.0,0.0,538.4,538.4,0.0,4000,True
16,Fixed_25pct,8,BALANCED,0,4,0.25,2.0543246269226074,0.32740462201869897,548,493.0,3768.8,4307.2,3814.2,3275.8,3000,False
16,Fixed_25pct,9,LATENCY_CRITICAL,0,4,0.25,0.717903733253479,0.5821047947233541,548,554.0,4307.2,4845.599999999999,4291.599999999999,3753.2,9000,True
16,Fixed_25pct,10,QUALITY_CRITICAL,0,4,0.25,0.7057713270187378,0.5862450518193141,548,935.0,2692.0,3230.4,2295.4,1757.0,3000,True
16,Fixed_50pct,1,BANDWIDTH_EFFICIENT,1,8,0.5,0.13880860805511475,0.8781106789382498,1064,953.0,2853.6,3804.7999999999997,2851.7999999999997,1900.6,13000,True
16,Fixed_50pct,2,QUALITY_CRITICAL,1,8,0.5,0.23318950831890106,0.8109053744409586,1064,22.0,1902.3999999999999,2853.6,2831.6,1880.3999999999999,4000,True
16,Fixed_50pct,3,BALANCED,1,8,0.5,0.18972361087799072,0.8405313560701895,1064,55.0,6658.4,7609.599999999999,7554.599999999999,6603.4,12000,True
16,Fixed_50pct,4,BALANCED,1,8,0.5,0.3358736038208008,0.7485738150225055,1064,298.0,951.1999999999999,1902.3999999999999,1604.3999999999999,653.1999999999999,5000,True
16,Fixed_50pct,5,BALANCED,1,8,0.5,0.4192027151584625,0.7046209743816224,1064,113.0,7609.599999999999,8560.8,8447.8,7496.599999999999,13000,True
16,Fixed_50pct,6,BALANCED,1,8,0.5,0.1899101436138153,0.8403995926641579,1064,314.0,8560.8,9512.0,9198.0,8246.8,11000,True
16,Fixed_50pct,7,BALANCED,1,8,0.5,0.28239360451698303,0.7797917866072427,1064,0.0,0.0,951.1999999999999,951.1999999999999,0.0,4000,True
16,Fixed_50pct,8,BALANCED,1,8,0.5,1.4794080257415771,0.40332207914867324,1064,493.0,4756.0,5707.2,5214.2,4263.0,3000,False
16,Fixed_50pct,9,LATENCY_CRITICAL,1,8,0.5,0.28479281067848206,0.7783356130954011,1064,554.0,5707.2,6658.4,6104.4,5153.2,9000,True
16,Fixed_50pct,10,QUALITY_CRITICAL,1,8,0.5,0.3212563097476959,0.7568554205738913,1064,935.0,3804.7999999999997,4756.0,3821.0,2869.7999999999997,3000,False
16,Fixed_75pct,1,BANDWIDTH_EFFICIENT,2,12,0.75,0.07878486067056656,0.9269688855092068,1580,953.0,1364.0,2728.0,1775.0,411.0,13000,True
16,Fixed_75pct,2,QUALITY_CRITICAL,2,12,0.75,0.13877665996551514,0.8781353141100401,1580,22.0,4092.0,5456.0,5434.0,4070.0,4000,False
16,Fixed_75pct,3,BALANCED,2,12,0.75,0.08106447011232376,0.9250142129785275,1580,55.0,2728.0,4092.0,4037.0,2673.0,12000,True
16,Fixed_75pct,4,BALANCED,2,12,0.75,0.17052197456359863,0.8543197152474017,1580,298.0,10912.0,12276.0,11978.0,10614.0,5000,False
16,Fixed_75pct,5,BALANCED,2,12,0.75,0.25025901198387146,0.7998342666718568,1580,113.0,6820.0,8184.0,8071.0,6707.0,13000,True
16,Fixed_75pct,6,BALANCED,2,12,0.75,0.09356048703193665,0.9144441591101451,1580,314.0,12276.0,13640.0,13326.0,11962.0,11000,False
16,Fixed_75pct,7,BALANCED,2,12,0.75,0.15642179548740387,0.8647363824360679,1580,0.0,0.0,1364.0,1364.0,0.0,4000,True
16,Fixed_75pct,8,BALANCED,2,12,0.75,0.6464831829071045,0.6073551253857056,1580,493.0,9548.0,10912.0,10419.0,9055.0,3000,False
16,Fixed_75pct,9,LATENCY_CRITICAL,2,12,0.75,0.1653633862733841,0.8581014400991389,1580,554.0,8184.0,9548.0,8994.0,7630.0,9000,True
16,Fixed_75pct,10,QUALITY_CRITICAL,2,12,0.75,0.1821763515472412,0.8458974828004237,1580,935.0,5456.0,6820.0,5885.0,4521.0,3000,False
16,Fixed_100pct,1,BANDWIDTH_EFFICIENT,3,16,1.0,0.05899834632873535,0.9442885378119174,2096,953.0,1776.8,3553.6,2600.6,823.8,13000,True
16,Fixed_100pct,2,QUALITY_CRITICAL,3,16,1.0,0.08832014352083206,0.9188472766523397,2096,22.0,5330.4,7107.2,7085.2,5308.4,4000,False
16,Fixed_100pct,3,BALANCED,3,16,1.0,0.05910457298159599,0.9441938270408893,2096,55.0,3553.6,5330.4,5275.4,3498.6,12000,True
16,Fixed_100pct,4,BALANCED,3,16,1.0,0.057198431342840195,0.9458962200027222,2096,298.0,12437.599999999999,14214.399999999998,13916.399999999998,12139.599999999999,5000,False
16,Fixed_100pct,5,BALANCED,3,16,1.0,0.21265730261802673,0.8246352847099364,2096,113.0,8884.0,10660.8,10547.8,8771.0,13000,True
16,Fixed_100pct,6,BALANCED,3,16,1.0,0.0501314252614975,0.9522617607134135,2096,314.0,14214.399999999998,15991.199999999997,15677.199999999997,13900.399999999998,11000,False
16,Fixed_100pct,7,BALANCED,3,16,1.0,0.10552293062210083,0.9045493063063641,2096,0.0,0.0,1776.8,1776.8,0.0,4000,True
16,Fixed_100pct,8,BALANCED,3,16,1.0,0.25874659419059753,0.7944410770326831,2096,493.0,15991.199999999997,17767.999999999996,17274.999999999996,15498.199999999997,3000,False
16,Fixed_100pct,9,LATENCY_CRITICAL,3,16,1.0,0.09004642069339752,0.9173921229555366,2096,554.0,10660.8,12437.599999999999,11883.599999999999,10106.8,9000,False
16,Fixed_100pct,10,QUALITY_CRITICAL,3,16,1.0,0.07247231900691986,0.9324249980885033,2096,935.0,7107.2,8884.0,7949.0,6172.2,3000,False
16,PPO_Raw,1,BANDWIDTH_EFFICIENT,0,4,0.25,0.32640302181243896,0.7539186684252034,548,953.0,6083.999999999999,6622.399999999999,5669.399999999999,5130.999999999999,13000,True
16,PPO_Raw,2,QUALITY_CRITICAL,2,12,0.75,0.13877665996551514,0.8781353141100401,1580,22.0,538.4,1902.4,1880.4,516.4,4000,True
16,PPO_Raw,3,BALANCED,0,4,0.25,0.45293888449668884,0.6882601950228685,548,55.0,1902.4,2440.8,2385.8,1847.4,12000,True
16,PPO_Raw,4,BALANCED,0,4,0.25,0.7974416017532349,0.5563463085669066,548,298.0,2979.2000000000003,3517.6000000000004,3219.6000000000004,2681.2000000000003,5000,True
16,PPO_Raw,5,BALANCED,0,4,0.25,0.5801945328712463,0.6328334766371956,548,113.0,2440.8,2979.2000000000003,2866.2000000000003,2327.8,13000,True
16,PPO_Raw,6,BALANCED,0,4,0.25,0.48954352736473083,0.6713466116489922,548,314.0,4468.8,5007.2,4693.2,4154.8,11000,True
16,PPO_Raw,7,BALANCED,0,4,0.25,0.5648583173751831,0.6390354889619344,548,0.0,0.0,538.4,538.4,0.0,4000,True
16,PPO_Raw,8,BALANCED,0,4,0.25,2.0543246269226074,0.32740462201869897,548,493.0,5545.599999999999,6083.999999999999,5590.999999999999,5052.599999999999,3000,False
16,PPO_Raw,9,LATENCY_CRITICAL,0,4,0.25,0.717903733253479,0.5821047947233541,548,554.0,5007.2,5545.599999999999,4991.599999999999,4453.2,9000,True
16,PPO_Raw,10,QUALITY_CRITICAL,1,8,0.5,0.3212563097476959,0.7568554205738913,1064,935.0,3517.6000000000004,4468.8,3533.8,2582.6000000000004,3000,False
16,PPO_Orchestrated,1,BANDWIDTH_EFFICIENT,0,4,0.25,0.32640302181243896,0.7539186684252034,548,953.0,6496.799999999999,7035.199999999999,6082.199999999999,5543.799999999999,13000,True
16,PPO_Orchestrated,2,QUALITY_CRITICAL,2,12,0.75,0.13877665996551514,0.8781353141100401,1580,22.0,538.4,1902.4,1880.4,516.4,4000,True
16,PPO_Orchestrated,3,BALANCED,0,4,0.25,0.45293888449668884,0.6882601950228685,548,55.0,1902.4,2440.8,2385.8,1847.4,12000,True
16,PPO_Orchestrated,4,BALANCED,0,4,0.25,0.7974416017532349,0.5563463085669066,548,298.0,4881.6,5420.0,5122.0,4583.6,5000,False
16,PPO_Orchestrated,5,BALANCED,0,4,0.25,0.5801945328712463,0.6328334766371956,548,113.0,2979.2000000000003,3517.6000000000004,3404.6000000000004,2866.2000000000003,13000,True
16,PPO_Orchestrated,6,BALANCED,0,4,0.25,0.48954352736473083,0.6713466116489922,548,314.0,2440.8,2979.2000000000003,2665.2000000000003,2126.8,11000,True
16,PPO_Orchestrated,7,BALANCED,0,4,0.25,0.5648583173751831,0.6390354889619344,548,0.0,0.0,538.4,538.4,0.0,4000,True
16,PPO_Orchestrated,8,BALANCED,0,4,0.25,2.0543246269226074,0.32740462201869897,548,493.0,5958.4,6496.799999999999,6003.799999999999,5465.4,3000,False
16,PPO_Orchestrated,9,LATENCY_CRITICAL,0,4,0.25,0.717903733253479,0.5821047947233541,548,554.0,5420.0,5958.4,5404.4,4866.0,9000,True
16,PPO_Orchestrated,10,QUALITY_CRITICAL,2,12,0.75,0.1821763515472412,0.8458974828004237,1580,935.0,3517.6000000000004,4881.6,3946.6000000000004,2582.6000000000004,3000,False
17,Fixed_25pct,1,QUALITY_CRITICAL,0,4,0.25,2.924548864364624,0.2548063572555104,548,461.0,3306.4,3844.8,3383.8,2845.4,7000,True
17,Fixed_25pct,2,BANDWIDTH_EFFICIENT,0,4,0.25,0.741851806640625,0.5741016521541076,548,795.0,4383.2,4921.599999999999,4126.599999999999,3588.2,11000,True
17,Fixed_25pct,3,LATENCY_CRITICAL,0,4,0.25,0.6294925212860107,0.6136879960705746,548,382.0,2768.0,3306.4,2924.4,2386.0,2000,False
17,Fixed_25pct,4,BANDWIDTH_EFFICIENT,0,4,0.25,0.5546401143074036,0.6432356857365042,548,398.0,1152.8,1691.1999999999998,1293.1999999999998,754.8,2000,True
17,Fixed_25pct,5,BANDWIDTH_EFFICIENT,0,4,0.25,0.8503103852272034,0.5404498661327072,548,253.0,614.4,1152.8,899.8,361.4,3000,True
17,Fixed_25pct,6,QUALITY_CRITICAL,0,4,0.25,0.5173239707946777,0.6590550332347703,548,256.0,1691.1999999999998,2229.6,1973.6,1435.1999999999998,10000,True
17,Fixed_25pct,7,BALANCED,0,4,0.25,0.6123670935630798,0.6202061577616025,548,314.0,2229.6,2768.0,2454.0,1915.6,4000,True
17,Fixed_25pct,8,BANDWIDTH_EFFICIENT,0,4,0.25,1.18607759475708,0.45744030422265103,548,847.0,4921.599999999999,5459.999999999999,4612.999999999999,4074.5999999999995,8000,True
17,Fixed_25pct,9,BANDWIDTH_EFFICIENT,0,4,0.25,0.9392905831336975,0.5156524807046199,548,76.0,76.0,614.4,538.4,0.0,4000,True
17,Fixed_25pct,10,BALANCED,0,4,0.25,1.2350157499313354,0.4474241400897162,548,576.0,3844.8,4383.2,3807.2,3268.8,4000,True
17,Fixed_50pct,1,QUALITY_CRITICAL,1,8,0.5,1.769665002822876,0.3610544953923265,1064,461.0,3880.7999999999993,4831.999999999999,4370.999999999999,3419.7999999999993,7000,True
17,Fixed_50pct,2,BANDWIDTH_EFFICIENT,1,8,0.5,0.35312747955322266,0.739028668851054,1064,795.0,7685.5999999999985,8636.8,7841.799999999999,6890.5999999999985,11000,True
17,Fixed_50pct,3,LATENCY_CRITICAL,1,8,0.5,0.3251483738422394,0.7546324771923625,1064,382.0,1027.1999999999998,1978.3999999999996,1596.3999999999996,645.1999999999998,2000,True
17,Fixed_50pct,4,BANDWIDTH_EFFICIENT,1,8,0.5,0.3936939835548401,0.7175176271116128,1064,398.0,1978.3999999999996,2929.5999999999995,2531.5999999999995,1580.3999999999996,2000,False
17,Fixed_50pct,5,BANDWIDTH_EFFICIENT,1,8,0.5,0.392861545085907,0.7179464488254813,1064,253.0,2929.5999999999995,3880.7999999999993,3627.7999999999993,2676.5999999999995,3000,False
17,Fixed_50pct,6,QUALITY_CRITICAL,1,8,0.5,0.16707980632781982,0.856839433411558,1064,256.0,4831.999999999999,5783.199999999999,5527.199999999999,4575.999999999999,10000,True
17,Fixed_50pct,7,BALANCED,1,8,0.5,0.3226796090602875,0.7560409891783704,1064,314.0,8636.8,9588.0,9274.0,8322.8,4000,False
17,Fixed_50pct,8,BANDWIDTH_EFFICIENT,1,8,0.5,0.7118117213249207,0.5841763948350656,1064,847.0,5783.199999999999,6734.399999999999,5887.399999999999,4936.199999999999,8000,True
17,Fixed_50pct,9,BANDWIDTH_EFFICIENT,1,8,0.5,0.7211462259292603,0.5810081589436669,1064,76.0,76.0,1027.1999999999998,951.1999999999998,0.0,4000,True
17,Fixed_50pct,10,BALANCED,1,8,0.5,0.452850341796875,0.6883021404415317,1064,576.0,6734.399999999999,7685.5999999999985,7109.5999999999985,6158.399999999999,4000,False
17,Fixed_75pct,1,QUALITY_CRITICAL,2,12,0.75,0.9048275351524353,0.5249819112468753,1580,461.0,9624.0,10988.0,10527.0,9163.0,7000,False
17,Fixed_75pct,2,BANDWIDTH_EFFICIENT,2,12,0.75,0.13590669631958008,0.8803539967147587,1580,795.0,8260.0,9624.0,8829.0,7465.0,11000,True
17,Fixed_75pct,3,LATENCY_CRITICAL,2,12,0.75,0.12206431478261948,0.8912145113479816,1580,382.0,12352.0,13716.0,13334.0,11970.0,2000,False
17,Fixed_75pct,4,BANDWIDTH_EFFICIENT,2,12,0.75,0.17136459052562714,0.853705164120822,1580,398.0,2804.0,4168.0,3770.0,2406.0,2000,False
17,Fixed_75pct,5,BANDWIDTH_EFFICIENT,2,12,0.75,0.18643102049827576,0.8428640036569689,1580,253.0,4168.0,5532.0,5279.0,3915.0,3000,False
17,Fixed_75pct,6,QUALITY_CRITICAL,2,12,0.75,0.06687086820602417,0.9373205603425374,1580,256.0,5532.0,6896.0,6640.0,5276.0,10000,True
17,Fixed_75pct,7,BALANCED,2,12,0.75,0.2124723643064499,0.8247610662631581,1580,314.0,10988.0,12352.0,12038.0,10674.0,4000,False
17,Fixed_75pct,8,BANDWIDTH_EFFICIENT,2,12,0.75,0.4465672969818115,0.6912917235765309,1580,847.0,1440.0,2804.0,1957.0,593.0,8000,True
17,Fixed_75pct,9,BANDWIDTH_EFFICIENT,2,12,0.75,0.4092622697353363,0.7095911254246543,1580,76.0,76.0,1440.0,1364.0,0.0,4000,True
17,Fixed_75pct,10,BALANCED,2,12,0.75,0.1976512372493744,0.834967617364704,1580,576.0,6896.0,8260.0,7684.0,6320.0,4000,False
17,Fixed_100pct,1,QUALITY_CRITICAL,3,16,1.0,0.4550248086452484,0.6872735049315654,2096,461.0,12513.599999999999,14290.399999999998,13829.399999999998,12052.599999999999,7000,False
17,Fixed_100pct,2,BANDWIDTH_EFFICIENT,3,16,1.0,0.06117141991853714,0.9423548177322444,2096,795.0,16067.199999999997,17843.999999999996,17048.999999999996,15272.199999999997,11000,False
17,Fixed_100pct,3,LATENCY_CRITICAL,3,16,1.0,0.07063503563404083,0.9340251035291312,2096,382.0,10736.8,12513.599999999999,12131.599999999999,10354.8,2000,False
17,Fixed_100pct,4,BANDWIDTH_EFFICIENT,3,16,1.0,0.1274976134300232,0.8869198374246171,2096,398.0,3629.6,5406.4,5008.4,3231.6,2000,False
17,Fixed_100pct,5,BANDWIDTH_EFFICIENT,3,16,1.0,0.09938134253025055,0.90960248397383,2096,253.0,5406.4,7183.2,6930.2,5153.4,3000,False
17,Fixed_100pct,6,QUALITY_CRITICAL,3,16,1.0,0.04729405418038368,0.9548416664912739,2096,256.0,7183.2,8960.0,8704.0,6927.2,10000,True
17,Fixed_100pct,7,BALANCED,3,16,1.0,0.15606175363063812,0.8650056944272029,2096,314.0,8960.0,10736.8,10422.8,8646.0,4000,False
17,Fixed_100pct,8,BANDWIDTH_EFFICIENT,3,16,1.0,0.1989811509847641,0.8340414686074639,2096,847.0,1852.8,3629.6,2782.6,1005.8,8000,True
17,Fixed_100pct,9,BANDWIDTH_EFFICIENT,3,16,1.0,0.16687233746051788,0.8569917787033287,2096,76.0,76.0,1852.8,1776.8,0.0,4000,True
17,Fixed_100pct,10,BALANCED,3,16,1.0,0.09270773082971573,0.9151577972644883,2096,576.0,14290.399999999998,16067.199999999997,15491.199999999997,13714.399999999998,4000,False
17,PPO_Raw,1,QUALITY_CRITICAL,0,4,0.25,2.924548864364624,0.2548063572555104,548,461.0,3306.4,3844.8,3383.8,2845.4,7000,True
17,PPO_Raw,2,BANDWIDTH_EFFICIENT,0,4,0.25,0.741851806640625,0.5741016521541076,548,795.0,4383.2,4921.599999999999,4126.599999999999,3588.2,11000,True
17,PPO_Raw,3,LATENCY_CRITICAL,0,4,0.25,0.6294925212860107,0.6136879960705746,548,382.0,2768.0,3306.4,2924.4,2386.0,2000,False
17,PPO_Raw,4,BANDWIDTH_EFFICIENT,0,4,0.25,0.5546401143074036,0.6432356857365042,548,398.0,1152.8,1691.1999999999998,1293.1999999999998,754.8,2000,True
17,PPO_Raw,5,BANDWIDTH_EFFICIENT,0,4,0.25,0.8503103852272034,0.5404498661327072,548,253.0,614.4,1152.8,899.8,361.4,3000,True
17,PPO_Raw,6,QUALITY_CRITICAL,0,4,0.25,0.5173239707946777,0.6590550332347703,548,256.0,1691.1999999999998,2229.6,1973.6,1435.1999999999998,10000,True
17,PPO_Raw,7,BALANCED,0,4,0.25,0.6123670935630798,0.6202061577616025,548,314.0,2229.6,2768.0,2454.0,1915.6,4000,True
17,PPO_Raw,8,BANDWIDTH_EFFICIENT,0,4,0.25,1.18607759475708,0.45744030422265103,548,847.0,4921.599999999999,5459.999999999999,4612.999999999999,4074.5999999999995,8000,True
17,PPO_Raw,9,BANDWIDTH_EFFICIENT,0,4,0.25,0.9392905831336975,0.5156524807046199,548,76.0,76.0,614.4,538.4,0.0,4000,True
17,PPO_Raw,10,BALANCED,0,4,0.25,1.2350157499313354,0.4474241400897162,548,576.0,3844.8,4383.2,3807.2,3268.8,4000,True
17,PPO_Orchestrated,1,QUALITY_CRITICAL,2,12,0.75,0.9048275351524353,0.5249819112468753,1580,461.0,1691.1999999999998,3055.2,2594.2,1230.1999999999998,7000,True
17,PPO_Orchestrated,2,BANDWIDTH_EFFICIENT,0,4,0.25,0.741851806640625,0.5741016521541076,548,795.0,4006.3999999999996,4544.799999999999,3749.7999999999993,3211.3999999999996,11000,True
17,PPO_Orchestrated,3,LATENCY_CRITICAL,0,4,0.25,0.6294925212860107,0.6136879960705746,548,382.0,5083.199999999999,5621.5999999999985,5239.5999999999985,4701.199999999999,2000,False
17,PPO_Orchestrated,4,BANDWIDTH_EFFICIENT,0,4,0.25,0.5546401143074036,0.6432356857365042,548,398.0,1152.8,1691.1999999999998,1293.1999999999998,754.8,2000,True
17,PPO_Orchestrated,5,BANDWIDTH_EFFICIENT,0,4,0.25,0.8503103852272034,0.5404498661327072,548,253.0,614.4,1152.8,899.8,361.4,3000,True
17,PPO_Orchestrated,6,QUALITY_CRITICAL,2,12,0.75,0.06687086820602417,0.9373205603425374,1580,256.0,6159.999999999998,7523.999999999998,7267.999999999998,5903.999999999998,10000,True
17,PPO_Orchestrated,7,BALANCED,0,4,0.25,0.6123670935630798,0.6202061577616025,548,314.0,5621.5999999999985,6159.999999999998,5845.999999999998,5307.5999999999985,4000,False
17,PPO_Orchestrated,8,BANDWIDTH_EFFICIENT,0,4,0.25,1.18607759475708,0.45744030422265103,548,847.0,4544.799999999999,5083.199999999999,4236.199999999999,3697.7999999999993,8000,True
17,PPO_Orchestrated,9,BANDWIDTH_EFFICIENT,0,4,0.25,0.9392905831336975,0.5156524807046199,548,76.0,76.0,614.4,538.4,0.0,4000,True
17,PPO_Orchestrated,10,BALANCED,1,8,0.5,0.452850341796875,0.6883021404415317,1064,576.0,3055.2,4006.3999999999996,3430.3999999999996,2479.2,4000,True
18,Fixed_25pct,1,QUALITY_CRITICAL,0,4,0.25,0.7029078602790833,0.5872308322284177,548,509.0,2156.6,2695.0,2186.0,1647.6,8000,True
18,Fixed_25pct,2,BANDWIDTH_EFFICIENT,0,4,0.25,0.4782075881958008,0.6764949713324985,548,412.0,541.4,1079.8,667.8,129.39999999999998,13000,True
18,Fixed_25pct,3,BALANCED,0,4,0.25,0.747947096824646,0.5720996944453405,548,3.0,3.0,541.4,538.4,0.0,15000,True
18,Fixed_25pct,4,BALANCED,0,4,0.25,1.0688594579696655,0.483358111227806,548,813.0,4848.599999999999,5386.999999999999,4573.999999999999,4035.5999999999995,9000,True
18,Fixed_25pct,5,BALANCED,0,4,0.25,0.9411440491676331,0.5151601193269517,548,965.0,3233.4,3771.8,2806.8,2268.4,3000,True
18,Fixed_25pct,6,QUALITY_CRITICAL,0,4,0.25,0.7741037607192993,0.5636648893605616,548,655.0,3771.8,4310.2,3655.2,3116.8,2000,False
18,Fixed_25pct,7,BALANCED,0,4,0.25,1.2188390493392944,0.45068613710299127,548,500.0,1618.1999999999998,2156.6,1656.6,1118.1999999999998,7000,True
18,Fixed_25pct,8,LATENCY_CRITICAL,0,4,0.25,0.9568500518798828,0.5110253588614683,548,486.0,1079.8,1618.1999999999998,1132.1999999999998,593.8,7000,True
18,Fixed_25pct,9,BALANCED,0,4,0.25,1.0369023084640503,0.4909415615293114,548,715.0,4310.2,4848.599999999999,4133.599999999999,3595.2,12000,True
18,Fixed_25pct,10,BANDWIDTH_EFFICIENT,0,4,0.25,0.39125367999076843,0.7187761760361601,548,647.0,2695.0,3233.4,2586.4,2048.0,13000,True
18,Fixed_50pct,1,QUALITY_CRITICAL,1,8,0.5,0.26910200715065,0.787958725433876,1064,509.0,954.1999999999999,1905.3999999999999,1396.3999999999999,445.19999999999993,8000,True
18,Fixed_50pct,2,BANDWIDTH_EFFICIENT,1,8,0.5,0.20574891567230225,0.8293600657666106,1064,412.0,4759.0,5710.2,5298.2,4347.0,13000,True
18,Fixed_50pct,3,BALANCED,1,8,0.5,0.3727465867996216,0.7284665717737231,1064,3.0,3.0,954.1999999999999,951.1999999999999,0.0,15000,True
18,Fixed_50pct,4,BALANCED,1,8,0.5,0.6797435283660889,0.5953289791642863,1064,813.0,5710.2,6661.4,5848.4,4897.2,9000,True
18,Fixed_50pct,5,BALANCED,1,8,0.5,0.5524092316627502,0.6441600446609833,1064,965.0,3807.7999999999997,4759.0,3794.0,2842.7999999999997,3000,False
18,Fixed_50pct,6,QUALITY_CRITICAL,1,8,0.5,0.5267123579978943,0.6550022306175498,1064,655.0,2856.6,3807.7999999999997,3152.7999999999997,2201.6,2000,False
18,Fixed_50pct,7,BALANCED,1,8,0.5,0.805341362953186,0.5539118642715831,1064,500.0,6661.4,7612.599999999999,7112.599999999999,6161.4,7000,False
18,Fixed_50pct,8,LATENCY_CRITICAL,1,8,0.5,0.48346081376075745,0.6740993700163038,1064,486.0,8563.8,9515.0,9029.0,8077.799999999999,7000,False
18,Fixed_50pct,9,BALANCED,1,8,0.5,0.44168949127197266,0.6936306368701632,1064,715.0,7612.599999999999,8563.8,7848.799999999999,6897.599999999999,12000,True
18,Fixed_50pct,10,BANDWIDTH_EFFICIENT,1,8,0.5,0.1295609027147293,0.8852997634714965,1064,647.0,1905.3999999999999,2856.6,2209.6,1258.3999999999999,13000,True
18,Fixed_75pct,1,QUALITY_CRITICAL,2,12,0.75,0.15751153230667114,0.863922278171359,1580,509.0,10915.0,12279.0,11770.0,10406.0,8000,False
18,Fixed_75pct,2,BANDWIDTH_EFFICIENT,2,12,0.75,0.13716281950473785,0.8793815475215101,1580,412.0,6823.0,8187.0,7775.0,6411.0,13000,True
18,Fixed_75pct,3,BALANCED,2,12,0.75,0.1250419020652771,0.8888557823173221,1580,3.0,3.0,1367.0,1364.0,0.0,15000,True
18,Fixed_75pct,4,BALANCED,2,12,0.75,0.2910781800746918,0.7745464336963295,1580,813.0,8187.0,9551.0,8738.0,7374.0,9000,True
18,Fixed_75pct,5,BALANCED,2,12,0.75,0.18187682330608368,0.8461118623196987,1580,965.0,4095.0,5459.0,4494.0,3130.0,3000,False
18,Fixed_75pct,6,QUALITY_CRITICAL,2,12,0.75,0.32456380128860474,0.7549655207451297,1580,655.0,12279.0,13643.0,12988.0,11624.0,2000,False
18,Fixed_75pct,7,BALANCED,2,12,0.75,0.29458025097846985,0.7724511471916707,1580,500.0,2731.0,4095.0,3595.0,2231.0,7000,True
18,Fixed_75pct,8,LATENCY_CRITICAL,2,12,0.75,0.2735278308391571,0.7852203742898,1580,486.0,1367.0,2731.0,2245.0,881.0,7000,True
18,Fixed_75pct,9,BALANCED,2,12,0.75,0.24617977440357208,0.8024524394793721,1580,715.0,9551.0,10915.0,10200.0,8836.0,12000,True
18,Fixed_75pct,10,BANDWIDTH_EFFICIENT,2,12,0.75,0.08456110209226608,0.9220319611968969,1580,647.0,5459.0,6823.0,6176.0,4812.0,13000,True
18,Fixed_100pct,1,QUALITY_CRITICAL,3,16,1.0,0.0603913813829422,0.9430480269424852,2096,509.0,10663.8,12440.599999999999,11931.599999999999,10154.8,8000,False
18,Fixed_100pct,2,BANDWIDTH_EFFICIENT,3,16,1.0,0.08016890287399292,0.9257811415782398,2096,412.0,5333.4,7110.2,6698.2,4921.4,13000,True
18,Fixed_100pct,3,BALANCED,3,16,1.0,0.09473568201065063,0.9134625064594095,2096,3.0,3.0,1779.8,1776.8,0.0,15000,True
18,Fixed_100pct,4,BALANCED,3,16,1.0,0.10024526715278625,0.9088882541506397,2096,813.0,7110.2,8887.0,8074.0,6297.2,9000,True
18,Fixed_100pct,5,BALANCED,3,16,1.0,0.0778428167104721,0.9277790643462793,2096,965.0,1779.8,3556.6,2591.6,814.8,3000,True
18,Fixed_100pct,6,QUALITY_CRITICAL,3,16,1.0,0.17837944626808167,0.8486230841576472,2096,655.0,14217.399999999998,15994.199999999997,15339.199999999997,13562.399999999998,2000,False
18,Fixed_100pct,7,BALANCED,3,16,1.0,0.11543029546737671,0.8965150077629815,2096,500.0,3556.6,5333.4,4833.4,3056.6,7000,True
18,Fixed_100pct,8,LATENCY_CRITICAL,3,16,1.0,0.1447741687297821,0.8735347348984818,2096,486.0,8887.0,10663.8,10177.8,8401.0,7000,False
18,Fixed_100pct,9,BALANCED,3,16,1.0,0.1689523309469223,0.8554668770709746,2096,715.0,15994.199999999997,17770.999999999996,17055.999999999996,15279.199999999997,12000,False
18,Fixed_100pct,10,BANDWIDTH_EFFICIENT,3,16,1.0,0.039398714900016785,0.9620947050104764,2096,647.0,12440.599999999999,14217.399999999998,13570.399999999998,11793.599999999999,13000,False
18,PPO_Raw,1,QUALITY_CRITICAL,2,12,0.75,0.15751153230667114,0.863922278171359,1580,509.0,2569.4,3933.4,3424.4,2060.4,8000,True
18,PPO_Raw,2,BANDWIDTH_EFFICIENT,0,4,0.25,0.4782075881958008,0.6764949713324985,548,412.0,954.1999999999999,1492.6,1080.6,542.1999999999999,13000,True
18,PPO_Raw,3,BALANCED,1,8,0.5,0.3727465867996216,0.7284665717737231,1064,3.0,3.0,954.1999999999999,951.1999999999999,0.0,15000,True
18,PPO_Raw,4,BALANCED,0,4,0.25,1.0688594579696655,0.483358111227806,548,813.0,3933.4,4471.8,3658.8,3120.4,9000,True
18,PPO_Raw,5,BALANCED,0,4,0.25,0.9411440491676331,0.5151601193269517,548,965.0,4471.8,5010.2,4045.2,3506.8,3000,False
18,PPO_Raw,6,QUALITY_CRITICAL,0,4,0.25,0.7741037607192993,0.5636648893605616,548,655.0,6086.999999999999,6625.399999999999,5970.399999999999,5431.999999999999,2000,False
18,PPO_Raw,7,BALANCED,0,4,0.25,1.2188390493392944,0.45068613710299127,548,500.0,2031.0,2569.4,2069.4,1531.0,7000,True
18,PPO_Raw,8,LATENCY_CRITICAL,0,4,0.25,0.9568500518798828,0.5110253588614683,548,486.0,1492.6,2031.0,1545.0,1006.5999999999999,7000,True
18,PPO_Raw,9,BALANCED,0,4,0.25,1.0369023084640503,0.4909415615293114,548,715.0,5548.599999999999,6086.999999999999,5371.999999999999,4833.599999999999,12000,True
18,PPO_Raw,10,BANDWIDTH_EFFICIENT,0,4,0.25,0.39125367999076843,0.7187761760361601,548,647.0,5010.2,5548.599999999999,4901.599999999999,4363.2,13000,True
18,PPO_Orchestrated,1,QUALITY_CRITICAL,2,12,0.75,0.15751153230667114,0.863922278171359,1580,509.0,2569.4,3933.4,3424.4,2060.4,8000,True
18,PPO_Orchestrated,2,BANDWIDTH_EFFICIENT,0,4,0.25,0.4782075881958008,0.6764949713324985,548,412.0,954.1999999999999,1492.6,1080.6,542.1999999999999,13000,True
18,PPO_Orchestrated,3,BALANCED,1,8,0.5,0.3727465867996216,0.7284665717737231,1064,3.0,3.0,954.1999999999999,951.1999999999999,0.0,15000,True
18,PPO_Orchestrated,4,BALANCED,0,4,0.25,1.0688594579696655,0.483358111227806,548,813.0,3933.4,4471.8,3658.8,3120.4,9000,True
18,PPO_Orchestrated,5,BALANCED,0,4,0.25,0.9411440491676331,0.5151601193269517,548,965.0,4471.8,5010.2,4045.2,3506.8,3000,False
18,PPO_Orchestrated,6,QUALITY_CRITICAL,2,12,0.75,0.32456380128860474,0.7549655207451297,1580,655.0,6086.999999999999,7450.999999999999,6795.999999999999,5431.999999999999,2000,False
18,PPO_Orchestrated,7,BALANCED,0,4,0.25,1.2188390493392944,0.45068613710299127,548,500.0,2031.0,2569.4,2069.4,1531.0,7000,True
18,PPO_Orchestrated,8,LATENCY_CRITICAL,0,4,0.25,0.9568500518798828,0.5110253588614683,548,486.0,1492.6,2031.0,1545.0,1006.5999999999999,7000,True
18,PPO_Orchestrated,9,BALANCED,0,4,0.25,1.0369023084640503,0.4909415615293114,548,715.0,5548.599999999999,6086.999999999999,5371.999999999999,4833.599999999999,12000,True
18,PPO_Orchestrated,10,BANDWIDTH_EFFICIENT,0,4,0.25,0.39125367999076843,0.7187761760361601,548,647.0,5010.2,5548.599999999999,4901.599999999999,4363.2,13000,True
19,Fixed_25pct,1,BALANCED,0,4,0.25,0.6014701724052429,0.6244262411070093,548,302.0,3237.4,3775.8,3473.8,2935.4,14000,True
19,Fixed_25pct,2,BANDWIDTH_EFFICIENT,0,4,0.25,0.6056241393089294,0.6228107659308151,548,296.0,2160.6,2699.0,2403.0,1864.6,3000,True
19,Fixed_25pct,3,BALANCED,0,4,0.25,0.6728746294975281,0.5977734268708256,548,413.0,3775.8,4314.2,3901.2,3362.8,3000,False
19,Fixed_25pct,4,BANDWIDTH_EFFICIENT,0,4,0.25,0.8202747106552124,0.5493676279444917,548,653.0,4852.599999999999,5390.999999999999,4737.999999999999,4199.599999999999,8000,True
19,Fixed_25pct,5,BALANCED,0,4,0.25,1.0421394109725952,0.48968253324279026,548,7.0,7.0,545.4,538.4,0.0,12000,True
19,Fixed_25pct,6,BALANCED,0,4,0.25,0.5432577133178711,0.6479799137696103,548,196.0,1622.1999999999998,2160.6,1964.6,1426.1999999999998,4000,True
19,Fixed_25pct,7,BANDWIDTH_EFFICIENT,0,4,0.25,0.6108689308166504,0.6207829705257506,548,151.0,1083.8,1622.1999999999998,1471.1999999999998,932.8,12000,True
19,Fixed_25pct,8,BALANCED,0,4,0.25,0.6709189414978027,0.5984730767990489,548,500.0,4314.2,4852.599999999999,4352.599999999999,3814.2,5000,True
19,Fixed_25pct,9,BALANCED,0,4,0.25,0.5127849578857422,0.6610324850120093,548,583.0,2699.0,3237.4,2654.4,2116.0,4000,True
19,Fixed_25pct,10,QUALITY_CRITICAL,0,4,0.25,0.5041813254356384,0.6648134656972834,548,92.0,545.4,1083.8,991.8,453.4,4000,True
19,Fixed_50pct,1,BALANCED,1,8,0.5,0.3013802170753479,0.7684149389079744,1064,302.0,7616.599999999999,8567.8,8265.8,7314.599999999999,14000,True
19,Fixed_50pct,2,BANDWIDTH_EFFICIENT,1,8,0.5,0.2982235252857208,0.7702833761080659,1064,296.0,958.1999999999999,1909.3999999999999,1613.3999999999999,662.1999999999999,3000,True
19,Fixed_50pct,3,BALANCED,1,8,0.5,0.41738641262054443,0.7055239073098939,1064,413.0,8567.8,9519.0,9106.0,8154.799999999999,3000,False
19,Fixed_50pct,4,BANDWIDTH_EFFICIENT,1,8,0.5,0.21358650922775269,0.8240038863289069,1064,653.0,2860.6,3811.7999999999997,3158.7999999999997,2207.6,8000,True
19,Fixed_50pct,5,BALANCED,1,8,0.5,0.6716546416282654,0.5982096870355684,1064,7.0,7.0,958.1999999999999,951.1999999999999,0.0,12000,True
19,Fixed_50pct,6,BALANCED,1,8,0.5,0.2095702886581421,0.8267398838883249,1064,196.0,4763.0,5714.2,5518.2,4567.0,4000,False
19,Fixed_50pct,7,BANDWIDTH_EFFICIENT,1,8,0.5,0.14144162833690643,0.8760850972791412,1064,151.0,6665.4,7616.599999999999,7465.599999999999,6514.4,12000,True
19,Fixed_50pct,8,BALANCED,1,8,0.5,0.3923180103302002,0.7182267216114236,1064,500.0,5714.2,6665.4,6165.4,5214.2,5000,False
19,Fixed_50pct,9,BALANCED,1,8,0.5,0.2796851396560669,0.7814422227867426,1064,583.0,3811.7999999999997,4763.0,4180.0,3228.7999999999997,4000,False
19,Fixed_50pct,10,QUALITY_CRITICAL,1,8,0.5,0.20611880719661713,0.8291057183034073,1064,92.0,1909.3999999999999,2860.6,2768.6,1817.3999999999999,4000,True
19,Fixed_75pct,1,BALANCED,2,12,0.75,0.1246483325958252,0.8891668364384432,1580,302.0,9555.0,10919.0,10617.0,9253.0,14000,True
19,Fixed_75pct,2,BANDWIDTH_EFFICIENT,2,12,0.75,0.1709730178117752,0.8539906426441178,1580,296.0,10919.0,12283.0,11987.0,10623.0,3000,False
19,Fixed_75pct,3,BALANCED,2,12,0.75,0.2775461971759796,0.7827505590095322,1580,413.0,12283.0,13647.0,13234.0,11870.0,3000,False
19,Fixed_75pct,4,BANDWIDTH_EFFICIENT,2,12,0.75,0.06403165310621262,0.9398216651550864,1580,653.0,1371.0,2735.0,2082.0,718.0,8000,True
19,Fixed_75pct,5,BALANCED,2,12,0.75,0.36560213565826416,0.7322777065795726,1580,7.0,7.0,1371.0,1364.0,0.0,12000,True
19,Fixed_75pct,6,BALANCED,2,12,0.75,0.051531169563531876,0.9509941587514507,1580,196.0,6827.0,8191.0,7995.0,6631.0,4000,False
19,Fixed_75pct,7,BANDWIDTH_EFFICIENT,2,12,0.75,0.04020087793469429,0.9613527744616861,1580,151.0,2735.0,4099.0,3948.0,2584.0,12000,True
19,Fixed_75pct,8,BALANCED,2,12,0.75,0.18749764561653137,0.8421069327516979,1580,500.0,8191.0,9555.0,9055.0,7691.0,5000,False
19,Fixed_75pct,9,BALANCED,2,12,0.75,0.12353310734033585,0.890049428420701,1580,583.0,5463.0,6827.0,6244.0,4880.0,4000,False
19,Fixed_75pct,10,QUALITY_CRITICAL,2,12,0.75,0.056615617126226425,0.9464179629672623,1580,92.0,4099.0,5463.0,5371.0,4007.0,4000,False
19,Fixed_100pct,1,BALANCED,3,16,1.0,0.07416196912527084,0.9309582993469191,2096,302.0,3560.6,5337.4,5035.4,3258.6,14000,True
19,Fixed_100pct,2,BANDWIDTH_EFFICIENT,3,16,1.0,0.06456852704286575,0.939347702470387,2096,296.0,14221.399999999998,15998.199999999997,15702.199999999997,13925.399999999998,3000,False
19,Fixed_100pct,3,BALANCED,3,16,1.0,0.21906808018684387,0.8202987316727481,2096,413.0,15998.199999999997,17774.999999999996,17361.999999999996,15585.199999999997,3000,False
19,Fixed_100pct,4,BANDWIDTH_EFFICIENT,3,16,1.0,0.041076209396123886,0.960544474049647,2096,653.0,1783.8,3560.6,2907.6,1130.8,8000,True
19,Fixed_100pct,5,BALANCED,3,16,1.0,0.20032061636447906,0.8331107425520954,2096,7.0,7.0,1783.8,1776.8,0.0,12000,True
19,Fixed_100pct,6,BALANCED,3,16,1.0,0.042450517416000366,0.9592781463419237,2096,196.0,8891.0,10667.8,10471.8,8695.0,4000,False
19,Fixed_100pct,7,BANDWIDTH_EFFICIENT,3,16,1.0,0.031069379299879074,0.9698668392994311,2096,151.0,7114.2,8891.0,8740.0,6963.2,12000,True
19,Fixed_100pct,8,BALANCED,3,16,1.0,0.11530652642250061,0.8966144968304255,2096,500.0,12444.599999999999,14221.399999999998,13721.399999999998,11944.599999999999,5000,False
19,Fixed_100pct,9,BALANCED,3,16,1.0,0.07421255111694336,0.9309144628409166,2096,583.0,10667.8,12444.599999999999,11861.599999999999,10084.8,4000,False
19,Fixed_100pct,10,QUALITY_CRITICAL,3,16,1.0,0.03265800699591637,0.9683748087220849,2096,92.0,5337.4,7114.2,7022.2,5245.4,4000,False
19,PPO_Raw,1,BALANCED,0,4,0.25,0.6014701724052429,0.6244262411070093,548,302.0,1083.8,1622.1999999999998,1320.1999999999998,781.8,14000,True
19,PPO_Raw,2,BANDWIDTH_EFFICIENT,0,4,0.25,0.6056241393089294,0.6228107659308151,548,296.0,4601.4,5139.799999999999,4843.799999999999,4305.4,3000,False
19,PPO_Raw,3,BALANCED,0,4,0.25,0.6728746294975281,0.5977734268708256,548,413.0,1622.1999999999998,2160.6,1747.6,1209.1999999999998,3000,True
19,PPO_Raw,4,BANDWIDTH_EFFICIENT,0,4,0.25,0.8202747106552124,0.5493676279444917,548,653.0,4063.0,4601.4,3948.3999999999996,3410.0,8000,True
19,PPO_Raw,5,BALANCED,0,4,0.25,1.0421394109725952,0.48968253324279026,548,7.0,7.0,545.4,538.4,0.0,12000,True
19,PPO_Raw,6,BALANCED,0,4,0.25,0.5432577133178711,0.6479799137696103,548,196.0,5678.199999999999,6216.5999999999985,6020.5999999999985,5482.199999999999,4000,False
19,PPO_Raw,7,BANDWIDTH_EFFICIENT,0,4,0.25,0.6108689308166504,0.6207829705257506,548,151.0,2160.6,2699.0,2548.0,2009.6,12000,True
19,PPO_Raw,8,BALANCED,0,4,0.25,0.6709189414978027,0.5984730767990489,548,500.0,5139.799999999999,5678.199999999999,5178.199999999999,4639.799999999999,5000,False
19,PPO_Raw,9,BALANCED,2,12,0.75,0.12353310734033585,0.890049428420701,1580,583.0,2699.0,4063.0,3480.0,2116.0,4000,True
19,PPO_Raw,10,QUALITY_CRITICAL,0,4,0.25,0.5041813254356384,0.6648134656972834,548,92.0,545.4,1083.8,991.8,453.4,4000,True
19,PPO_Orchestrated,1,BALANCED,0,4,0.25,0.6014701724052429,0.6244262411070093,548,302.0,1083.8,1622.1999999999998,1320.1999999999998,781.8,14000,True
19,PPO_Orchestrated,2,BANDWIDTH_EFFICIENT,0,4,0.25,0.6056241393089294,0.6228107659308151,548,296.0,545.4,1083.8,787.8,249.39999999999998,3000,True
19,PPO_Orchestrated,3,BALANCED,0,4,0.25,0.6728746294975281,0.5977734268708256,548,413.0,1622.1999999999998,2160.6,1747.6,1209.1999999999998,3000,True
19,PPO_Orchestrated,4,BANDWIDTH_EFFICIENT,0,4,0.25,0.8202747106552124,0.5493676279444917,548,653.0,5139.799999999999,5678.199999999999,5025.199999999999,4486.799999999999,8000,True
19,PPO_Orchestrated,5,BALANCED,0,4,0.25,1.0421394109725952,0.48968253324279026,548,7.0,7.0,545.4,538.4,0.0,12000,True
19,PPO_Orchestrated,6,BALANCED,0,4,0.25,0.5432577133178711,0.6479799137696103,548,196.0,4063.0,4601.4,4405.4,3867.0,4000,False
19,PPO_Orchestrated,7,BANDWIDTH_EFFICIENT,0,4,0.25,0.6108689308166504,0.6207829705257506,548,151.0,4601.4,5139.799999999999,4988.799999999999,4450.4,12000,True
19,PPO_Orchestrated,8,BALANCED,0,4,0.25,0.6709189414978027,0.5984730767990489,548,500.0,2160.6,2699.0,2199.0,1660.6,5000,True
19,PPO_Orchestrated,9,BALANCED,2,12,0.75,0.12353310734033585,0.890049428420701,1580,583.0,2699.0,4063.0,3480.0,2116.0,4000,True
19,PPO_Orchestrated,10,QUALITY_CRITICAL,2,12,0.75,0.056615617126226425,0.9464179629672623,1580,92.0,5678.199999999999,7042.199999999999,6950.199999999999,5586.199999999999,4000,False
20,Fixed_25pct,1,BALANCED,0,4,0.25,0.9515342712402344,0.5124173399037888,548,607.0,3288.4,3826.8,3219.8,2681.4,3000,False
20,Fixed_25pct,2,BANDWIDTH_EFFICIENT,0,4,0.25,0.5063567161560059,0.6638533816557399,548,765.0,4903.599999999999,5441.999999999999,4676.999999999999,4138.599999999999,7000,True
20,Fixed_25pct,3,BALANCED,0,4,0.25,0.8425605297088623,0.5427230117417131,548,58.0,58.0,596.4,538.4,0.0,2000,True
20,Fixed_25pct,4,BANDWIDTH_EFFICIENT,0,4,0.25,3.191143274307251,0.23859838105040415,548,657.0,3826.8,4365.2,3708.2,3169.8,9000,True
20,Fixed_25pct,5,QUALITY_CRITICAL,0,4,0.25,0.6795439720153809,0.5953997136496777,548,456.0,2750.0,3288.4,2832.4,2294.0,5000,True
20,Fixed_25pct,6,BANDWIDTH_EFFICIENT,0,4,0.25,0.8577196002006531,0.5382943690167179,548,423.0,2211.6,2750.0,2327.0,1788.6,8000,True
20,Fixed_25pct,7,BALANCED,0,4,0.25,0.6294379234313965,0.6137085590190037,548,337.0,1673.1999999999998,2211.6,1874.6,1336.1999999999998,14000,True
20,Fixed_25pct,8,BANDWIDTH_EFFICIENT,0,4,0.25,0.7967385649681091,0.5565639985123542,548,68.0,596.4,1134.8,1066.8,528.4,15000,True
20,Fixed_25pct,9,BALANCED,0,4,0.25,0.517492413520813,0.6589818776621413,548,746.0,4365.2,4903.599999999999,4157.599999999999,3619.2,15000,True
20,Fixed_25pct,10,QUALITY_CRITICAL,0,4,0.25,0.7464122772216797,0.5726024794047332,548,299.0,1134.8,1673.1999999999998,1374.1999999999998,835.8,13000,True
20,Fixed_50pct,1,BALANCED,1,8,0.5,0.5900322198867798,0.6289180731640811,1064,607.0,2911.6,3862.7999999999997,3255.7999999999997,2304.6,3000,False
20,Fixed_50pct,2,BANDWIDTH_EFFICIENT,1,8,0.5,0.24519270658493042,0.80308854582244,1064,765.0,5765.2,6716.4,5951.4,5000.2,7000,True
20,Fixed_50pct,3,BALANCED,1,8,0.5,0.6143609881401062,0.6194401421655344,1064,58.0,58.0,1009.1999999999999,951.1999999999999,0.0,2000,True
20,Fixed_50pct,4,BANDWIDTH_EFFICIENT,1,8,0.5,2.089825391769409,0.3236428837253303,1064,657.0,7667.599999999999,8618.8,7961.799999999999,7010.599999999999,9000,True
20,Fixed_50pct,5,QUALITY_CRITICAL,1,8,0.5,0.2182019203901291,0.8208819763473613,1064,456.0,1960.3999999999999,2911.6,2455.6,1504.3999999999999,5000,True
20,Fixed_50pct,6,BANDWIDTH_EFFICIENT,1,8,0.5,0.43337541818618774,0.6976539344210418,1064,423.0,1009.1999999999999,1960.3999999999999,1537.3999999999999,586.1999999999999,8000,True
20,Fixed_50pct,7,BALANCED,1,8,0.5,0.33139416575431824,0.7510923704802607,1064,337.0,6716.4,7667.599999999999,7330.599999999999,6379.4,14000,True
20,Fixed_50pct,8,BANDWIDTH_EFFICIENT,1,8,0.5,0.2843219041824341,0.7786209958293704,1064,68.0,3862.7999999999997,4814.0,4746.0,3794.7999999999997,15000,True
20,Fixed_50pct,9,BALANCED,1,8,0.5,0.21695005893707275,0.8217264074693709,1064,746.0,8618.8,9570.0,8824.0,7872.799999999999,15000,True
20,Fixed_50pct,10,QUALITY_CRITICAL,1,8,0.5,0.43483102321624756,0.6969461795985207,1064,299.0,4814.0,5765.2,5466.2,4515.0,13000,True
20,Fixed_75pct,1,BALANCED,2,12,0.75,0.21058587729930878,0.8260463125762676,1580,607.0,12334.0,13698.0,13091.0,11727.0,3000,False
20,Fixed_75pct,2,BANDWIDTH_EFFICIENT,2,12,0.75,0.1295137256383896,0.8853367403169982,1580,765.0,9606.0,10970.0,10205.0,8841.0,7000,False
20,Fixed_75pct,3,BALANCED,2,12,0.75,0.3305564820766449,0.7515652386580883,1580,58.0,58.0,1422.0,1364.0,0.0,2000,True
20,Fixed_75pct,4,BANDWIDTH_EFFICIENT,2,12,0.75,0.9956151247024536,0.5010986274966723,1580,657.0,1422.0,2786.0,2129.0,765.0,9000,True
20,Fixed_75pct,5,QUALITY_CRITICAL,2,12,0.75,0.046766746789216995,0.955322666742456,1580,456.0,10970.0,12334.0,11878.0,10514.0,5000,False
20,Fixed_75pct,6,BANDWIDTH_EFFICIENT,2,12,0.75,0.2815069854259491,0.7803312907167795,1580,423.0,5514.0,6878.0,6455.0,5091.0,8000,True
20,Fixed_75pct,7,BALANCED,2,12,0.75,0.17184783518314362,0.8533531146078482,1580,337.0,4150.0,5514.0,5177.0,3813.0,14000,True
20,Fixed_75pct,8,BANDWIDTH_EFFICIENT,2,12,0.75,0.15653763711452484,0.864649768333459,1580,68.0,8242.0,9606.0,9538.0,8174.0,15000,True
20,Fixed_75pct,9,BALANCED,2,12,0.75,0.10577740520238876,0.9043411407171695,1580,746.0,2786.0,4150.0,3404.0,2040.0,15000,True
20,Fixed_75pct,10,QUALITY_CRITICAL,2,12,0.75,0.19668447971343994,0.8356421571034846,1580,299.0,6878.0,8242.0,7943.0,6579.0,13000,True
20,Fixed_100pct,1,BALANCED,3,16,1.0,0.10025433450937271,0.9088807638698572,2096,607.0,7165.2,8942.0,8335.0,6558.2,3000,False
20,Fixed_100pct,2,BANDWIDTH_EFFICIENT,3,16,1.0,0.08868482708930969,0.9185394846308127,2096,765.0,16049.199999999997,17825.999999999996,17060.999999999996,15284.199999999997,7000,False
20,Fixed_100pct,3,BALANCED,3,16,1.0,0.11218714714050293,0.8991292540747818,2096,58.0,58.0,1834.8,1776.8,0.0,2000,True
20,Fixed_100pct,4,BANDWIDTH_EFFICIENT,3,16,1.0,0.6534330248832703,0.6048022417301109,2096,657.0,14272.399999999998,16049.199999999997,15392.199999999997,13615.399999999998,9000,False
20,Fixed_100pct,5,QUALITY_CRITICAL,3,16,1.0,0.02302956022322178,0.9774888613988859,2096,456.0,5388.4,7165.2,6709.2,4932.4,5000,False
20,Fixed_100pct,6,BANDWIDTH_EFFICIENT,3,16,1.0,0.20541033148765564,0.8295930222912983,2096,423.0,3611.6,5388.4,4965.4,3188.6,8000,True
20,Fixed_100pct,7,BALANCED,3,16,1.0,0.0942976102232933,0.913828185913655,2096,337.0,1834.8,3611.6,3274.6,1497.8,14000,True
20,Fixed_100pct,8,BANDWIDTH_EFFICIENT,3,16,1.0,0.06845881044864655,0.9359275156148503,2096,68.0,8942.0,10718.8,10650.8,8874.0,15000,True
20,Fixed_100pct,9,BALANCED,3,16,1.0,0.0712992325425148,0.9334460154766467,2096,746.0,12495.599999999999,14272.399999999998,13526.399999999998,11749.599999999999,15000,True
20,Fixed_100pct,10,QUALITY_CRITICAL,3,16,1.0,0.09991170465946198,0.9091638863044965,2096,299.0,10718.8,12495.599999999999,12196.599999999999,10419.8,13000,True
20,PPO_Raw,1,BALANCED,1,8,0.5,0.5900322198867798,0.6289180731640811,1064,607.0,3826.8,4778.0,4171.0,3219.8,3000,False
20,PPO_Raw,2,BANDWIDTH_EFFICIENT,0,4,0.25,0.5063567161560059,0.6638533816557399,548,765.0,3288.4,3826.8,3061.8,2523.4,7000,True
20,PPO_Raw,3,BALANCED,0,4,0.25,0.8425605297088623,0.5427230117417131,548,58.0,58.0,596.4,538.4,0.0,2000,True
20,PPO_Raw,4,BANDWIDTH_EFFICIENT,0,4,0.25,3.191143274307251,0.23859838105040415,548,657.0,4778.0,5316.4,4659.4,4121.0,9000,True
20,PPO_Raw,5,QUALITY_CRITICAL,0,4,0.25,0.6795439720153809,0.5953997136496777,548,456.0,2750.0,3288.4,2832.4,2294.0,5000,True
20,PPO_Raw,6,BANDWIDTH_EFFICIENT,0,4,0.25,0.8577196002006531,0.5382943690167179,548,423.0,2211.6,2750.0,2327.0,1788.6,8000,True
20,PPO_Raw,7,BALANCED,0,4,0.25,0.6294379234313965,0.6137085590190037,548,337.0,1673.1999999999998,2211.6,1874.6,1336.1999999999998,14000,True
20,PPO_Raw,8,BANDWIDTH_EFFICIENT,0,4,0.25,0.7967385649681091,0.5565639985123542,548,68.0,596.4,1134.8,1066.8,528.4,15000,True
20,PPO_Raw,9,BALANCED,0,4,0.25,0.517492413520813,0.6589818776621413,548,746.0,5316.4,5854.799999999999,5108.799999999999,4570.4,15000,True
20,PPO_Raw,10,QUALITY_CRITICAL,0,4,0.25,0.7464122772216797,0.5726024794047332,548,299.0,1134.8,1673.1999999999998,1374.1999999999998,835.8,13000,True
20,PPO_Orchestrated,1,BALANCED,1,8,0.5,0.5900322198867798,0.6289180731640811,1064,607.0,6554.799999999998,7505.999999999998,6898.999999999998,5947.799999999998,3000,False
20,PPO_Orchestrated,2,BANDWIDTH_EFFICIENT,0,4,0.25,0.5063567161560059,0.6638533816557399,548,765.0,4939.599999999999,5477.999999999999,4712.999999999999,4174.599999999999,7000,True
20,PPO_Orchestrated,3,BALANCED,0,4,0.25,0.8425605297088623,0.5427230117417131,548,58.0,58.0,596.4,538.4,0.0,2000,True
20,PPO_Orchestrated,4,BANDWIDTH_EFFICIENT,0,4,0.25,3.191143274307251,0.23859838105040415,548,657.0,5477.999999999999,6016.399999999999,5359.399999999999,4820.999999999999,9000,True
20,PPO_Orchestrated,5,QUALITY_CRITICAL,2,12,0.75,0.046766746789216995,0.955322666742456,1580,456.0,1134.8,2498.8,2042.8000000000002,678.8,5000,True
20,PPO_Orchestrated,6,BANDWIDTH_EFFICIENT,0,4,0.25,0.8577196002006531,0.5382943690167179,548,423.0,4401.2,4939.599999999999,4516.599999999999,3978.2,8000,True
20,PPO_Orchestrated,7,BALANCED,0,4,0.25,0.6294379234313965,0.6137085590190037,548,337.0,3862.8,4401.2,4064.2,3525.8,14000,True
20,PPO_Orchestrated,8,BANDWIDTH_EFFICIENT,0,4,0.25,0.7967385649681091,0.5565639985123542,548,68.0,596.4,1134.8,1066.8,528.4,15000,True
20,PPO_Orchestrated,9,BALANCED,0,4,0.25,0.517492413520813,0.6589818776621413,548,746.0,6016.399999999999,6554.799999999998,5808.799999999998,5270.399999999999,15000,True
20,PPO_Orchestrated,10,QUALITY_CRITICAL,2,12,0.75,0.19668447971343994,0.8356421571034846,1580,299.0,2498.8,3862.8,3563.8,2199.8,13000,True
21,Fixed_25pct,1,LATENCY_CRITICAL,0,4,0.25,0.6095075607299805,0.6213080475039566,548,487.0,2486.6,3025.0,2538.0,1999.6,10000,True
21,Fixed_25pct,2,BALANCED,0,4,0.25,0.5129300355911255,0.660969097364297,548,397.0,1409.8,1948.1999999999998,1551.1999999999998,1012.8,3000,True
21,Fixed_25pct,3,BALANCED,0,4,0.25,0.757125735282898,0.5691112365609964,548,920.0,5178.599999999999,5716.999999999999,4796.999999999999,4258.599999999999,6000,True
21,Fixed_25pct,4,BANDWIDTH_EFFICIENT,0,4,0.25,0.7667511105537415,0.5660106814290194,548,340.0,871.4,1409.8,1069.8,531.4,10000,True
21,Fixed_25pct,5,BANDWIDTH_EFFICIENT,0,4,0.25,0.513721764087677,0.6606233878144059,548,853.0,4101.8,4640.2,3787.2,3248.8,4000,True
21,Fixed_25pct,6,BANDWIDTH_EFFICIENT,0,4,0.25,0.7284192442893982,0.5785633336957713,548,915.0,4640.2,5178.599999999999,4263.599999999999,3725.2,14000,True
21,Fixed_25pct,7,QUALITY_CRITICAL,0,4,0.25,0.3799446225166321,0.724666761030077,548,736.0,1948.1999999999998,2486.6,1750.6,1212.1999999999998,5000,True
21,Fixed_25pct,8,BALANCED,0,4,0.25,0.37752318382263184,0.7259405952246817,548,333.0,333.0,871.4,538.4,0.0,4000,True
21,Fixed_25pct,9,BALANCED,0,4,0.25,0.5599232316017151,0.6410571877778941,548,516.0,3025.0,3563.4,3047.4,2509.0,8000,True
21,Fixed_25pct,10,BALANCED,0,4,0.25,2.319115400314331,0.3012850953917712,548,549.0,3563.4,4101.8,3552.8,3014.4,15000,True
21,Fixed_50pct,1,LATENCY_CRITICAL,1,8,0.5,0.1741209328174591,0.8517010233352771,1064,487.0,8893.8,9845.0,9358.0,8406.8,10000,True
21,Fixed_50pct,2,BALANCED,1,8,0.5,0.32083627581596375,0.7570961051794531,1064,397.0,1284.1999999999998,2235.3999999999996,1838.3999999999996,887.1999999999998,3000,True
21,Fixed_50pct,3,BALANCED,1,8,0.5,0.2674202620983124,0.7890042710414165,1064,920.0,2235.3999999999996,3186.5999999999995,2266.5999999999995,1315.3999999999996,6000,True
21,Fixed_50pct,4,BANDWIDTH_EFFICIENT,1,8,0.5,0.2576417326927185,0.7951390081966463,1064,340.0,6991.399999999999,7942.5999999999985,7602.5999999999985,6651.399999999999,10000,True
21,Fixed_50pct,5,BANDWIDTH_EFFICIENT,1,8,0.5,0.16761592030525208,0.8564460132905417,1064,853.0,6040.199999999999,6991.399999999999,6138.399999999999,5187.199999999999,4000,False
21,Fixed_50pct,6,BANDWIDTH_EFFICIENT,1,8,0.5,0.48940080404281616,0.6714109441096103,1064,915.0,3186.5999999999995,4137.799999999999,3222.7999999999993,2271.5999999999995,14000,True
21,Fixed_50pct,7,QUALITY_CRITICAL,1,8,0.5,0.23504213988780975,0.8096889714960165,1064,736.0,5088.999999999999,6040.199999999999,5304.199999999999,4352.999999999999,5000,False
21,Fixed_50pct,8,BALANCED,1,8,0.5,0.2354743927717209,0.8094056872814283,1064,333.0,333.0,1284.1999999999998,951.1999999999998,0.0,4000,True
21,Fixed_50pct,9,BALANCED,1,8,0.5,0.05553711578249931,0.947384971165767,1064,516.0,4137.799999999999,5088.999999999999,4572.999999999999,3621.7999999999993,8000,True
21,Fixed_50pct,10,BALANCED,1,8,0.5,0.870017409324646,0.5347543798328319,1064,549.0,7942.5999999999985,8893.8,8344.8,7393.5999999999985,15000,True
21,Fixed_75pct,1,LATENCY_CRITICAL,2,12,0.75,0.09874947369098663,0.910125578163636,1580,487.0,7153.0,8517.0,8030.0,6666.0,10000,True
21,Fixed_75pct,2,BALANCED,2,12,0.75,0.13041988015174866,0.8846270466030366,1580,397.0,1697.0,3061.0,2664.0,1300.0,3000,True
21,Fixed_75pct,3,BALANCED,2,12,0.75,0.13859036564826965,0.8782789931922869,1580,920.0,8517.0,9881.0,8961.0,7597.0,6000,False
21,Fixed_75pct,4,BANDWIDTH_EFFICIENT,2,12,0.75,0.1142696961760521,0.8974487984657552,1580,340.0,4425.0,5789.0,5449.0,4085.0,10000,True
21,Fixed_75pct,5,BANDWIDTH_EFFICIENT,2,12,0.75,0.1086808368563652,0.9019728372283164,1580,853.0,12609.0,13973.0,13120.0,11756.0,4000,False
21,Fixed_75pct,6,BANDWIDTH_EFFICIENT,2,12,0.75,0.1864536851644516,0.8428479025385575,1580,915.0,3061.0,4425.0,3510.0,2146.0,14000,True
21,Fixed_75pct,7,QUALITY_CRITICAL,2,12,0.75,0.08445737510919571,0.9221201523935493,1580,736.0,9881.0,11245.0,10509.0,9145.0,5000,False
21,Fixed_75pct,8,BALANCED,2,12,0.75,0.08040069788694382,0.9255825194817144,1580,333.0,333.0,1697.0,1364.0,0.0,4000,True
21,Fixed_75pct,9,BALANCED,2,12,0.75,0.03077174723148346,0.9701468852690887,1580,516.0,11245.0,12609.0,12093.0,10729.0,8000,False
21,Fixed_75pct,10,BALANCED,2,12,0.75,0.37790095806121826,0.7257415666558897,1580,549.0,5789.0,7153.0,6604.0,5240.0,15000,True
21,Fixed_100pct,1,LATENCY_CRITICAL,3,16,1.0,0.05928952619433403,0.9440289696742863,2096,487.0,7440.200000000001,9217.0,8730.0,6953.200000000001,10000,True
21,Fixed_100pct,2,BALANCED,3,16,1.0,0.05879946053028107,0.9444659137804694,2096,397.0,5663.400000000001,7440.200000000001,7043.200000000001,5266.400000000001,3000,False
21,Fixed_100pct,3,BALANCED,3,16,1.0,0.05245039984583855,0.9501635422880533,2096,920.0,2109.8,3886.6000000000004,2966.6000000000004,1189.8000000000002,6000,True
21,Fixed_100pct,4,BANDWIDTH_EFFICIENT,3,16,1.0,0.07171468436717987,0.9330841637114214,2096,340.0,3886.6000000000004,5663.400000000001,5323.400000000001,3546.6000000000004,10000,True
21,Fixed_100pct,5,BANDWIDTH_EFFICIENT,3,16,1.0,0.06500493735074997,0.9389627831092945,2096,853.0,16324.199999999997,18100.999999999996,17247.999999999996,15471.199999999997,4000,False
21,Fixed_100pct,6,BANDWIDTH_EFFICIENT,3,16,1.0,0.15314936637878418,0.8671903477172982,2096,915.0,9217.0,10993.8,10078.8,8302.0,14000,True
21,Fixed_100pct,7,QUALITY_CRITICAL,3,16,1.0,0.0457669273018837,0.9562360157822508,2096,736.0,14547.399999999998,16324.199999999997,15588.199999999997,13811.399999999998,5000,False
21,Fixed_100pct,8,BALANCED,3,16,1.0,0.05956701934337616,0.9437817351277219,2096,333.0,333.0,2109.8,1776.8000000000002,0.0,4000,True
21,Fixed_100pct,9,BALANCED,3,16,1.0,0.02748766355216503,0.9732476948120852,2096,516.0,12770.599999999999,14547.399999999998,14031.399999999998,12254.599999999999,8000,False
21,Fixed_100pct,10,BALANCED,3,16,1.0,0.13978272676467896,0.8773601990254247,2096,549.0,10993.8,12770.599999999999,12221.599999999999,10444.8,15000,True
21,PPO_Raw,1,LATENCY_CRITICAL,0,4,0.25,0.6095075607299805,0.6213080475039566,548,487.0,2486.6,3025.0,2538.0,1999.6,10000,True
21,PPO_Raw,2,BALANCED,0,4,0.25,0.5129300355911255,0.660969097364297,548,397.0,1409.8,1948.1999999999998,1551.1999999999998,1012.8,3000,True
21,PPO_Raw,3,BALANCED,0,4,0.25,0.757125735282898,0.5691112365609964,548,920.0,5178.599999999999,5716.999999999999,4796.999999999999,4258.599999999999,6000,True
21,PPO_Raw,4,BANDWIDTH_EFFICIENT,0,4,0.25,0.7667511105537415,0.5660106814290194,548,340.0,871.4,1409.8,1069.8,531.4,10000,True
21,PPO_Raw,5,BANDWIDTH_EFFICIENT,0,4,0.25,0.513721764087677,0.6606233878144059,548,853.0,4101.8,4640.2,3787.2,3248.8,4000,True
21,PPO_Raw,6,BANDWIDTH_EFFICIENT,0,4,0.25,0.7284192442893982,0.5785633336957713,548,915.0,4640.2,5178.599999999999,4263.599999999999,3725.2,14000,True
21,PPO_Raw,7,QUALITY_CRITICAL,0,4,0.25,0.3799446225166321,0.724666761030077,548,736.0,1948.1999999999998,2486.6,1750.6,1212.1999999999998,5000,True
21,PPO_Raw,8,BALANCED,0,4,0.25,0.37752318382263184,0.7259405952246817,548,333.0,333.0,871.4,538.4,0.0,4000,True
21,PPO_Raw,9,BALANCED,0,4,0.25,0.5599232316017151,0.6410571877778941,548,516.0,3025.0,3563.4,3047.4,2509.0,8000,True
21,PPO_Raw,10,BALANCED,0,4,0.25,2.319115400314331,0.3012850953917712,548,549.0,3563.4,4101.8,3552.8,3014.4,15000,True
21,PPO_Orchestrated,1,LATENCY_CRITICAL,0,4,0.25,0.6095075607299805,0.6213080475039566,548,487.0,3850.6,4389.0,3902.0,3363.6,10000,True
21,PPO_Orchestrated,2,BALANCED,0,4,0.25,0.5129300355911255,0.660969097364297,548,397.0,1409.8,1948.1999999999998,1551.1999999999998,1012.8,3000,True
21,PPO_Orchestrated,3,BALANCED,0,4,0.25,0.757125735282898,0.5691112365609964,548,920.0,6004.199999999999,6542.5999999999985,5622.5999999999985,5084.199999999999,6000,True
21,PPO_Orchestrated,4,BANDWIDTH_EFFICIENT,0,4,0.25,0.7667511105537415,0.5660106814290194,548,340.0,871.4,1409.8,1069.8,531.4,10000,True
21,PPO_Orchestrated,5,BANDWIDTH_EFFICIENT,0,4,0.25,0.513721764087677,0.6606233878144059,548,853.0,3312.2,3850.6,2997.6,2459.2,4000,True
21,PPO_Orchestrated,6,BANDWIDTH_EFFICIENT,0,4,0.25,0.7284192442893982,0.5785633336957713,548,915.0,5465.799999999999,6004.199999999999,5089.199999999999,4550.799999999999,14000,True
21,PPO_Orchestrated,7,QUALITY_CRITICAL,2,12,0.75,0.08445737510919571,0.9221201523935493,1580,736.0,1948.1999999999998,3312.2,2576.2,1212.1999999999998,5000,True
21,PPO_Orchestrated,8,BALANCED,0,4,0.25,0.37752318382263184,0.7259405952246817,548,333.0,333.0,871.4,538.4,0.0,4000,True
21,PPO_Orchestrated,9,BALANCED,0,4,0.25,0.5599232316017151,0.6410571877778941,548,516.0,4389.0,4927.4,4411.4,3873.0,8000,True
21,PPO_Orchestrated,10,BALANCED,0,4,0.25,2.319115400314331,0.3012850953917712,548,549.0,4927.4,5465.799999999999,4916.799999999999,4378.4,15000,True
22,Fixed_25pct,1,BALANCED,0,4,0.25,0.6644625067710876,0.6007945483493725,548,460.0,1098.8,1637.1999999999998,1177.1999999999998,638.8,11000,True
22,Fixed_25pct,2,LATENCY_CRITICAL,0,4,0.25,1.1375104188919067,0.4678339769302288,548,853.0,2175.6,2714.0,1861.0,1322.6,6000,True
22,Fixed_25pct,3,QUALITY_CRITICAL,0,4,0.25,0.6402220726013184,0.6096735415918682,548,236.0,560.4,1098.8,862.8,324.4,9000,True
22,Fixed_25pct,4,LATENCY_CRITICAL,0,4,0.25,0.20185822248458862,0.8320448962213786,548,621.0,3790.8,4329.2,3708.2,3169.8,10000,True
22,Fixed_25pct,5,BALANCED,0,4,0.25,1.0592856407165527,0.48560528963434046,548,521.0,2714.0,3252.4,2731.4,2193.0,12000,True
22,Fixed_25pct,6,BALANCED,0,4,0.25,1.2119625806808472,0.45208721374129107,548,945.0,4329.2,4867.599999999999,3922.5999999999995,3384.2,7000,True
22,Fixed_25pct,7,BALANCED,0,4,0.25,0.6786073446273804,0.5957319340944391,548,489.0,1637.1999999999998,2175.6,1686.6,1148.1999999999998,7000,True
22,Fixed_25pct,8,LATENCY_CRITICAL,0,4,0.25,0.5939309000968933,0.6273797690597573,548,22.0,22.0,560.4,538.4,0.0,5000,True
22,Fixed_25pct,9,BALANCED,0,4,0.25,0.3748945891857147,0.7273284860276109,548,954.0,4867.599999999999,5405.999999999999,4451.999999999999,3913.5999999999995,2000,False
22,Fixed_25pct,10,BANDWIDTH_EFFICIENT,0,4,0.25,0.43303224444389343,0.6978210042915418,548,594.0,3252.4,3790.8,3196.8,2658.4,15000,True
22,Fixed_50pct,1,BALANCED,1,8,0.5,0.14934778213500977,0.8700586676579445,1064,460.0,4778.0,5729.2,5269.2,4318.0,11000,True
22,Fixed_50pct,2,LATENCY_CRITICAL,1,8,0.5,0.4693107604980469,0.6805912179265833,1064,853.0,3826.7999999999997,4778.0,3925.0,2973.7999999999997,6000,True
22,Fixed_50pct,3,QUALITY_CRITICAL,1,8,0.5,0.168925940990448,0.855486190299349,1064,236.0,6680.4,7631.599999999999,7395.599999999999,6444.4,9000,True
22,Fixed_50pct,4,LATENCY_CRITICAL,1,8,0.5,0.08554663509130478,0.9211948779297635,1064,621.0,5729.2,6680.4,6059.4,5108.2,10000,True
22,Fixed_50pct,5,BALANCED,1,8,0.5,0.5902354717254639,0.628837689625275,1064,521.0,7631.599999999999,8582.8,8061.799999999999,7110.599999999999,12000,True
22,Fixed_50pct,6,BALANCED,1,8,0.5,0.6694214344024658,0.5990099200792453,1064,945.0,973.1999999999999,1924.3999999999999,979.3999999999999,28.199999999999932,7000,True
22,Fixed_50pct,7,BALANCED,1,8,0.5,0.3083080053329468,0.7643460071510557,1064,489.0,2875.6,3826.7999999999997,3337.7999999999997,2386.6,7000,True
22,Fixed_50pct,8,LATENCY_CRITICAL,1,8,0.5,0.26076164841651917,0.7931713351655102,1064,22.0,22.0,973.1999999999999,951.1999999999999,0.0,5000,True
22,Fixed_50pct,9,BALANCED,1,8,0.5,0.19341997802257538,0.8379279871424136,1064,954.0,1924.3999999999999,2875.6,1921.6,970.3999999999999,2000,True
22,Fixed_50pct,10,BANDWIDTH_EFFICIENT,1,8,0.5,0.099661685526371,0.9093705938489015,1064,594.0,8582.8,9534.0,8940.0,7988.799999999999,15000,True
22,Fixed_75pct,1,BALANCED,2,12,0.75,0.05716269835829735,0.9459281920871148,1580,460.0,12298.0,13662.0,13202.0,11838.0,11000,False
22,Fixed_75pct,2,LATENCY_CRITICAL,2,12,0.75,0.2626297175884247,0.7919978328325444,1580,853.0,5478.0,6842.0,5989.0,4625.0,6000,True
22,Fixed_75pct,3,QUALITY_CRITICAL,2,12,0.75,0.07916231453418732,0.9266446636728997,1580,236.0,6842.0,8206.0,7970.0,6606.0,9000,True
22,Fixed_75pct,4,LATENCY_CRITICAL,2,12,0.75,0.03756682947278023,0.9637933399510573,1580,621.0,8206.0,9570.0,8949.0,7585.0,10000,True
22,Fixed_75pct,5,BALANCED,2,12,0.75,0.19260823726654053,0.8384983171774841,1580,521.0,9570.0,10934.0,10413.0,9049.0,12000,True
22,Fixed_75pct,6,BALANCED,2,12,0.75,0.2900647819042206,0.77515487131114,1580,945.0,2750.0,4114.0,3169.0,1805.0,7000,True
22,Fixed_75pct,7,BALANCED,2,12,0.75,0.07907118648290634,0.9267229192351724,1580,489.0,1386.0,2750.0,2261.0,897.0,7000,True
22,Fixed_75pct,8,LATENCY_CRITICAL,2,12,0.75,0.09977009147405624,0.9092809558583911,1580,22.0,22.0,1386.0,1364.0,0.0,5000,True
22,Fixed_75pct,9,BALANCED,2,12,0.75,0.10790155082941055,0.902607275214452,1580,954.0,4114.0,5478.0,4524.0,3160.0,2000,False
22,Fixed_75pct,10,BANDWIDTH_EFFICIENT,2,12,0.75,0.03866856172680855,0.962771029034978,1580,594.0,10934.0,12298.0,11704.0,10340.0,15000,True
22,Fixed_100pct,1,BALANCED,3,16,1.0,0.047276146709918976,0.9548579934161207,2096,460.0,7129.2,8906.0,8446.0,6669.2,11000,True
22,Fixed_100pct,2,LATENCY_CRITICAL,3,16,1.0,0.1685933619737625,0.8557296597261111,2096,853.0,16013.199999999997,17789.999999999996,16936.999999999996,15160.199999999997,6000,False
22,Fixed_100pct,3,QUALITY_CRITICAL,3,16,1.0,0.055540066212415695,0.947382323049366,2096,236.0,5352.4,7129.2,6893.2,5116.4,9000,True
22,Fixed_100pct,4,LATENCY_CRITICAL,3,16,1.0,0.028630852699279785,0.9721660568277257,2096,621.0,10682.8,12459.599999999999,11838.599999999999,10061.8,10000,False
22,Fixed_100pct,5,BALANCED,3,16,1.0,0.04813242703676224,0.9540779143978588,2096,521.0,14236.399999999998,16013.199999999997,15492.199999999997,13715.399999999998,12000,False
22,Fixed_100pct,6,BALANCED,3,16,1.0,0.16160078346729279,0.8608809620591625,2096,945.0,3575.6,5352.4,4407.4,2630.6,7000,True
22,Fixed_100pct,7,BALANCED,3,16,1.0,0.027928495779633522,0.9728303127169842,2096,489.0,1798.8,3575.6,3086.6,1309.8,7000,True
22,Fixed_100pct,8,LATENCY_CRITICAL,3,16,1.0,0.038967203348875046,0.9624942893064641,2096,22.0,22.0,1798.8,1776.8,0.0,5000,True
22,Fixed_100pct,9,BALANCED,3,16,1.0,0.06291725486516953,0.9408070058349457,2096,954.0,8906.0,10682.8,9728.8,7952.0,2000,False
22,Fixed_100pct,10,BANDWIDTH_EFFICIENT,3,16,1.0,0.025688346475362778,0.9749550177072429,2096,594.0,12459.599999999999,14236.399999999998,13642.399999999998,11865.599999999999,15000,True
22,PPO_Raw,1,BALANCED,0,4,0.25,0.6644625067710876,0.6007945483493725,548,460.0,560.4,1098.8,638.8,100.39999999999998,11000,True
22,PPO_Raw,2,LATENCY_CRITICAL,0,4,0.25,1.1375104188919067,0.4678339769302288,548,853.0,2714.0,3252.4,2399.4,1861.0,6000,True
22,PPO_Raw,3,QUALITY_CRITICAL,2,12,0.75,0.07916231453418732,0.9266446636728997,1580,236.0,3790.8,5154.8,4918.8,3554.8,9000,True
22,PPO_Raw,4,LATENCY_CRITICAL,0,4,0.25,0.20185822248458862,0.8320448962213786,548,621.0,5693.2,6231.599999999999,5610.599999999999,5072.2,10000,True
22,PPO_Raw,5,BALANCED,0,4,0.25,1.0592856407165527,0.48560528963434046,548,521.0,2175.6,2714.0,2193.0,1654.6,12000,True
22,PPO_Raw,6,BALANCED,0,4,0.25,1.2119625806808472,0.45208721374129107,548,945.0,3252.4,3790.8,2845.8,2307.4,7000,True
22,PPO_Raw,7,BALANCED,0,4,0.25,0.6786073446273804,0.5957319340944391,548,489.0,1637.1999999999998,2175.6,1686.6,1148.1999999999998,7000,True
22,PPO_Raw,8,LATENCY_CRITICAL,0,4,0.25,0.5939309000968933,0.6273797690597573,548,22.0,22.0,560.4,538.4,0.0,5000,True
22,PPO_Raw,9,BALANCED,0,4,0.25,0.3748945891857147,0.7273284860276109,548,954.0,1098.8,1637.1999999999998,683.1999999999998,144.79999999999995,2000,True
22,PPO_Raw,10,BANDWIDTH_EFFICIENT,0,4,0.25,0.43303224444389343,0.6978210042915418,548,594.0,5154.8,5693.2,5099.2,4560.8,15000,True
22,PPO_Orchestrated,1,BALANCED,0,4,0.25,0.6644625067710876,0.6007945483493725,548,460.0,560.4,1098.8,638.8,100.39999999999998,11000,True
22,PPO_Orchestrated,2,LATENCY_CRITICAL,0,4,0.25,1.1375104188919067,0.4678339769302288,548,853.0,2714.0,3252.4,2399.4,1861.0,6000,True
22,PPO_Orchestrated,3,QUALITY_CRITICAL,2,12,0.75,0.07916231453418732,0.9266446636728997,1580,236.0,3790.8,5154.8,4918.8,3554.8,9000,True
22,PPO_Orchestrated,4,LATENCY_CRITICAL,0,4,0.25,0.20185822248458862,0.8320448962213786,548,621.0,5693.2,6231.599999999999,5610.599999999999,5072.2,10000,True
22,PPO_Orchestrated,5,BALANCED,0,4,0.25,1.0592856407165527,0.48560528963434046,548,521.0,2175.6,2714.0,2193.0,1654.6,12000,True
22,PPO_Orchestrated,6,BALANCED,0,4,0.25,1.2119625806808472,0.45208721374129107,548,945.0,3252.4,3790.8,2845.8,2307.4,7000,True
22,PPO_Orchestrated,7,BALANCED,0,4,0.25,0.6786073446273804,0.5957319340944391,548,489.0,1637.1999999999998,2175.6,1686.6,1148.1999999999998,7000,True
22,PPO_Orchestrated,8,LATENCY_CRITICAL,0,4,0.25,0.5939309000968933,0.6273797690597573,548,22.0,22.0,560.4,538.4,0.0,5000,True
22,PPO_Orchestrated,9,BALANCED,0,4,0.25,0.3748945891857147,0.7273284860276109,548,954.0,1098.8,1637.1999999999998,683.1999999999998,144.79999999999995,2000,True
22,PPO_Orchestrated,10,BANDWIDTH_EFFICIENT,0,4,0.25,0.43303224444389343,0.6978210042915418,548,594.0,5154.8,5693.2,5099.2,4560.8,15000,True
23,Fixed_25pct,1,BALANCED,0,4,0.25,0.5425054430961609,0.6482959295059416,548,108.0,573.4,1111.8,1003.8,465.4,3000,True
23,Fixed_25pct,2,BANDWIDTH_EFFICIENT,0,4,0.25,0.5541715025901794,0.6434296333019888,548,135.0,1650.1999999999998,2188.6,2053.6,1515.1999999999998,6000,True
23,Fixed_25pct,3,BALANCED,0,4,0.25,1.344652771949768,0.42650238532694085,548,35.0,35.0,573.4,538.4,0.0,12000,True
23,Fixed_25pct,4,LATENCY_CRITICAL,0,4,0.25,0.31884944438934326,0.7582366617010043,548,870.0,4342.2,4880.599999999999,4010.5999999999995,3472.2,6000,True
23,Fixed_25pct,5,BANDWIDTH_EFFICIENT,0,4,0.25,0.9787211418151855,0.5053769219257682,548,896.0,4880.599999999999,5418.999999999999,4522.999999999999,3984.5999999999995,3000,False
23,Fixed_25pct,6,QUALITY_CRITICAL,0,4,0.25,0.42261189222335815,0.702932405856055,548,494.0,2727.0,3265.4,2771.4,2233.0,2000,False
23,Fixed_25pct,7,BALANCED,0,4,0.25,0.5970975756645203,0.626135819900622,548,727.0,3803.8,4342.2,3615.2,3076.8,8000,True
23,Fixed_25pct,8,BANDWIDTH_EFFICIENT,0,4,0.25,1.0789333581924438,0.4810158998408026,548,511.0,3265.4,3803.8,3292.8,2754.4,14000,True
23,Fixed_25pct,9,BANDWIDTH_EFFICIENT,0,4,0.25,0.8809928894042969,0.5316341202739454,548,490.0,2188.6,2727.0,2237.0,1698.6,4000,True
23,Fixed_25pct,10,BALANCED,0,4,0.25,0.851987361907959,0.5399604881589352,548,123.0,1111.8,1650.1999999999998,1527.1999999999998,988.8,7000,True
23,Fixed_50pct,1,BALANCED,1,8,0.5,0.31446871161460876,0.7607636386960207,1064,108.0,8595.8,9547.0,9439.0,8487.8,3000,False
23,Fixed_50pct,2,BANDWIDTH_EFFICIENT,1,8,0.5,0.18140527606010437,0.8464495802278139,1064,135.0,6693.4,7644.599999999999,7509.599999999999,6558.4,6000,False
23,Fixed_50pct,3,BALANCED,1,8,0.5,0.9275873303413391,0.5187832396796875,1064,35.0,35.0,986.1999999999999,951.1999999999999,0.0,12000,True
23,Fixed_50pct,4,LATENCY_CRITICAL,1,8,0.5,0.15283919870853424,0.8674236624849745,1064,870.0,1937.3999999999999,2888.6,2018.6,1067.3999999999999,6000,True
23,Fixed_50pct,5,BANDWIDTH_EFFICIENT,1,8,0.5,0.48324576020240784,0.6741971066639268,1064,896.0,2888.6,3839.7999999999997,2943.7999999999997,1992.6,3000,True
23,Fixed_50pct,6,QUALITY_CRITICAL,1,8,0.5,0.15775731205940247,0.8637388765191334,1064,494.0,986.1999999999999,1937.3999999999999,1443.3999999999999,492.19999999999993,2000,True
23,Fixed_50pct,7,BALANCED,1,8,0.5,0.19810736179351807,0.8346497416584108,1064,727.0,3839.7999999999997,4791.0,4064.0,3112.7999999999997,8000,True
23,Fixed_50pct,8,BANDWIDTH_EFFICIENT,1,8,0.5,0.49787241220474243,0.6676136043710719,1064,511.0,5742.2,6693.4,6182.4,5231.2,14000,True
23,Fixed_50pct,9,BANDWIDTH_EFFICIENT,1,8,0.5,0.5101856589317322,0.662170239854731,1064,490.0,7644.599999999999,8595.8,8105.799999999999,7154.599999999999,4000,False
23,Fixed_50pct,10,BALANCED,1,8,0.5,0.16888375580310822,0.8555170649222746,1064,123.0,4791.0,5742.2,5619.2,4668.0,7000,True
23,Fixed_75pct,1,BALANCED,2,12,0.75,0.14005935192108154,0.8771473154576808,1580,108.0,6855.0,8219.0,8111.0,6747.0,3000,False
23,Fixed_75pct,2,BANDWIDTH_EFFICIENT,2,12,0.75,0.07032298296689987,0.9342974185493365,1580,135.0,12311.0,13675.0,13540.0,12176.0,6000,False
23,Fixed_75pct,3,BALANCED,2,12,0.75,0.6541822552680969,0.604528308059941,1580,35.0,35.0,1399.0,1364.0,0.0,12000,True
23,Fixed_75pct,4,LATENCY_CRITICAL,2,12,0.75,0.06204921379685402,0.9415759524221797,1580,870.0,8219.0,9583.0,8713.0,7349.0,6000,False
23,Fixed_75pct,5,BANDWIDTH_EFFICIENT,2,12,0.75,0.26485738158226013,0.7906029680192564,1580,896.0,1399.0,2763.0,1867.0,503.0,3000,True
23,Fixed_75pct,6,QUALITY_CRITICAL,2,12,0.75,0.09368861466646194,0.9143370302935504,1580,494.0,2763.0,4127.0,3633.0,2269.0,2000,False
23,Fixed_75pct,7,BALANCED,2,12,0.75,0.05678523704409599,0.9462660576117354,1580,727.0,5491.0,6855.0,6128.0,4764.0,8000,True
23,Fixed_75pct,8,BANDWIDTH_EFFICIENT,2,12,0.75,0.14720110595226288,0.8716867468236313,1580,511.0,4127.0,5491.0,4980.0,3616.0,14000,True
23,Fixed_75pct,9,BANDWIDTH_EFFICIENT,2,12,0.75,0.26997390389442444,0.7874177547534331,1580,490.0,9583.0,10947.0,10457.0,9093.0,4000,False
23,Fixed_75pct,10,BALANCED,2,12,0.75,0.05455322191119194,0.9482688774945622,1580,123.0,10947.0,12311.0,12188.0,10824.0,7000,False
23,Fixed_100pct,1,BALANCED,3,16,1.0,0.07782559096813202,0.9277938920542543,2096,108.0,5365.4,7142.2,7034.2,5257.4,3000,False
23,Fixed_100pct,2,BANDWIDTH_EFFICIENT,3,16,1.0,0.04396125674247742,0.957889953809539,2096,135.0,8919.0,10695.8,10560.8,8784.0,6000,False
23,Fixed_100pct,3,BALANCED,3,16,1.0,0.47947973012924194,0.6759132819701718,2096,35.0,35.0,1811.8,1776.8,0.0,12000,True
23,Fixed_100pct,4,LATENCY_CRITICAL,3,16,1.0,0.03519366681575775,0.9660028186570992,2096,870.0,16026.199999999997,17802.999999999996,16932.999999999996,15156.199999999997,6000,False
23,Fixed_100pct,5,BANDWIDTH_EFFICIENT,3,16,1.0,0.11498737335205078,0.8968711430279631,2096,896.0,1811.8,3588.6,2692.6,915.8,3000,True
23,Fixed_100pct,6,QUALITY_CRITICAL,3,16,1.0,0.048315852880477905,0.953910977547731,2096,494.0,3588.6,5365.4,4871.4,3094.6,2000,False
23,Fixed_100pct,7,BALANCED,3,16,1.0,0.045126911252737045,0.9568215967201095,2096,727.0,14249.399999999998,16026.199999999997,15299.199999999997,13522.399999999998,8000,False
23,Fixed_100pct,8,BANDWIDTH_EFFICIENT,3,16,1.0,0.06577583402395248,0.938283612816019,2096,511.0,10695.8,12472.599999999999,11961.599999999999,10184.8,14000,True
23,Fixed_100pct,9,BANDWIDTH_EFFICIENT,3,16,1.0,0.17269618809223175,0.8527357811461997,2096,490.0,12472.599999999999,14249.399999999998,13759.399999999998,11982.599999999999,4000,False
23,Fixed_100pct,10,BALANCED,3,16,1.0,0.04368088021874428,0.9581472832868326,2096,123.0,7142.2,8919.0,8796.0,7019.2,7000,False
23,PPO_Raw,1,BALANCED,0,4,0.25,0.5425054430961609,0.6482959295059416,548,108.0,2063.0,2601.4,2493.4,1955.0,3000,True
23,PPO_Raw,2,BANDWIDTH_EFFICIENT,0,4,0.25,0.5541715025901794,0.6434296333019888,548,135.0,3552.6,4091.0,3956.0,3417.6,6000,True
23,PPO_Raw,3,BALANCED,1,8,0.5,0.9275873303413391,0.5187832396796875,1064,35.0,35.0,986.1999999999999,951.1999999999999,0.0,12000,True
23,PPO_Raw,4,LATENCY_CRITICAL,2,12,0.75,0.06204921379685402,0.9415759524221797,1580,870.0,5706.199999999999,7070.199999999999,6200.199999999999,4836.199999999999,6000,False
23,PPO_Raw,5,BANDWIDTH_EFFICIENT,0,4,0.25,0.9787211418151855,0.5053769219257682,548,896.0,5167.799999999999,5706.199999999999,4810.199999999999,4271.799999999999,3000,False
23,PPO_Raw,6,QUALITY_CRITICAL,0,4,0.25,0.42261189222335815,0.702932405856055,548,494.0,1524.6,2063.0,1569.0,1030.6,2000,True
23,PPO_Raw,7,BALANCED,0,4,0.25,0.5970975756645203,0.626135819900622,548,727.0,4629.4,5167.799999999999,4440.799999999999,3902.3999999999996,8000,True
23,PPO_Raw,8,BANDWIDTH_EFFICIENT,0,4,0.25,1.0789333581924438,0.4810158998408026,548,511.0,4091.0,4629.4,4118.4,3580.0,14000,True
23,PPO_Raw,9,BANDWIDTH_EFFICIENT,0,4,0.25,0.8809928894042969,0.5316341202739454,548,490.0,986.1999999999999,1524.6,1034.6,496.19999999999993,4000,True
23,PPO_Raw,10,BALANCED,1,8,0.5,0.16888375580310822,0.8555170649222746,1064,123.0,2601.4,3552.6,3429.6,2478.4,7000,True
23,PPO_Orchestrated,1,BALANCED,0,4,0.25,0.5425054430961609,0.6482959295059416,548,108.0,7357.4,7895.799999999999,7787.799999999999,7249.4,3000,False
23,PPO_Orchestrated,2,BANDWIDTH_EFFICIENT,0,4,0.25,0.5541715025901794,0.6434296333019888,548,135.0,3427.0,3965.4,3830.4,3292.0,6000,True
23,PPO_Orchestrated,3,BALANCED,1,8,0.5,0.9275873303413391,0.5187832396796875,1064,35.0,35.0,986.1999999999999,951.1999999999999,0.0,12000,True
23,PPO_Orchestrated,4,LATENCY_CRITICAL,2,12,0.75,0.06204921379685402,0.9415759524221797,1580,870.0,4503.8,5867.8,4997.8,3633.8,6000,True
23,PPO_Orchestrated,5,BANDWIDTH_EFFICIENT,0,4,0.25,0.9787211418151855,0.5053769219257682,548,896.0,2888.6,3427.0,2531.0,1992.6,3000,True
23,PPO_Orchestrated,6,QUALITY_CRITICAL,2,12,0.75,0.09368861466646194,0.9143370302935504,1580,494.0,1524.6,2888.6,2394.6,1030.6,2000,False
23,PPO_Orchestrated,7,BALANCED,0,4,0.25,0.5970975756645203,0.626135819900622,548,727.0,3965.4,4503.8,3776.8,3238.4,8000,True
23,PPO_Orchestrated,8,BANDWIDTH_EFFICIENT,0,4,0.25,1.0789333581924438,0.4810158998408026,548,511.0,6819.0,7357.4,6846.4,6308.0,14000,True
23,PPO_Orchestrated,9,BANDWIDTH_EFFICIENT,0,4,0.25,0.8809928894042969,0.5316341202739454,548,490.0,986.1999999999999,1524.6,1034.6,496.19999999999993,4000,True
23,PPO_Orchestrated,10,BALANCED,1,8,0.5,0.16888375580310822,0.8555170649222746,1064,123.0,5867.8,6819.0,6696.0,5744.8,7000,True
24,Fixed_25pct,1,BANDWIDTH_EFFICIENT,0,4,0.25,0.9342530965805054,0.5169954241085942,548,104.0,1094.8,1633.1999999999998,1529.1999999999998,990.8,3000,True
24,Fixed_25pct,2,BALANCED,0,4,0.25,0.3314449191093445,0.7510637395867183,548,616.0,2710.0,3248.4,2632.4,2094.0,6000,True
24,Fixed_25pct,3,BALANCED,0,4,0.25,2.308466911315918,0.3022547986137354,548,18.0,18.0,556.4,538.4,0.0,14000,True
24,Fixed_25pct,4,BALANCED,0,4,0.25,0.3307283818721771,0.7514681535484488,548,113.0,1633.1999999999998,2171.6,2058.6,1520.1999999999998,15000,True
24,Fixed_25pct,5,BALANCED,0,4,0.25,0.644427478313446,0.6081143821712452,548,720.0,3786.8,4325.2,3605.2,3066.8,2000,False
24,Fixed_25pct,6,BALANCED,0,4,0.25,0.33059602975845337,0.7515429008017803,548,490.0,2171.6,2710.0,2220.0,1681.6,6000,True
24,Fixed_25pct,7,BALANCED,0,4,0.25,1.7513519525527954,0.36345768089472047,548,719.0,3248.4,3786.8,3067.8,2529.4,3000,False
24,Fixed_25pct,8,BANDWIDTH_EFFICIENT,0,4,0.25,0.6369507908821106,0.6108919129212954,548,735.0,4325.2,4863.599999999999,4128.599999999999,3590.2,6000,True
24,Fixed_25pct,9,BANDWIDTH_EFFICIENT,0,4,0.25,2.172701835632324,0.3151887734198945,548,913.0,4863.599999999999,5401.999999999999,4488.999999999999,3950.5999999999995,10000,True
24,Fixed_25pct,10,BALANCED,0,4,0.25,0.5453687906265259,0.6470947297923484,548,75.0,556.4,1094.8,1019.8,481.4,6000,True
24,Fixed_50pct,1,BANDWIDTH_EFFICIENT,1,8,0.5,0.37671780586242676,0.7263652694413748,1064,104.0,6676.4,7627.599999999999,7523.599999999999,6572.4,3000,False
24,Fixed_50pct,2,BALANCED,1,8,0.5,0.2305724024772644,0.8126299582104236,1064,616.0,1920.3999999999999,2871.6,2255.6,1304.3999999999999,6000,True
24,Fixed_50pct,3,BALANCED,1,8,0.5,1.5402615070343018,0.3936602579029265,1064,18.0,18.0,969.1999999999999,951.1999999999999,0.0,14000,True
24,Fixed_50pct,4,BALANCED,1,8,0.5,0.14461715519428253,0.8736545625425859,1064,113.0,7627.599999999999,8578.8,8465.8,7514.599999999999,15000,True
24,Fixed_50pct,5,BALANCED,1,8,0.5,0.3135565519332886,0.7612919280317265,1064,720.0,3822.7999999999997,4774.0,4054.0,3102.7999999999997,2000,False
24,Fixed_50pct,6,BALANCED,1,8,0.5,0.1111331358551979,0.8999821603109128,1064,490.0,969.1999999999999,1920.3999999999999,1430.3999999999999,479.19999999999993,6000,True
24,Fixed_50pct,7,BALANCED,1,8,0.5,1.122623324394226,0.4711151472366814,1064,719.0,2871.6,3822.7999999999997,3103.7999999999997,2152.6,3000,False
24,Fixed_50pct,8,BANDWIDTH_EFFICIENT,1,8,0.5,0.4232179820537567,0.7026330559405684,1064,735.0,4774.0,5725.2,4990.2,4039.0,6000,True
24,Fixed_50pct,9,BANDWIDTH_EFFICIENT,1,8,0.5,1.061421275138855,0.48510220208755783,1064,913.0,5725.2,6676.4,5763.4,4812.2,10000,True
24,Fixed_50pct,10,BALANCED,1,8,0.5,0.3125031888484955,0.7619029107863232,1064,75.0,8578.8,9530.0,9455.0,8503.8,6000,False
24,Fixed_75pct,1,BANDWIDTH_EFFICIENT,2,12,0.75,0.2442256063222885,0.8037127631184378,1580,104.0,10930.0,12294.0,12190.0,10826.0,3000,False
24,Fixed_75pct,2,BALANCED,2,12,0.75,0.17446929216384888,0.851448400287754,1580,616.0,12294.0,13658.0,13042.0,11678.0,6000,False
24,Fixed_75pct,3,BALANCED,2,12,0.75,0.6871704459190369,0.5927083433797817,1580,18.0,18.0,1382.0,1364.0,0.0,14000,True
24,Fixed_75pct,4,BALANCED,2,12,0.75,0.09569397568702698,0.9126635923803227,1580,113.0,8202.0,9566.0,9453.0,8089.0,15000,True
24,Fixed_75pct,5,BALANCED,2,12,0.75,0.21273936331272125,0.8245794852971524,1580,720.0,5474.0,6838.0,6118.0,4754.0,2000,False
24,Fixed_75pct,6,BALANCED,2,12,0.75,0.04877206310629845,0.9534960313856538,1580,490.0,2746.0,4110.0,3620.0,2256.0,6000,True
24,Fixed_75pct,7,BALANCED,2,12,0.75,0.6701599955558777,0.5987450320094458,1580,719.0,9566.0,10930.0,10211.0,8847.0,3000,False
24,Fixed_75pct,8,BANDWIDTH_EFFICIENT,2,12,0.75,0.12839055061340332,0.8862179849489088,1580,735.0,6838.0,8202.0,7467.0,6103.0,6000,False
24,Fixed_75pct,9,BANDWIDTH_EFFICIENT,2,12,0.75,0.5248544812202454,0.6558002827914193,1580,913.0,1382.0,2746.0,1833.0,469.0,10000,True
24,Fixed_75pct,10,BALANCED,2,12,0.75,0.16043469309806824,0.8617460387454049,1580,75.0,4110.0,5474.0,5399.0,4035.0,6000,True
24,Fixed_100pct,1,BANDWIDTH_EFFICIENT,3,16,1.0,0.10796147584915161,0.9025584569477842,2096,104.0,12455.599999999999,14232.399999999998,14128.399999999998,12351.599999999999,3000,False
24,Fixed_100pct,2,BALANCED,3,16,1.0,0.16703030467033386,0.8568757777738111,2096,616.0,3571.6,5348.4,4732.4,2955.6,6000,True
24,Fixed_100pct,3,BALANCED,3,16,1.0,0.23373186588287354,0.8105488944993634,2096,18.0,18.0,1794.8,1776.8,0.0,14000,True
24,Fixed_100pct,4,BALANCED,3,16,1.0,0.06681142002344131,0.9373727926328599,2096,113.0,10678.8,12455.599999999999,12342.599999999999,10565.8,15000,True
24,Fixed_100pct,5,BALANCED,3,16,1.0,0.1687668114900589,0.8556026661341467,2096,720.0,7125.2,8902.0,8182.0,6405.2,2000,False
24,Fixed_100pct,6,BALANCED,3,16,1.0,0.042144179344177246,0.9595601259600196,2096,490.0,14232.399999999998,16009.199999999997,15519.199999999997,13742.399999999998,6000,False
24,Fixed_100pct,7,BALANCED,3,16,1.0,0.2501223385334015,0.7999217110008321,2096,719.0,16009.199999999997,17785.999999999996,17066.999999999996,15290.199999999997,3000,False
24,Fixed_100pct,8,BANDWIDTH_EFFICIENT,3,16,1.0,0.04739625006914139,0.9547485012801863,2096,735.0,8902.0,10678.8,9943.8,8167.0,6000,False
24,Fixed_100pct,9,BANDWIDTH_EFFICIENT,3,16,1.0,0.29884493350982666,0.7699148483396955,2096,913.0,1794.8,3571.6,2658.6,881.8,10000,True
24,Fixed_100pct,10,BALANCED,3,16,1.0,0.06096137315034866,0.9425413830389188,2096,75.0,5348.4,7125.2,7050.2,5273.4,6000,False
24,PPO_Raw,1,BANDWIDTH_EFFICIENT,0,4,0.25,0.9342530965805054,0.5169954241085942,548,104.0,1094.8,1633.1999999999998,1529.1999999999998,990.8,3000,True
24,PPO_Raw,2,BALANCED,0,4,0.25,0.3314449191093445,0.7510637395867183,548,616.0,2710.0,3248.4,2632.4,2094.0,6000,True
24,PPO_Raw,3,BALANCED,0,4,0.25,2.308466911315918,0.3022547986137354,548,18.0,18.0,556.4,538.4,0.0,14000,True
24,PPO_Raw,4,BALANCED,0,4,0.25,0.3307283818721771,0.7514681535484488,548,113.0,1633.1999999999998,2171.6,2058.6,1520.1999999999998,15000,True
24,PPO_Raw,5,BALANCED,1,8,0.5,0.3135565519332886,0.7612919280317265,1064,720.0,3786.8,4738.0,4018.0,3066.8,2000,False
24,PPO_Raw,6,BALANCED,0,4,0.25,0.33059602975845337,0.7515429008017803,548,490.0,2171.6,2710.0,2220.0,1681.6,6000,True
24,PPO_Raw,7,BALANCED,0,4,0.25,1.7513519525527954,0.36345768089472047,548,719.0,3248.4,3786.8,3067.8,2529.4,3000,False
24,PPO_Raw,8,BANDWIDTH_EFFICIENT,0,4,0.25,0.6369507908821106,0.6108919129212954,548,735.0,4738.0,5276.4,4541.4,4003.0,6000,True
24,PPO_Raw,9,BANDWIDTH_EFFICIENT,0,4,0.25,2.172701835632324,0.3151887734198945,548,913.0,5276.4,5814.799999999999,4901.799999999999,4363.4,10000,True
24,PPO_Raw,10,BALANCED,0,4,0.25,0.5453687906265259,0.6470947297923484,548,75.0,556.4,1094.8,1019.8,481.4,6000,True
24,PPO_Orchestrated,1,BANDWIDTH_EFFICIENT,0,4,0.25,0.9342530965805054,0.5169954241085942,548,104.0,1094.8,1633.1999999999998,1529.1999999999998,990.8,3000,True
24,PPO_Orchestrated,2,BALANCED,0,4,0.25,0.3314449191093445,0.7510637395867183,548,616.0,2710.0,3248.4,2632.4,2094.0,6000,True
24,PPO_Orchestrated,3,BALANCED,0,4,0.25,2.308466911315918,0.3022547986137354,548,18.0,18.0,556.4,538.4,0.0,14000,True
24,PPO_Orchestrated,4,BALANCED,0,4,0.25,0.3307283818721771,0.7514681535484488,548,113.0,1633.1999999999998,2171.6,2058.6,1520.1999999999998,15000,True
24,PPO_Orchestrated,5,BALANCED,1,8,0.5,0.3135565519332886,0.7612919280317265,1064,720.0,3786.8,4738.0,4018.0,3066.8,2000,False
24,PPO_Orchestrated,6,BALANCED,0,4,0.25,0.33059602975845337,0.7515429008017803,548,490.0,2171.6,2710.0,2220.0,1681.6,6000,True
24,PPO_Orchestrated,7,BALANCED,0,4,0.25,1.7513519525527954,0.36345768089472047,548,719.0,3248.4,3786.8,3067.8,2529.4,3000,False
24,PPO_Orchestrated,8,BANDWIDTH_EFFICIENT,0,4,0.25,0.6369507908821106,0.6108919129212954,548,735.0,4738.0,5276.4,4541.4,4003.0,6000,True
24,PPO_Orchestrated,9,BANDWIDTH_EFFICIENT,0,4,0.25,2.172701835632324,0.3151887734198945,548,913.0,5276.4,5814.799999999999,4901.799999999999,4363.4,10000,True
24,PPO_Orchestrated,10,BALANCED,0,4,0.25,0.5453687906265259,0.6470947297923484,548,75.0,556.4,1094.8,1019.8,481.4,6000,True
25,Fixed_25pct,1,BALANCED,0,4,0.25,1.2514519691467285,0.4441578206880368,548,69.0,69.0,607.4,538.4,0.0,3000,True
25,Fixed_25pct,2,BALANCED,0,4,0.25,0.5615748763084412,0.6403791551539285,548,415.0,3299.4,3837.8,3422.8,2884.4,7000,True
25,Fixed_25pct,3,BANDWIDTH_EFFICIENT,0,4,0.25,0.8595244884490967,0.5377718907235431,548,715.0,4376.2,4914.599999999999,4199.599999999999,3661.2,2000,False
25,Fixed_25pct,4,BANDWIDTH_EFFICIENT,0,4,0.25,0.9457601308822632,0.5139379639496321,548,878.0,4914.599999999999,5452.999999999999,4574.999999999999,4036.5999999999995,13000,True
25,Fixed_25pct,5,BALANCED,0,4,0.25,0.5277358889579773,0.6545634014542068,548,121.0,607.4,1145.8,1024.8,486.4,12000,True
25,Fixed_25pct,6,BALANCED,0,4,0.25,0.7557137608528137,0.5695689253550441,548,157.0,2222.6,2761.0,2604.0,2065.6,8000,True
25,Fixed_25pct,7,BALANCED,0,4,0.25,0.5171740055084229,0.6591201776258276,548,152.0,1145.8,1684.1999999999998,1532.1999999999998,993.8,8000,True
25,Fixed_25pct,8,BANDWIDTH_EFFICIENT,0,4,0.25,1.5537385940551758,0.3915827572672828,548,535.0,1684.1999999999998,2222.6,1687.6,1149.1999999999998,2000,True
25,Fixed_25pct,9,QUALITY_CRITICAL,0,4,0.25,0.6289456486701965,0.6138940245282943,548,535.0,3837.8,4376.2,3841.2,3302.8,11000,True
25,Fixed_25pct,10,BALANCED,0,4,0.25,0.5311245918273926,0.6531147140720293,548,241.0,2761.0,3299.4,3058.4,2520.0,8000,True
25,Fixed_50pct,1,BALANCED,1,8,0.5,0.5809738039970398,0.6325215493588737,1064,69.0,69.0,1020.1999999999999,951.1999999999999,0.0,3000,True
25,Fixed_50pct,2,BALANCED,1,8,0.5,0.26762762665748596,0.7888752019682834,1064,415.0,3873.7999999999997,4825.0,4410.0,3458.7999999999997,7000,True
25,Fixed_50pct,3,BANDWIDTH_EFFICIENT,1,8,0.5,0.4859224557876587,0.6729826284709584,1064,715.0,8629.8,9581.0,8866.0,7914.799999999999,2000,False
25,Fixed_50pct,4,BANDWIDTH_EFFICIENT,1,8,0.5,0.43889719247817993,0.6949766843854374,1064,878.0,5776.2,6727.4,5849.4,4898.2,13000,True
25,Fixed_50pct,5,BALANCED,1,8,0.5,0.18361827731132507,0.8448669804859491,1064,121.0,6727.4,7678.599999999999,7557.599999999999,6606.4,12000,True
25,Fixed_50pct,6,BALANCED,1,8,0.5,0.14205458760261536,0.8756148881632582,1064,157.0,1020.1999999999999,1971.3999999999999,1814.3999999999999,863.1999999999999,8000,True
25,Fixed_50pct,7,BALANCED,1,8,0.5,0.18124544620513916,0.8465641101200373,1064,152.0,1971.3999999999999,2922.6,2770.6,1819.3999999999999,8000,True
25,Fixed_50pct,8,BANDWIDTH_EFFICIENT,1,8,0.5,1.1973493099212646,0.4550937784379089,1064,535.0,2922.6,3873.7999999999997,3338.7999999999997,2387.6,2000,False
25,Fixed_50pct,9,QUALITY_CRITICAL,1,8,0.5,0.37865519523620605,0.7253445266484265,1064,535.0,7678.599999999999,8629.8,8094.799999999999,7143.599999999999,11000,True
25,Fixed_50pct,10,BALANCED,1,8,0.5,0.30192890763282776,0.7680910947881201,1064,241.0,4825.0,5776.2,5535.2,4584.0,8000,True
25,Fixed_75pct,1,BALANCED,2,12,0.75,0.24200713634490967,0.805148352804872,1580,69.0,69.0,1433.0,1364.0,0.0,3000,True
25,Fixed_75pct,2,BALANCED,2,12,0.75,0.15719766914844513,0.8641565971489354,1580,415.0,4161.0,5525.0,5110.0,3746.0,7000,True
25,Fixed_75pct,3,BANDWIDTH_EFFICIENT,2,12,0.75,0.2871575951576233,0.7769056436927924,1580,715.0,12345.0,13709.0,12994.0,11630.0,2000,False
25,Fixed_75pct,4,BANDWIDTH_EFFICIENT,2,12,0.75,0.18839794397354126,0.8414689751619633,1580,878.0,10981.0,12345.0,11467.0,10103.0,13000,True
25,Fixed_75pct,5,BALANCED,2,12,0.75,0.07180563360452652,0.9330049858358729,1580,121.0,8253.0,9617.0,9496.0,8132.0,12000,True
25,Fixed_75pct,6,BALANCED,2,12,0.75,0.07465662807226181,0.9305297840053505,1580,157.0,1433.0,2797.0,2640.0,1276.0,8000,True
25,Fixed_75pct,7,BALANCED,2,12,0.75,0.062270209193229675,0.9413800663387496,1580,152.0,2797.0,4161.0,4009.0,2645.0,8000,True
25,Fixed_75pct,8,BANDWIDTH_EFFICIENT,2,12,0.75,0.619617760181427,0.617429633451279,1580,535.0,5525.0,6889.0,6354.0,4990.0,2000,False
25,Fixed_75pct,9,QUALITY_CRITICAL,2,12,0.75,0.13319768011569977,0.8824585661858219,1580,535.0,9617.0,10981.0,10446.0,9082.0,11000,True
25,Fixed_75pct,10,BALANCED,2,12,0.75,0.2027246057987213,0.8314455322346271,1580,241.0,6889.0,8253.0,8012.0,6648.0,8000,False
25,Fixed_100pct,1,BALANCED,3,16,1.0,0.18727175891399384,0.8422671494474924,2096,69.0,69.0,1845.8,1776.8,0.0,3000,True
25,Fixed_100pct,2,BALANCED,3,16,1.0,0.08397535979747772,0.9225301949546463,2096,415.0,10729.8,12506.599999999999,12091.599999999999,10314.8,7000,False
25,Fixed_100pct,3,BANDWIDTH_EFFICIENT,3,16,1.0,0.18549977242946625,0.8435261003472669,2096,715.0,16060.199999999997,17836.999999999996,17121.999999999996,15345.199999999997,2000,False
25,Fixed_100pct,4,BANDWIDTH_EFFICIENT,3,16,1.0,0.0634320005774498,0.9403516157657417,2096,878.0,1845.8,3622.6,2744.6,967.8,13000,True
25,Fixed_100pct,5,BALANCED,3,16,1.0,0.02948547899723053,0.971359014188378,2096,121.0,3622.6,5399.4,5278.4,3501.6,12000,True
25,Fixed_100pct,6,BALANCED,3,16,1.0,0.03694050386548042,0.964375483716014,2096,157.0,7176.2,8953.0,8796.0,7019.2,8000,False
25,Fixed_100pct,7,BALANCED,3,16,1.0,0.03777231648564339,0.9636025013525538,2096,152.0,5399.4,7176.2,7024.2,5247.4,8000,True
25,Fixed_100pct,8,BANDWIDTH_EFFICIENT,3,16,1.0,0.22482706606388092,0.8164417881567657,2096,535.0,12506.599999999999,14283.399999999998,13748.399999999998,11971.599999999999,2000,False
25,Fixed_100pct,9,QUALITY_CRITICAL,3,16,1.0,0.07140087336301804,0.9333574620497573,2096,535.0,14283.399999999998,16060.199999999997,15525.199999999997,13748.399999999998,11000,False
25,Fixed_100pct,10,BALANCED,3,16,1.0,0.10338590294122696,0.9063012290934318,2096,241.0,8953.0,10729.8,10488.8,8712.0,8000,False
25,PPO_Raw,1,BALANCED,0,4,0.25,1.2514519691467285,0.4441578206880368,548,69.0,69.0,607.4,538.4,0.0,3000,True
25,PPO_Raw,2,BALANCED,0,4,0.25,0.5615748763084412,0.6403791551539285,548,415.0,2761.0,3299.4,2884.4,2346.0,7000,True
25,PPO_Raw,3,BANDWIDTH_EFFICIENT,0,4,0.25,0.8595244884490967,0.5377718907235431,548,715.0,5740.2,6278.599999999999,5563.599999999999,5025.2,2000,False
25,PPO_Raw,4,BANDWIDTH_EFFICIENT,0,4,0.25,0.9457601308822632,0.5139379639496321,548,878.0,3299.4,3837.8,2959.8,2421.4,13000,True
25,PPO_Raw,5,BALANCED,0,4,0.25,0.5277358889579773,0.6545634014542068,548,121.0,607.4,1145.8,1024.8,486.4,12000,True
25,PPO_Raw,6,BALANCED,0,4,0.25,0.7557137608528137,0.5695689253550441,548,157.0,2222.6,2761.0,2604.0,2065.6,8000,True
25,PPO_Raw,7,BALANCED,0,4,0.25,0.5171740055084229,0.6591201776258276,548,152.0,1145.8,1684.1999999999998,1532.1999999999998,993.8,8000,True
25,PPO_Raw,8,BANDWIDTH_EFFICIENT,0,4,0.25,1.5537385940551758,0.3915827572672828,548,535.0,1684.1999999999998,2222.6,1687.6,1149.1999999999998,2000,True
25,PPO_Raw,9,QUALITY_CRITICAL,0,4,0.25,0.6289456486701965,0.6138940245282943,548,535.0,5201.8,5740.2,5205.2,4666.8,11000,True
25,PPO_Raw,10,BALANCED,2,12,0.75,0.2027246057987213,0.8314455322346271,1580,241.0,3837.8,5201.8,4960.8,3596.8,8000,True
25,PPO_Orchestrated,1,BALANCED,0,4,0.25,1.2514519691467285,0.4441578206880368,548,69.0,69.0,607.4,538.4,0.0,3000,True
25,PPO_Orchestrated,2,BALANCED,0,4,0.25,0.5615748763084412,0.6403791551539285,548,415.0,2761.0,3299.4,2884.4,2346.0,7000,True
25,PPO_Orchestrated,3,BANDWIDTH_EFFICIENT,0,4,0.25,0.8595244884490967,0.5377718907235431,548,715.0,5201.8,5740.2,5025.2,4486.8,2000,False
25,PPO_Orchestrated,4,BANDWIDTH_EFFICIENT,0,4,0.25,0.9457601308822632,0.5139379639496321,548,878.0,3299.4,3837.8,2959.8,2421.4,13000,True
25,PPO_Orchestrated,5,BALANCED,0,4,0.25,0.5277358889579773,0.6545634014542068,548,121.0,607.4,1145.8,1024.8,486.4,12000,True
25,PPO_Orchestrated,6,BALANCED,0,4,0.25,0.7557137608528137,0.5695689253550441,548,157.0,1684.1999999999998,2222.6,2065.6,1527.1999999999998,8000,True
25,PPO_Orchestrated,7,BALANCED,0,4,0.25,0.5171740055084229,0.6591201776258276,548,152.0,1145.8,1684.1999999999998,1532.1999999999998,993.8,8000,True
25,PPO_Orchestrated,8,BANDWIDTH_EFFICIENT,0,4,0.25,1.5537385940551758,0.3915827572672828,548,535.0,2222.6,2761.0,2226.0,1687.6,2000,False
25,PPO_Orchestrated,9,QUALITY_CRITICAL,2,12,0.75,0.13319768011569977,0.8824585661858219,1580,535.0,5740.2,7104.2,6569.2,5205.2,11000,True
25,PPO_Orchestrated,10,BALANCED,2,12,0.75,0.2027246057987213,0.8314455322346271,1580,241.0,3837.8,5201.8,4960.8,3596.8,8000,True
26,Fixed_25pct,1,LATENCY_CRITICAL,0,4,0.25,1.4969754219055176,0.4004845186809527,548,977.0,5134.599999999999,5672.999999999999,4695.999999999999,4157.599999999999,13000,True
26,Fixed_25pct,2,QUALITY_CRITICAL,0,4,0.25,0.8500993847846985,0.5405115034489744,548,289.0,289.0,827.4,538.4,0.0,15000,True
26,Fixed_25pct,3,BALANCED,0,4,0.25,0.5928831696510315,0.6277924326484533,548,537.0,2442.6,2981.0,2444.0,1905.6,14000,True
26,Fixed_25pct,4,QUALITY_CRITICAL,0,4,0.25,0.5755894184112549,0.6346831149756957,548,835.0,4057.8,4596.2,3761.2,3222.8,10000,True
26,Fixed_25pct,5,BALANCED,0,4,0.25,0.6629936099052429,0.601325221001288,548,693.0,3519.4,4057.8,3364.8,2826.4,4000,True
26,Fixed_25pct,6,BALANCED,0,4,0.25,0.48495805263519287,0.673419695745216,548,462.0,1365.8,1904.1999999999998,1442.1999999999998,903.8,15000,True
26,Fixed_25pct,7,BANDWIDTH_EFFICIENT,0,4,0.25,0.6924782991409302,0.5908495255198137,548,935.0,4596.2,5134.599999999999,4199.599999999999,3661.2,10000,True
26,Fixed_25pct,8,BALANCED,0,4,0.25,0.8000011444091797,0.5555552023430703,548,340.0,827.4,1365.8,1025.8,487.4,6000,True
26,Fixed_25pct,9,BALANCED,0,4,0.25,1.1578364372253418,0.46342715450938066,548,938.0,2981.0,3519.4,2581.4,2043.0,2000,False
26,Fixed_25pct,10,BANDWIDTH_EFFICIENT,0,4,0.25,0.6088619828224182,0.6215573558682176,548,464.0,1904.1999999999998,2442.6,1978.6,1440.1999999999998,3000,True
26,Fixed_50pct,1,LATENCY_CRITICAL,1,8,0.5,0.7673653960227966,0.5658139523668151,1064,977.0,3142.5999999999995,4093.7999999999993,3116.7999999999993,2165.5999999999995,13000,True
26,Fixed_50pct,2,QUALITY_CRITICAL,1,8,0.5,0.5149059891700745,0.660106968451448,1064,289.0,289.0,1240.1999999999998,951.1999999999998,0.0,15000,True
26,Fixed_50pct,3,BALANCED,1,8,0.5,0.3872044086456299,0.7208742949255262,1064,537.0,7898.5999999999985,8849.8,8312.8,7361.5999999999985,14000,True
26,Fixed_50pct,4,QUALITY_CRITICAL,1,8,0.5,0.24383071064949036,0.8039679286241699,1064,835.0,5044.999999999999,5996.199999999999,5161.199999999999,4209.999999999999,10000,True
26,Fixed_50pct,5,BALANCED,1,8,0.5,0.29630741477012634,0.7714219548588555,1064,693.0,2191.3999999999996,3142.5999999999995,2449.5999999999995,1498.3999999999996,4000,True
26,Fixed_50pct,6,BALANCED,1,8,0.5,0.1865127980709076,0.8428059112601655,1064,462.0,6947.399999999999,7898.5999999999985,7436.5999999999985,6485.399999999999,15000,True
26,Fixed_50pct,7,BANDWIDTH_EFFICIENT,1,8,0.5,0.34803804755210876,0.7418188246362124,1064,935.0,8849.8,9801.0,8866.0,7914.799999999999,10000,True
26,Fixed_50pct,8,BALANCED,1,8,0.5,0.4435160756111145,0.6927529363167283,1064,340.0,5996.199999999999,6947.399999999999,6607.399999999999,5656.199999999999,6000,False
26,Fixed_50pct,9,BALANCED,1,8,0.5,0.5709818005561829,0.6365446115581764,1064,938.0,4093.7999999999993,5044.999999999999,4106.999999999999,3155.7999999999993,2000,False
26,Fixed_50pct,10,BANDWIDTH_EFFICIENT,1,8,0.5,0.3206373155117035,0.7572101653151705,1064,464.0,1240.1999999999998,2191.3999999999996,1727.3999999999996,776.1999999999998,3000,True
26,Fixed_75pct,1,LATENCY_CRITICAL,2,12,0.75,0.5128312110900879,0.6610122746472414,1580,977.0,7109.0,8473.0,7496.0,6132.0,13000,True
26,Fixed_75pct,2,QUALITY_CRITICAL,2,12,0.75,0.3016670346260071,0.7682456214982186,1580,289.0,289.0,1653.0,1364.0,0.0,15000,True
26,Fixed_75pct,3,BALANCED,2,12,0.75,0.20499835908412933,0.8298766487616296,1580,537.0,8473.0,9837.0,9300.0,7936.0,14000,True
26,Fixed_75pct,4,QUALITY_CRITICAL,2,12,0.75,0.08249280601739883,0.9237936681344809,1580,835.0,5745.0,7109.0,6274.0,4910.0,10000,True
26,Fixed_75pct,5,BALANCED,2,12,0.75,0.1604347974061966,0.8617459612855454,1580,693.0,4381.0,5745.0,5052.0,3688.0,4000,False
26,Fixed_75pct,6,BALANCED,2,12,0.75,0.05443084239959717,0.9483789356201613,1580,462.0,3017.0,4381.0,3919.0,2555.0,15000,True
26,Fixed_75pct,7,BANDWIDTH_EFFICIENT,2,12,0.75,0.14167481660842896,0.8759061559846769,1580,935.0,11201.0,12565.0,11630.0,10266.0,10000,False
26,Fixed_75pct,8,BALANCED,2,12,0.75,0.16188330948352814,0.8606716284137972,1580,340.0,9837.0,11201.0,10861.0,9497.0,6000,False
26,Fixed_75pct,9,BALANCED,2,12,0.75,0.24536018073558807,0.8029805476913009,1580,938.0,12565.0,13929.0,12991.0,11627.0,2000,False
26,Fixed_75pct,10,BANDWIDTH_EFFICIENT,2,12,0.75,0.09931907057762146,0.9096540092537141,1580,464.0,1653.0,3017.0,2553.0,1189.0,3000,True
26,Fixed_100pct,1,LATENCY_CRITICAL,3,16,1.0,0.20748086273670197,0.8281704752931192,2096,977.0,16280.199999999997,18056.999999999996,17079.999999999996,15303.199999999997,13000,False
26,Fixed_100pct,2,QUALITY_CRITICAL,3,16,1.0,0.16295796632766724,0.8598763058975828,2096,289.0,289.0,2065.8,1776.8000000000002,0.0,15000,True
26,Fixed_100pct,3,BALANCED,3,16,1.0,0.1551486849784851,0.8656894242308082,2096,537.0,7396.200000000001,9173.0,8636.0,6859.200000000001,14000,True
26,Fixed_100pct,4,QUALITY_CRITICAL,3,16,1.0,0.055528998374938965,0.9473922569058455,2096,835.0,10949.8,12726.599999999999,11891.599999999999,10114.8,10000,False
26,Fixed_100pct,5,BALANCED,3,16,1.0,0.08338059484958649,0.9230366546659784,2096,693.0,9173.0,10949.8,10256.8,8480.0,4000,False
26,Fixed_100pct,6,BALANCED,3,16,1.0,0.03978623077273369,0.9617361438387524,2096,462.0,3842.6000000000004,5619.400000000001,5157.400000000001,3380.6000000000004,15000,True
26,Fixed_100pct,7,BANDWIDTH_EFFICIENT,3,16,1.0,0.09976731985807419,0.9092832474136899,2096,935.0,12726.599999999999,14503.399999999998,13568.399999999998,11791.599999999999,10000,False
26,Fixed_100pct,8,BALANCED,3,16,1.0,0.13734601438045502,0.8792399035615636,2096,340.0,5619.400000000001,7396.200000000001,7056.200000000001,5279.400000000001,6000,False
26,Fixed_100pct,9,BALANCED,3,16,1.0,0.11941951513290405,0.8933201418069562,2096,938.0,14503.399999999998,16280.199999999997,15342.199999999997,13565.399999999998,2000,False
26,Fixed_100pct,10,BANDWIDTH_EFFICIENT,3,16,1.0,0.07217419892549515,0.9326842606380323,2096,464.0,2065.8,3842.6000000000004,3378.6000000000004,1601.8000000000002,3000,False
26,PPO_Raw,1,LATENCY_CRITICAL,0,4,0.25,1.4969754219055176,0.4004845186809527,548,977.0,5547.4,6085.799999999999,5108.799999999999,4570.4,13000,True
26,PPO_Raw,2,QUALITY_CRITICAL,0,4,0.25,0.8500993847846985,0.5405115034489744,548,289.0,289.0,827.4,538.4,0.0,15000,True
26,PPO_Raw,3,BALANCED,0,4,0.25,0.5928831696510315,0.6277924326484533,548,537.0,2442.6,2981.0,2444.0,1905.6,14000,True
26,PPO_Raw,4,QUALITY_CRITICAL,1,8,0.5,0.24383071064949036,0.8039679286241699,1064,835.0,4057.8,5009.0,4174.0,3222.8,10000,True
26,PPO_Raw,5,BALANCED,0,4,0.25,0.6629936099052429,0.601325221001288,548,693.0,3519.4,4057.8,3364.8,2826.4,4000,True
26,PPO_Raw,6,BALANCED,0,4,0.25,0.48495805263519287,0.673419695745216,548,462.0,1365.8,1904.1999999999998,1442.1999999999998,903.8,15000,True
26,PPO_Raw,7,BANDWIDTH_EFFICIENT,0,4,0.25,0.6924782991409302,0.5908495255198137,548,935.0,5009.0,5547.4,4612.4,4074.0,10000,True
26,PPO_Raw,8,BALANCED,0,4,0.25,0.8000011444091797,0.5555552023430703,548,340.0,827.4,1365.8,1025.8,487.4,6000,True
26,PPO_Raw,9,BALANCED,0,4,0.25,1.1578364372253418,0.46342715450938066,548,938.0,2981.0,3519.4,2581.4,2043.0,2000,False
26,PPO_Raw,10,BANDWIDTH_EFFICIENT,0,4,0.25,0.6088619828224182,0.6215573558682176,548,464.0,1904.1999999999998,2442.6,1978.6,1440.1999999999998,3000,True
26,PPO_Orchestrated,1,LATENCY_CRITICAL,0,4,0.25,1.4969754219055176,0.4004845186809527,548,977.0,6785.799999999998,7324.199999999998,6347.199999999998,5808.799999999998,13000,True
26,PPO_Orchestrated,2,QUALITY_CRITICAL,2,12,0.75,0.3016670346260071,0.7682456214982186,1580,289.0,289.0,1653.0,1364.0,0.0,15000,True
26,PPO_Orchestrated,3,BALANCED,0,4,0.25,0.5928831696510315,0.6277924326484533,548,537.0,1653.0,2191.4,1654.4,1116.0,14000,True
26,PPO_Orchestrated,4,QUALITY_CRITICAL,2,12,0.75,0.08249280601739883,0.9237936681344809,1580,835.0,2729.8,4093.8,3258.8,1894.8000000000002,10000,True
26,PPO_Orchestrated,5,BALANCED,0,4,0.25,0.6629936099052429,0.601325221001288,548,693.0,2191.4,2729.8,2036.8000000000002,1498.4,4000,True
26,PPO_Orchestrated,6,BALANCED,0,4,0.25,0.48495805263519287,0.673419695745216,548,462.0,5708.999999999999,6247.399999999999,5785.399999999999,5246.999999999999,15000,True
26,PPO_Orchestrated,7,BANDWIDTH_EFFICIENT,0,4,0.25,0.6924782991409302,0.5908495255198137,548,935.0,6247.399999999999,6785.799999999998,5850.799999999998,5312.399999999999,10000,True
26,PPO_Orchestrated,8,BALANCED,0,4,0.25,0.8000011444091797,0.5555552023430703,548,340.0,4093.8,4632.2,4292.2,3753.8,6000,True
26,PPO_Orchestrated,9,BALANCED,0,4,0.25,1.1578364372253418,0.46342715450938066,548,938.0,4632.2,5170.599999999999,4232.599999999999,3694.2,2000,False
26,PPO_Orchestrated,10,BANDWIDTH_EFFICIENT,0,4,0.25,0.6088619828224182,0.6215573558682176,548,464.0,5170.599999999999,5708.999999999999,5244.999999999999,4706.599999999999,3000,False
27,Fixed_25pct,1,QUALITY_CRITICAL,0,4,0.25,1.1614632606506348,0.4626495477415536,548,107.0,620.4,1158.8,1051.8,513.4,2000,True
27,Fixed_25pct,2,BALANCED,0,4,0.25,0.5108726620674133,0.661869146954875,548,869.0,3850.8,4389.2,3520.2,2981.8,15000,True
27,Fixed_25pct,3,QUALITY_CRITICAL,0,4,0.25,0.6394231915473938,0.609970631839199,548,441.0,2774.0,3312.4,2871.4,2333.0,11000,True
27,Fixed_25pct,4,BALANCED,0,4,0.25,0.8928170204162598,0.5283130853187724,548,158.0,1158.8,1697.1999999999998,1539.1999999999998,1000.8,7000,True
27,Fixed_25pct,5,BALANCED,0,4,0.25,0.6673277020454407,0.5997621216112599,548,390.0,2235.6,2774.0,2384.0,1845.6,6000,True
27,Fixed_25pct,6,LATENCY_CRITICAL,0,4,0.25,1.115604281425476,0.47267818881809437,548,564.0,3312.4,3850.8,3286.8,2748.4,6000,True
27,Fixed_25pct,7,BALANCED,0,4,0.25,0.6264643669128418,0.6148305615192046,548,82.0,82.0,620.4,538.4,0.0,3000,True
27,Fixed_25pct,8,BALANCED,0,4,0.25,1.0286574363708496,0.4929368468384401,548,887.0,4389.2,4927.599999999999,4040.5999999999995,3502.2,9000,True
27,Fixed_25pct,9,QUALITY_CRITICAL,0,4,0.25,1.8590205907821655,0.34977012870215873,548,385.0,1697.1999999999998,2235.6,1850.6,1312.1999999999998,14000,True
27,Fixed_25pct,10,BANDWIDTH_EFFICIENT,0,4,0.25,0.4826902151107788,0.6744497197111976,548,987.0,4927.599999999999,5465.999999999999,4478.999999999999,3940.5999999999995,14000,True
27,Fixed_50pct,1,QUALITY_CRITICAL,1,8,0.5,0.5423372387886047,0.6483666314024994,1064,107.0,1984.3999999999996,2935.5999999999995,2828.5999999999995,1877.3999999999996,2000,False
27,Fixed_50pct,2,BALANCED,1,8,0.5,0.1936817467212677,0.8377442335419295,1064,869.0,8642.8,9594.0,8725.0,7773.799999999999,15000,True
27,Fixed_50pct,3,QUALITY_CRITICAL,1,8,0.5,0.19532403349876404,0.8365932349514948,1064,441.0,6740.399999999999,7691.5999999999985,7250.5999999999985,6299.399999999999,11000,True
27,Fixed_50pct,4,BALANCED,1,8,0.5,0.590360701084137,0.6287881732227837,1064,158.0,2935.5999999999995,3886.7999999999993,3728.7999999999993,2777.5999999999995,7000,True
27,Fixed_50pct,5,BALANCED,1,8,0.5,0.3371939957141876,0.7478346471828912,1064,390.0,1033.1999999999998,1984.3999999999996,1594.3999999999996,643.1999999999998,6000,True
27,Fixed_50pct,6,LATENCY_CRITICAL,1,8,0.5,0.7354581952095032,0.5762167033238624,1064,564.0,4837.999999999999,5789.199999999999,5225.199999999999,4273.999999999999,6000,True
27,Fixed_50pct,7,BALANCED,1,8,0.5,0.3330816328525543,0.7501416082525871,1064,82.0,82.0,1033.1999999999998,951.1999999999998,0.0,3000,True
27,Fixed_50pct,8,BALANCED,1,8,0.5,0.7300471067428589,0.5780189430117249,1064,887.0,7691.5999999999985,8642.8,7755.799999999999,6804.5999999999985,9000,True
27,Fixed_50pct,9,QUALITY_CRITICAL,1,8,0.5,1.0254019498825073,0.4937291583322558,1064,385.0,3886.7999999999993,4837.999999999999,4452.999999999999,3501.7999999999993,14000,True
27,Fixed_50pct,10,BANDWIDTH_EFFICIENT,1,8,0.5,0.26774850487709045,0.7887999837136082,1064,987.0,5789.199999999999,6740.399999999999,5753.399999999999,4802.199999999999,14000,True
27,Fixed_75pct,1,QUALITY_CRITICAL,2,12,0.75,0.24161383509635925,0.8054033965579901,1580,107.0,10994.0,12358.0,12251.0,10887.0,2000,False
27,Fixed_75pct,2,BALANCED,2,12,0.75,0.08684524148702621,0.9200941972490911,1580,869.0,1446.0,2810.0,1941.0,577.0,15000,True
27,Fixed_75pct,3,QUALITY_CRITICAL,2,12,0.75,0.06785266101360321,0.936458779857141,1580,441.0,5538.0,6902.0,6461.0,5097.0,11000,True
27,Fixed_75pct,4,BALANCED,2,12,0.75,0.26344671845436096,0.7914856917934389,1580,158.0,2810.0,4174.0,4016.0,2652.0,7000,True
27,Fixed_75pct,5,BALANCED,2,12,0.75,0.14373640716075897,0.8743273307898155,1580,390.0,4174.0,5538.0,5148.0,3784.0,6000,True
27,Fixed_75pct,6,LATENCY_CRITICAL,2,12,0.75,0.32023513317108154,0.7574408337385276,1580,564.0,12358.0,13722.0,13158.0,11794.0,6000,False
27,Fixed_75pct,7,BALANCED,2,12,0.75,0.10866592079401016,0.9019849724286778,1580,82.0,82.0,1446.0,1364.0,0.0,3000,True
27,Fixed_75pct,8,BALANCED,2,12,0.75,0.4305451512336731,0.6990342102363006,1580,887.0,9630.0,10994.0,10107.0,8743.0,9000,False
27,Fixed_75pct,9,QUALITY_CRITICAL,2,12,0.75,0.5279223918914795,0.6544835034206534,1580,385.0,8266.0,9630.0,9245.0,7881.0,14000,True
27,Fixed_75pct,10,BANDWIDTH_EFFICIENT,2,12,0.75,0.09379979223012924,0.9142440939407361,1580,987.0,6902.0,8266.0,7279.0,5915.0,14000,True
27,Fixed_100pct,1,QUALITY_CRITICAL,3,16,1.0,0.1692238450050354,0.8552682228232297,2096,107.0,5412.4,7189.2,7082.2,5305.4,2000,False
27,Fixed_100pct,2,BALANCED,3,16,1.0,0.052994534373283386,0.9496725456368826,2096,869.0,12519.599999999999,14296.399999999998,13427.399999999998,11650.599999999999,15000,True
27,Fixed_100pct,3,QUALITY_CRITICAL,3,16,1.0,0.04732422158122063,0.9548141629821453,2096,441.0,14296.399999999998,16073.199999999997,15632.199999999997,13855.399999999998,11000,False
27,Fixed_100pct,4,BALANCED,3,16,1.0,0.11528798192739487,0.8966294053234942,2096,158.0,8966.0,10742.8,10584.8,8808.0,7000,False
27,Fixed_100pct,5,BALANCED,3,16,1.0,0.07286503165960312,0.9320836922544777,2096,390.0,10742.8,12519.599999999999,12129.599999999999,10352.8,6000,False
27,Fixed_100pct,6,LATENCY_CRITICAL,3,16,1.0,0.17392440140247345,0.8518436100359716,2096,564.0,16073.199999999997,17849.999999999996,17285.999999999996,15509.199999999997,6000,False
27,Fixed_100pct,7,BALANCED,3,16,1.0,0.041495028883218765,0.9601582074494265,2096,82.0,82.0,1858.8,1776.8,0.0,3000,True
27,Fixed_100pct,8,BALANCED,3,16,1.0,0.2637132704257965,0.7913187456384463,2096,887.0,7189.2,8966.0,8079.0,6302.2,9000,True
27,Fixed_100pct,9,QUALITY_CRITICAL,3,16,1.0,0.19810360670089722,0.8346523576150513,2096,385.0,3635.6,5412.4,5027.4,3250.6,14000,True
27,Fixed_100pct,10,BANDWIDTH_EFFICIENT,3,16,1.0,0.026641977950930595,0.9740493974305383,2096,987.0,1858.8,3635.6,2648.6,871.8,14000,True
27,PPO_Raw,1,QUALITY_CRITICAL,0,4,0.25,1.1614632606506348,0.4626495477415536,548,107.0,620.4,1158.8,1051.8,513.4,2000,True
27,PPO_Raw,2,BALANCED,0,4,0.25,0.5108726620674133,0.661869146954875,548,869.0,4263.6,4802.0,3933.0,3394.6000000000004,15000,True
27,PPO_Raw,3,QUALITY_CRITICAL,0,4,0.25,0.6394231915473938,0.609970631839199,548,441.0,2774.0,3312.4,2871.4,2333.0,11000,True
27,PPO_Raw,4,BALANCED,0,4,0.25,0.8928170204162598,0.5283130853187724,548,158.0,1158.8,1697.1999999999998,1539.1999999999998,1000.8,7000,True
27,PPO_Raw,5,BALANCED,0,4,0.25,0.6673277020454407,0.5997621216112599,548,390.0,2235.6,2774.0,2384.0,1845.6,6000,True
27,PPO_Raw,6,LATENCY_CRITICAL,1,8,0.5,0.7354581952095032,0.5762167033238624,1064,564.0,3312.4,4263.6,3699.6000000000004,2748.4,6000,True
27,PPO_Raw,7,BALANCED,0,4,0.25,0.6264643669128418,0.6148305615192046,548,82.0,82.0,620.4,538.4,0.0,3000,True
27,PPO_Raw,8,BALANCED,0,4,0.25,1.0286574363708496,0.4929368468384401,548,887.0,4802.0,5340.4,4453.4,3915.0,9000,True
27,PPO_Raw,9,QUALITY_CRITICAL,0,4,0.25,1.8590205907821655,0.34977012870215873,548,385.0,1697.1999999999998,2235.6,1850.6,1312.1999999999998,14000,True
27,PPO_Raw,10,BANDWIDTH_EFFICIENT,0,4,0.25,0.4826902151107788,0.6744497197111976,548,987.0,5340.4,5878.799999999999,4891.799999999999,4353.4,14000,True
27,PPO_Orchestrated,1,QUALITY_CRITICAL,2,12,0.75,0.24161383509635925,0.8054033965579901,1580,107.0,620.4,1984.4,1877.4,513.4,2000,True
27,PPO_Orchestrated,2,BALANCED,0,4,0.25,0.5108726620674133,0.661869146954875,548,869.0,7278.799999999999,7817.199999999999,6948.199999999999,6409.799999999999,15000,True
27,PPO_Orchestrated,3,QUALITY_CRITICAL,2,12,0.75,0.06785266101360321,0.936458779857141,1580,441.0,5914.799999999999,7278.799999999999,6837.799999999999,5473.799999999999,11000,True
27,PPO_Orchestrated,4,BALANCED,0,4,0.25,0.8928170204162598,0.5283130853187724,548,158.0,1984.4,2522.8,2364.8,1826.4,7000,True
27,PPO_Orchestrated,5,BALANCED,0,4,0.25,0.6673277020454407,0.5997621216112599,548,390.0,3886.8,4425.2,4035.2,3496.8,6000,True
27,PPO_Orchestrated,6,LATENCY_CRITICAL,1,8,0.5,0.7354581952095032,0.5762167033238624,1064,564.0,4425.2,5376.4,4812.4,3861.2,6000,True
27,PPO_Orchestrated,7,BALANCED,0,4,0.25,0.6264643669128418,0.6148305615192046,548,82.0,82.0,620.4,538.4,0.0,3000,True
27,PPO_Orchestrated,8,BALANCED,0,4,0.25,1.0286574363708496,0.4929368468384401,548,887.0,7817.199999999999,8355.599999999999,7468.5999999999985,6930.199999999999,9000,True
27,PPO_Orchestrated,9,QUALITY_CRITICAL,2,12,0.75,0.5279223918914795,0.6544835034206534,1580,385.0,2522.8,3886.8,3501.8,2137.8,14000,True
27,PPO_Orchestrated,10,BANDWIDTH_EFFICIENT,0,4,0.25,0.4826902151107788,0.6744497197111976,548,987.0,5376.4,5914.799999999999,4927.799999999999,4389.4,14000,True
28,Fixed_25pct,1,BANDWIDTH_EFFICIENT,0,4,0.25,1.1404123306274414,0.46719970058612936,548,752.0,4452.2,4990.599999999999,4238.599999999999,3700.2,10000,True
28,Fixed_25pct,2,QUALITY_CRITICAL,0,4,0.25,0.5129011273384094,0.6609817270473337,548,469.0,1221.8,1760.1999999999998,1291.1999999999998,752.8,5000,True
28,Fixed_25pct,3,BALANCED,0,4,0.25,1.0240424871444702,0.49406077508323715,548,553.0,1760.1999999999998,2298.6,1745.6,1207.1999999999998,6000,True
28,Fixed_25pct,4,BALANCED,0,4,0.25,0.6817408204078674,0.5946219464170901,548,145.0,145.0,683.4,538.4,0.0,8000,True
28,Fixed_25pct,5,BALANCED,0,4,0.25,0.988669216632843,0.5028488356113698,548,413.0,3375.4,3913.8,3500.8,2962.4,6000,True
28,Fixed_25pct,6,BANDWIDTH_EFFICIENT,0,4,0.25,0.8040714263916016,0.55430177839474,548,201.0,683.4,1221.8,1020.8,482.4,6000,True
28,Fixed_25pct,7,BANDWIDTH_EFFICIENT,0,4,0.25,0.4632355570793152,0.683416962608567,548,881.0,4990.599999999999,5528.999999999999,4647.999999999999,4109.599999999999,11000,True
28,Fixed_25pct,8,BALANCED,0,4,0.25,0.5994187593460083,0.6252271296410787,548,230.0,2298.6,2837.0,2607.0,2068.6,15000,True
28,Fixed_25pct,9,BANDWIDTH_EFFICIENT,0,4,0.25,0.43268129229545593,0.69799194376147,548,393.0,2837.0,3375.4,2982.4,2444.0,6000,True
28,Fixed_25pct,10,BALANCED,0,4,0.25,0.9302381277084351,0.5180707942947914,548,742.0,3913.8,4452.2,3710.2,3171.8,4000,True
28,Fixed_50pct,1,BANDWIDTH_EFFICIENT,1,8,0.5,0.7442917227745056,0.5732985984760507,1064,752.0,7754.5999999999985,8705.8,7953.799999999999,7002.5999999999985,10000,True
28,Fixed_50pct,2,QUALITY_CRITICAL,1,8,0.5,0.3134172558784485,0.7613726677674669,1064,469.0,2047.3999999999996,2998.5999999999995,2529.5999999999995,1578.3999999999996,5000,True
28,Fixed_50pct,3,BALANCED,1,8,0.5,0.6878327131271362,0.5924757780925146,1064,553.0,2998.5999999999995,3949.7999999999993,3396.7999999999993,2445.5999999999995,6000,True
28,Fixed_50pct,4,BALANCED,1,8,0.5,0.3900892734527588,0.7193782579993301,1064,145.0,145.0,1096.1999999999998,951.1999999999998,0.0,8000,True
28,Fixed_50pct,5,BALANCED,1,8,0.5,0.30801889300346375,0.7645149510828602,1064,413.0,3949.7999999999993,4900.999999999999,4487.999999999999,3536.7999999999993,6000,True
28,Fixed_50pct,6,BANDWIDTH_EFFICIENT,1,8,0.5,0.5284929275512695,0.6542392064594342,1064,201.0,8705.8,9657.0,9456.0,8504.8,6000,False
28,Fixed_50pct,7,BANDWIDTH_EFFICIENT,1,8,0.5,0.21737565100193024,0.8214391335796599,1064,881.0,4900.999999999999,5852.199999999999,4971.199999999999,4019.999999999999,11000,True
28,Fixed_50pct,8,BALANCED,1,8,0.5,0.2041787952184677,0.8304414626555314,1064,230.0,6803.399999999999,7754.5999999999985,7524.5999999999985,6573.399999999999,15000,True
28,Fixed_50pct,9,BANDWIDTH_EFFICIENT,1,8,0.5,0.12853574752807617,0.8861039645313686,1064,393.0,1096.1999999999998,2047.3999999999996,1654.3999999999996,703.1999999999998,6000,True
28,Fixed_50pct,10,BALANCED,1,8,0.5,0.483583003282547,0.6740438504535434,1064,742.0,5852.199999999999,6803.399999999999,6061.399999999999,5110.199999999999,4000,False
28,Fixed_75pct,1,BANDWIDTH_EFFICIENT,2,12,0.75,0.29301151633262634,0.7733883166302369,1580,752.0,9693.0,11057.0,10305.0,8941.0,10000,False
28,Fixed_75pct,2,QUALITY_CRITICAL,2,12,0.75,0.2020910680294037,0.8318837287754803,1580,469.0,12421.0,13785.0,13316.0,11952.0,5000,False
28,Fixed_75pct,3,BALANCED,2,12,0.75,0.30948734283447266,0.763657629431861,1580,553.0,5601.0,6965.0,6412.0,5048.0,6000,False
28,Fixed_75pct,4,BALANCED,2,12,0.75,0.20884613692760468,0.8272351372537727,1580,145.0,145.0,1509.0,1364.0,0.0,8000,True
28,Fixed_75pct,5,BALANCED,2,12,0.75,0.13967017829418182,0.8774468429951943,1580,413.0,11057.0,12421.0,12008.0,10644.0,6000,False
28,Fixed_75pct,6,BANDWIDTH_EFFICIENT,2,12,0.75,0.24230226874351501,0.8049570745865389,1580,201.0,4237.0,5601.0,5400.0,4036.0,6000,True
28,Fixed_75pct,7,BANDWIDTH_EFFICIENT,2,12,0.75,0.12596449255943298,0.8881274734755599,1580,881.0,6965.0,8329.0,7448.0,6084.0,11000,True
28,Fixed_75pct,8,BALANCED,2,12,0.75,0.045939356088638306,0.9560783750786167,1580,230.0,2873.0,4237.0,4007.0,2643.0,15000,True
28,Fixed_75pct,9,BANDWIDTH_EFFICIENT,2,12,0.75,0.04727991670370102,0.9548545561223842,1580,393.0,1509.0,2873.0,2480.0,1116.0,6000,True
28,Fixed_75pct,10,BALANCED,2,12,0.75,0.1853579431772232,0.8436270290808603,1580,742.0,8329.0,9693.0,8951.0,7587.0,4000,False
28,Fixed_100pct,1,BANDWIDTH_EFFICIENT,3,16,1.0,0.16177503764629364,0.8607518388637073,2096,752.0,12582.599999999999,14359.399999999998,13607.399999999998,11830.599999999999,10000,False
28,Fixed_100pct,2,QUALITY_CRITICAL,3,16,1.0,0.14457619190216064,0.8736858298075458,2096,469.0,10805.8,12582.599999999999,12113.599999999999,10336.8,5000,False
28,Fixed_100pct,3,BALANCED,3,16,1.0,0.1433880478143692,0.8745937146286765,2096,553.0,14359.399999999998,16136.199999999997,15583.199999999997,13806.399999999998,6000,False
28,Fixed_100pct,4,BALANCED,3,16,1.0,0.10554113239049911,0.9045344136926966,2096,145.0,145.0,1921.8,1776.8,0.0,8000,True
28,Fixed_100pct,5,BALANCED,3,16,1.0,0.08645519614219666,0.9204245177811444,2096,413.0,9029.0,10805.8,10392.8,8616.0,6000,False
28,Fixed_100pct,6,BANDWIDTH_EFFICIENT,3,16,1.0,0.17011865973472595,0.8546141809470049,2096,201.0,3698.6,5475.4,5274.4,3497.6,6000,True
28,Fixed_100pct,7,BANDWIDTH_EFFICIENT,3,16,1.0,0.08107461780309677,0.9250055301752876,2096,881.0,1921.8,3698.6,2817.6,1040.8,11000,True
28,Fixed_100pct,8,BALANCED,3,16,1.0,0.03087140992283821,0.9700530933095245,2096,230.0,5475.4,7252.2,7022.2,5245.4,15000,True
28,Fixed_100pct,9,BANDWIDTH_EFFICIENT,3,16,1.0,0.02191569097340107,0.9785543062241017,2096,393.0,7252.2,9029.0,8636.0,6859.2,6000,False
28,Fixed_100pct,10,BALANCED,3,16,1.0,0.06962037086486816,0.9349111397265416,2096,742.0,16136.199999999997,17912.999999999996,17170.999999999996,15394.199999999997,4000,False
28,PPO_Raw,1,BANDWIDTH_EFFICIENT,0,4,0.25,1.1404123306274414,0.46719970058612936,548,752.0,4452.2,4990.599999999999,4238.599999999999,3700.2,10000,True
28,PPO_Raw,2,QUALITY_CRITICAL,0,4,0.25,0.5129011273384094,0.6609817270473337,548,469.0,1221.8,1760.1999999999998,1291.1999999999998,752.8,5000,True
28,PPO_Raw,3,BALANCED,0,4,0.25,1.0240424871444702,0.49406077508323715,548,553.0,1760.1999999999998,2298.6,1745.6,1207.1999999999998,6000,True
28,PPO_Raw,4,BALANCED,0,4,0.25,0.6817408204078674,0.5946219464170901,548,145.0,145.0,683.4,538.4,0.0,8000,True
28,PPO_Raw,5,BALANCED,0,4,0.25,0.988669216632843,0.5028488356113698,548,413.0,3375.4,3913.8,3500.8,2962.4,6000,True
28,PPO_Raw,6,BANDWIDTH_EFFICIENT,0,4,0.25,0.8040714263916016,0.55430177839474,548,201.0,683.4,1221.8,1020.8,482.4,6000,True
28,PPO_Raw,7,BANDWIDTH_EFFICIENT,0,4,0.25,0.4632355570793152,0.683416962608567,548,881.0,4990.599999999999,5528.999999999999,4647.999999999999,4109.599999999999,11000,True
28,PPO_Raw,8,BALANCED,0,4,0.25,0.5994187593460083,0.6252271296410787,548,230.0,2298.6,2837.0,2607.0,2068.6,15000,True
28,PPO_Raw,9,BANDWIDTH_EFFICIENT,0,4,0.25,0.43268129229545593,0.69799194376147,548,393.0,2837.0,3375.4,2982.4,2444.0,6000,True
28,PPO_Raw,10,BALANCED,0,4,0.25,0.9302381277084351,0.5180707942947914,548,742.0,3913.8,4452.2,3710.2,3171.8,4000,True
28,PPO_Orchestrated,1,BANDWIDTH_EFFICIENT,0,4,0.25,1.1404123306274414,0.46719970058612936,548,752.0,5690.599999999999,6228.999999999999,5476.999999999999,4938.599999999999,10000,True
28,PPO_Orchestrated,2,QUALITY_CRITICAL,2,12,0.75,0.2020910680294037,0.8318837287754803,1580,469.0,1634.6,2998.6,2529.6,1165.6,5000,True
28,PPO_Orchestrated,3,BALANCED,0,4,0.25,1.0240424871444702,0.49406077508323715,548,553.0,2998.6,3537.0,2984.0,2445.6,6000,True
28,PPO_Orchestrated,4,BALANCED,1,8,0.5,0.3900892734527588,0.7193782579993301,1064,145.0,145.0,1096.1999999999998,951.1999999999998,0.0,8000,True
28,PPO_Orchestrated,5,BALANCED,0,4,0.25,0.988669216632843,0.5028488356113698,548,413.0,5152.2,5690.599999999999,5277.599999999999,4739.2,6000,True
28,PPO_Orchestrated,6,BANDWIDTH_EFFICIENT,0,4,0.25,0.8040714263916016,0.55430177839474,548,201.0,1096.1999999999998,1634.6,1433.6,895.1999999999998,6000,True
28,PPO_Orchestrated,7,BANDWIDTH_EFFICIENT,0,4,0.25,0.4632355570793152,0.683416962608567,548,881.0,4613.8,5152.2,4271.2,3732.8,11000,True
28,PPO_Orchestrated,8,BALANCED,0,4,0.25,0.5994187593460083,0.6252271296410787,548,230.0,4075.4,4613.8,4383.8,3845.4,15000,True
28,PPO_Orchestrated,9,BANDWIDTH_EFFICIENT,0,4,0.25,0.43268129229545593,0.69799194376147,548,393.0,6228.999999999999,6767.399999999999,6374.399999999999,5835.999999999999,6000,False
28,PPO_Orchestrated,10,BALANCED,0,4,0.25,0.9302381277084351,0.5180707942947914,548,742.0,3537.0,4075.4,3333.4,2795.0,4000,True
29,Fixed_25pct,1,QUALITY_CRITICAL,0,4,0.25,0.37839803099632263,0.7254798523451081,548,874.0,2793.0,3331.4,2457.4,1919.0,8000,True
29,Fixed_25pct,2,BALANCED,0,4,0.25,1.6335865259170532,0.3797103266435438,548,139.0,1177.8,1716.1999999999998,1577.1999999999998,1038.8,7000,True
29,Fixed_25pct,3,BANDWIDTH_EFFICIENT,0,4,0.25,0.38059595227241516,0.7243248818410869,548,112.0,639.4,1177.8,1065.8,527.4,7000,True
29,Fixed_25pct,4,BANDWIDTH_EFFICIENT,0,4,0.25,1.2801871299743652,0.43856049657259594,548,375.0,1716.1999999999998,2254.6,1879.6,1341.1999999999998,13000,True
29,Fixed_25pct,5,BALANCED,0,4,0.25,0.6246520280838013,0.6155164199557561,548,101.0,101.0,639.4,538.4,0.0,3000,True
29,Fixed_25pct,6,BANDWIDTH_EFFICIENT,0,4,0.25,0.8473278880119324,0.5413224184452634,548,913.0,4946.599999999999,5484.999999999999,4571.999999999999,4033.5999999999995,11000,True
29,Fixed_25pct,7,BALANCED,0,4,0.25,0.5134835839271545,0.6607273515350736,548,695.0,3331.4,3869.8,3174.8,2636.4,2000,False
29,Fixed_25pct,8,BALANCED,0,4,0.25,0.7245878577232361,0.5798486841489064,548,678.0,2254.6,2793.0,2115.0,1576.6,7000,True
29,Fixed_25pct,9,BALANCED,0,4,0.25,0.3155019283294678,0.760166122500392,548,729.0,3869.8,4408.2,3679.2,3140.8,10000,True
29,Fixed_25pct,10,BALANCED,0,4,0.25,0.7029666900634766,0.5872105460634265,548,738.0,4408.2,4946.599999999999,4208.599999999999,3670.2,2000,False
29,Fixed_50pct,1,QUALITY_CRITICAL,1,8,0.5,0.22580987215042114,0.8157871972802062,1064,874.0,1052.1999999999998,2003.3999999999996,1129.3999999999996,178.19999999999982,8000,True
29,Fixed_50pct,2,BALANCED,1,8,0.5,0.9172267913818359,0.5215867024679186,1064,139.0,4856.999999999999,5808.199999999999,5669.199999999999,4717.999999999999,7000,True
29,Fixed_50pct,3,BANDWIDTH_EFFICIENT,1,8,0.5,0.1912994384765625,0.8394195176309351,1064,112.0,2003.3999999999996,2954.5999999999995,2842.5999999999995,1891.3999999999996,7000,True
29,Fixed_50pct,4,BANDWIDTH_EFFICIENT,1,8,0.5,0.706760585308075,0.5859052573677153,1064,375.0,7710.5999999999985,8661.8,8286.8,7335.5999999999985,13000,True
29,Fixed_50pct,5,BALANCED,1,8,0.5,0.3154703676700592,0.7601843603449498,1064,101.0,101.0,1052.1999999999998,951.1999999999998,0.0,3000,True
29,Fixed_50pct,6,BANDWIDTH_EFFICIENT,1,8,0.5,0.42661768198013306,0.7009586468969098,1064,913.0,2954.5999999999995,3905.7999999999993,2992.7999999999993,2041.5999999999995,11000,True
29,Fixed_50pct,7,BALANCED,1,8,0.5,0.3624075651168823,0.7339947498854419,1064,695.0,6759.399999999999,7710.5999999999985,7015.5999999999985,6064.399999999999,2000,False
29,Fixed_50pct,8,BALANCED,1,8,0.5,0.2944806218147278,0.7725105985735835,1064,678.0,3905.7999999999993,4856.999999999999,4178.999999999999,3227.7999999999993,7000,True
29,Fixed_50pct,9,BALANCED,1,8,0.5,0.17408563196659088,0.8517266311529613,1064,729.0,8661.8,9613.0,8884.0,7932.799999999999,10000,True
29,Fixed_50pct,10,BALANCED,1,8,0.5,0.4145886301994324,0.7069192969966239,1064,738.0,5808.199999999999,6759.399999999999,6021.399999999999,5070.199999999999,2000,False
29,Fixed_75pct,1,QUALITY_CRITICAL,2,12,0.75,0.13496877253055573,0.8810815100845234,1580,874.0,2829.0,4193.0,3319.0,1955.0,8000,True
29,Fixed_75pct,2,BALANCED,2,12,0.75,0.4631522297859192,0.6834558835660693,1580,139.0,8285.0,9649.0,9510.0,8146.0,7000,False
29,Fixed_75pct,3,BANDWIDTH_EFFICIENT,2,12,0.75,0.05365738272666931,0.9490751134037385,1580,112.0,5557.0,6921.0,6809.0,5445.0,7000,True
29,Fixed_75pct,4,BANDWIDTH_EFFICIENT,2,12,0.75,0.27646979689598083,0.783410623918969,1580,375.0,4193.0,5557.0,5182.0,3818.0,13000,True
29,Fixed_75pct,5,BALANCED,2,12,0.75,0.12768515944480896,0.886772333239118,1580,101.0,101.0,1465.0,1364.0,0.0,3000,True
29,Fixed_75pct,6,BANDWIDTH_EFFICIENT,2,12,0.75,0.1732710301876068,0.8523179847371662,1580,913.0,12377.0,13741.0,12828.0,11464.0,11000,False
29,Fixed_75pct,7,BALANCED,2,12,0.75,0.2000659853219986,0.8332875127126302,1580,695.0,1465.0,2829.0,2134.0,770.0,2000,False
29,Fixed_75pct,8,BALANCED,2,12,0.75,0.213815838098526,0.8238482054794457,1580,678.0,11013.0,12377.0,11699.0,10335.0,7000,False
29,Fixed_75pct,9,BALANCED,2,12,0.75,0.13502876460552216,0.8810349404206939,1580,729.0,9649.0,11013.0,10284.0,8920.0,10000,False
29,Fixed_75pct,10,BALANCED,2,12,0.75,0.2854076325893402,0.7779633282444327,1580,738.0,6921.0,8285.0,7547.0,6183.0,2000,False
29,Fixed_100pct,1,QUALITY_CRITICAL,3,16,1.0,0.09129603952169418,0.9163416376350926,2096,874.0,16092.199999999997,17868.999999999996,16994.999999999996,15218.199999999997,8000,False
29,Fixed_100pct,2,BALANCED,3,16,1.0,0.21524322032928467,0.8228805421593203,2096,139.0,5431.4,7208.2,7069.2,5292.4,7000,False
29,Fixed_100pct,3,BANDWIDTH_EFFICIENT,3,16,1.0,0.020992368459701538,0.979439250372291,2096,112.0,3654.6,5431.4,5319.4,3542.6,7000,True
29,Fixed_100pct,4,BANDWIDTH_EFFICIENT,3,16,1.0,0.16621144115924835,0.8574774390876929,2096,375.0,7208.2,8985.0,8610.0,6833.2,13000,True
29,Fixed_100pct,5,BALANCED,3,16,1.0,0.07032785564661026,0.9342931651497348,2096,101.0,101.0,1877.8,1776.8,0.0,3000,True
29,Fixed_100pct,6,BANDWIDTH_EFFICIENT,3,16,1.0,0.07268547266721725,0.9322397156302622,2096,913.0,1877.8,3654.6,2741.6,964.8,11000,True
29,Fixed_100pct,7,BALANCED,3,16,1.0,0.09281047433614731,0.915071756250756,2096,695.0,10761.8,12538.599999999999,11843.599999999999,10066.8,2000,False
29,Fixed_100pct,8,BALANCED,3,16,1.0,0.1262904405593872,0.8878704497423743,2096,678.0,8985.0,10761.8,10083.8,8307.0,7000,False
29,Fixed_100pct,9,BALANCED,3,16,1.0,0.1193203553557396,0.8933992803893774,2096,729.0,12538.599999999999,14315.399999999998,13586.399999999998,11809.599999999999,10000,False
29,Fixed_100pct,10,BALANCED,3,16,1.0,0.22334440052509308,0.8174312970008875,2096,738.0,14315.399999999998,16092.199999999997,15354.199999999997,13577.399999999998,2000,False
29,PPO_Raw,1,QUALITY_CRITICAL,0,4,0.25,0.37839803099632263,0.7254798523451081,548,874.0,2793.0,3331.4,2457.4,1919.0,8000,True
29,PPO_Raw,2,BALANCED,0,4,0.25,1.6335865259170532,0.3797103266435438,548,139.0,1177.8,1716.1999999999998,1577.1999999999998,1038.8,7000,True
29,PPO_Raw,3,BANDWIDTH_EFFICIENT,0,4,0.25,0.38059595227241516,0.7243248818410869,548,112.0,639.4,1177.8,1065.8,527.4,7000,True
29,PPO_Raw,4,BANDWIDTH_EFFICIENT,0,4,0.25,1.2801871299743652,0.43856049657259594,548,375.0,1716.1999999999998,2254.6,1879.6,1341.1999999999998,13000,True
29,PPO_Raw,5,BALANCED,0,4,0.25,0.6246520280838013,0.6155164199557561,548,101.0,101.0,639.4,538.4,0.0,3000,True
29,PPO_Raw,6,BANDWIDTH_EFFICIENT,0,4,0.25,0.8473278880119324,0.5413224184452634,548,913.0,4946.599999999999,5484.999999999999,4571.999999999999,4033.5999999999995,11000,True
29,PPO_Raw,7,BALANCED,0,4,0.25,0.5134835839271545,0.6607273515350736,548,695.0,3331.4,3869.8,3174.8,2636.4,2000,False
29,PPO_Raw,8,BALANCED,0,4,0.25,0.7245878577232361,0.5798486841489064,548,678.0,2254.6,2793.0,2115.0,1576.6,7000,True
29,PPO_Raw,9,BALANCED,0,4,0.25,0.3155019283294678,0.760166122500392,548,729.0,3869.8,4408.2,3679.2,3140.8,10000,True
29,PPO_Raw,10,BALANCED,0,4,0.25,0.7029666900634766,0.5872105460634265,548,738.0,4408.2,4946.599999999999,4208.599999999999,3670.2,2000,False
29,PPO_Orchestrated,1,QUALITY_CRITICAL,2,12,0.75,0.13496877253055573,0.8810815100845234,1580,874.0,3205.8,4569.8,3695.8,2331.8,8000,True
29,PPO_Orchestrated,2,BALANCED,1,8,0.5,0.9172267913818359,0.5215867024679186,1064,139.0,1177.8,2129.0,1990.0,1038.8,7000,True
29,PPO_Orchestrated,3,BANDWIDTH_EFFICIENT,0,4,0.25,0.38059595227241516,0.7243248818410869,548,112.0,639.4,1177.8,1065.8,527.4,7000,True
29,PPO_Orchestrated,4,BANDWIDTH_EFFICIENT,0,4,0.25,1.2801871299743652,0.43856049657259594,548,375.0,2129.0,2667.4,2292.4,1754.0,13000,True
29,PPO_Orchestrated,5,BALANCED,0,4,0.25,0.6246520280838013,0.6155164199557561,548,101.0,101.0,639.4,538.4,0.0,3000,True
29,PPO_Orchestrated,6,BANDWIDTH_EFFICIENT,0,4,0.25,0.8473278880119324,0.5413224184452634,548,913.0,6184.999999999999,6723.399999999999,5810.399999999999,5271.999999999999,11000,True
29,PPO_Orchestrated,7,BALANCED,0,4,0.25,0.5134835839271545,0.6607273515350736,548,695.0,4569.8,5108.2,4413.2,3874.8,2000,False
29,PPO_Orchestrated,8,BALANCED,0,4,0.25,0.7245878577232361,0.5798486841489064,548,678.0,2667.4,3205.8,2527.8,1989.4,7000,True
29,PPO_Orchestrated,9,BALANCED,0,4,0.25,0.3155019283294678,0.760166122500392,548,729.0,5646.599999999999,6184.999999999999,5455.999999999999,4917.599999999999,10000,True
29,PPO_Orchestrated,10,BALANCED,0,4,0.25,0.7029666900634766,0.5872105460634265,548,738.0,5108.2,5646.599999999999,4908.599999999999,4370.2,2000,False
30,Fixed_25pct,1,BALANCED,0,4,0.25,0.35479411482810974,0.7381195334812003,548,689.0,3778.8,4317.2,3628.2,3089.8,4000,True
30,Fixed_25pct,2,BALANCED,0,4,0.25,1.0425206422805786,0.48959113523741377,548,562.0,1625.1999999999998,2163.6,1601.6,1063.1999999999998,3000,True
30,Fixed_25pct,3,QUALITY_CRITICAL,0,4,0.25,0.3199814260005951,0.7575864177346001,548,978.0,4855.599999999999,5393.999999999999,4415.999999999999,3877.5999999999995,9000,True
30,Fixed_25pct,4,BALANCED,0,4,0.25,0.9545156359672546,0.5116357124997457,548,442.0,2702.0,3240.4,2798.4,2260.0,7000,True
30,Fixed_25pct,5,BALANCED,0,4,0.25,1.5325899124145508,0.39485271385552034,548,178.0,548.4,1086.8,908.8,370.4,3000,True
30,Fixed_25pct,6,BALANCED,0,4,0.25,0.5410250425338745,0.6489187212400659,548,525.0,3240.4,3778.8,3253.8,2715.4,4000,True
30,Fixed_25pct,7,BANDWIDTH_EFFICIENT,0,4,0.25,0.5291182994842529,0.6539716386477645,548,871.0,4317.2,4855.599999999999,3984.5999999999995,3446.2,12000,True
30,Fixed_25pct,8,BALANCED,0,4,0.25,0.8355203866958618,0.5448046272044462,548,210.0,2163.6,2702.0,2492.0,1953.6,15000,True
30,Fixed_25pct,9,BALANCED,0,4,0.25,0.5387693643569946,0.6498699695765453,548,525.0,1086.8,1625.1999999999998,1100.1999999999998,561.8,11000,True
30,Fixed_25pct,10,QUALITY_CRITICAL,0,4,0.25,0.789211094379425,0.5589055439804562,548,10.0,10.0,548.4,538.4,0.0,7000,True
30,Fixed_50pct,1,BALANCED,1,8,0.5,0.10844054073095322,0.9021683737231021,1064,689.0,961.1999999999999,1912.3999999999999,1223.3999999999999,272.19999999999993,4000,True
30,Fixed_50pct,2,BALANCED,1,8,0.5,0.47862324118614197,0.6763048031071164,1064,562.0,5717.2,6668.4,6106.4,5155.2,3000,False
30,Fixed_50pct,3,QUALITY_CRITICAL,1,8,0.5,0.18853116035461426,0.841374659206778,1064,978.0,3814.7999999999997,4766.0,3788.0,2836.7999999999997,9000,True
30,Fixed_50pct,4,BALANCED,1,8,0.5,0.4245983958244324,0.7019522153970192,1064,442.0,2863.6,3814.7999999999997,3372.7999999999997,2421.6,7000,True
30,Fixed_50pct,5,BALANCED,1,8,0.5,0.8048710227012634,0.5540562108994073,1064,178.0,8570.8,9522.0,9344.0,8392.8,3000,False
30,Fixed_50pct,6,BALANCED,1,8,0.5,0.23692549765110016,0.8084561292486754,1064,525.0,1912.3999999999999,2863.6,2338.6,1387.3999999999999,4000,True
30,Fixed_50pct,7,BANDWIDTH_EFFICIENT,1,8,0.5,0.43821391463279724,0.6953068593105071,1064,871.0,4766.0,5717.2,4846.2,3895.0,12000,True
30,Fixed_50pct,8,BALANCED,1,8,0.5,0.4677990972995758,0.681292148114669,1064,210.0,6668.4,7619.599999999999,7409.599999999999,6458.4,15000,True
30,Fixed_50pct,9,BALANCED,1,8,0.5,0.2645481526851654,0.7907962997506905,1064,525.0,7619.599999999999,8570.8,8045.799999999999,7094.599999999999,11000,True
30,Fixed_50pct,10,QUALITY_CRITICAL,1,8,0.5,0.479513019323349,0.6758980738522646,1064,10.0,10.0,961.1999999999999,951.1999999999999,0.0,7000,True
30,Fixed_75pct,1,BALANCED,2,12,0.75,0.0770627036690712,0.9284510517293441,1580,689.0,1374.0,2738.0,2049.0,685.0,4000,True
30,Fixed_75pct,2,BALANCED,2,12,0.75,0.1652156412601471,0.8582102441729402,1580,562.0,5466.0,6830.0,6268.0,4904.0,3000,False
30,Fixed_75pct,3,QUALITY_CRITICAL,2,12,0.75,0.12122812122106552,0.8918791645280508,1580,978.0,4102.0,5466.0,4488.0,3124.0,9000,True
30,Fixed_75pct,4,BALANCED,2,12,0.75,0.2820401191711426,0.7800067915554112,1580,442.0,10922.0,12286.0,11844.0,10480.0,7000,False
30,Fixed_75pct,5,BALANCED,2,12,0.75,0.43324559926986694,0.6977171257385519,1580,178.0,9558.0,10922.0,10744.0,9380.0,3000,False
30,Fixed_75pct,6,BALANCED,2,12,0.75,0.07860925793647766,0.9271198004670685,1580,525.0,12286.0,13650.0,13125.0,11761.0,4000,False
30,Fixed_75pct,7,BANDWIDTH_EFFICIENT,2,12,0.75,0.15458627045154572,0.8661111132119311,1580,871.0,2738.0,4102.0,3231.0,1867.0,12000,True
30,Fixed_75pct,8,BALANCED,2,12,0.75,0.19655734300613403,0.8357309458213518,1580,210.0,6830.0,8194.0,7984.0,6620.0,15000,True
30,Fixed_75pct,9,BALANCED,2,12,0.75,0.14452864229679108,0.8737221272097156,1580,525.0,8194.0,9558.0,9033.0,7669.0,11000,True
30,Fixed_75pct,10,QUALITY_CRITICAL,2,12,0.75,0.2452804148197174,0.8030319822742676,1580,10.0,10.0,1374.0,1364.0,0.0,7000,True
30,Fixed_100pct,1,BALANCED,3,16,1.0,0.059236060827970505,0.9440766199163692,2096,689.0,12447.599999999999,14224.399999999998,13535.399999999998,11758.599999999999,4000,False
30,Fixed_100pct,2,BALANCED,3,16,1.0,0.10381633043289185,0.9059478215980212,2096,562.0,16001.199999999997,17777.999999999996,17215.999999999996,15439.199999999997,3000,False
30,Fixed_100pct,3,QUALITY_CRITICAL,3,16,1.0,0.04772459715604782,0.9544492920319024,2096,978.0,1786.8,3563.6,2585.6,808.8,9000,True
30,Fixed_100pct,4,BALANCED,3,16,1.0,0.19411037862300873,0.8374435210530139,2096,442.0,8894.0,10670.8,10228.8,8452.0,7000,False
30,Fixed_100pct,5,BALANCED,3,16,1.0,0.22003701329231262,0.819647264062477,2096,178.0,5340.4,7117.2,6939.2,5162.4,3000,False
30,Fixed_100pct,6,BALANCED,3,16,1.0,0.04625890403985977,0.9557863700263454,2096,525.0,14224.399999999998,16001.199999999997,15476.199999999997,13699.399999999998,4000,False
30,Fixed_100pct,7,BANDWIDTH_EFFICIENT,3,16,1.0,0.10017792880535126,0.9089438842732182,2096,871.0,10670.8,12447.599999999999,11576.599999999999,9799.8,12000,True
30,Fixed_100pct,8,BALANCED,3,16,1.0,0.06577231734991074,0.9382867088221465,2096,210.0,3563.6,5340.4,5130.4,3353.6,15000,True
30,Fixed_100pct,9,BALANCED,3,16,1.0,0.09285862743854523,0.9150314367228006,2096,525.0,7117.2,8894.0,8369.0,6592.2,11000,True
30,Fixed_100pct,10,QUALITY_CRITICAL,3,16,1.0,0.11724346876144409,0.8950600544647461,2096,10.0,10.0,1786.8,1776.8,0.0,7000,True
30,PPO_Raw,1,BALANCED,0,4,0.25,0.35479411482810974,0.7381195334812003,548,689.0,5681.2,6219.599999999999,5530.599999999999,4992.2,4000,False
30,PPO_Raw,2,BALANCED,0,4,0.25,1.0425206422805786,0.48959113523741377,548,562.0,4604.400000000001,5142.8,4580.8,4042.4000000000005,3000,False
30,PPO_Raw,3,QUALITY_CRITICAL,1,8,0.5,0.18853116035461426,0.841374659206778,1064,978.0,3653.2000000000003,4604.400000000001,3626.4000000000005,2675.2000000000003,9000,True
30,PPO_Raw,4,BALANCED,0,4,0.25,0.9545156359672546,0.5116357124997457,548,442.0,2576.4,3114.8,2672.8,2134.4,7000,True
30,PPO_Raw,5,BALANCED,0,4,0.25,1.5325899124145508,0.39485271385552034,548,178.0,1499.6,2038.0,1860.0,1321.6,3000,True
30,PPO_Raw,6,BALANCED,0,4,0.25,0.5410250425338745,0.6489187212400659,548,525.0,961.1999999999999,1499.6,974.5999999999999,436.19999999999993,4000,True
30,PPO_Raw,7,BANDWIDTH_EFFICIENT,0,4,0.25,0.5291182994842529,0.6539716386477645,548,871.0,5142.8,5681.2,4810.2,4271.8,12000,True
30,PPO_Raw,8,BALANCED,0,4,0.25,0.8355203866958618,0.5448046272044462,548,210.0,2038.0,2576.4,2366.4,1828.0,15000,True
30,PPO_Raw,9,BALANCED,0,4,0.25,0.5387693643569946,0.6498699695765453,548,525.0,3114.8,3653.2000000000003,3128.2000000000003,2589.8,11000,True
30,PPO_Raw,10,QUALITY_CRITICAL,1,8,0.5,0.479513019323349,0.6758980738522646,1064,10.0,10.0,961.1999999999999,951.1999999999999,0.0,7000,True
30,PPO_Orchestrated,1,BALANCED,0,4,0.25,0.35479411482810974,0.7381195334812003,548,689.0,4353.200000000001,4891.6,4202.6,3664.2000000000007,4000,False
30,PPO_Orchestrated,2,BALANCED,0,4,0.25,1.0425206422805786,0.48959113523741377,548,562.0,2450.8,2989.2000000000003,2427.2000000000003,1888.8000000000002,3000,True
30,PPO_Orchestrated,3,QUALITY_CRITICAL,2,12,0.75,0.12122812122106552,0.8918791645280508,1580,978.0,2989.2000000000003,4353.200000000001,3375.2000000000007,2011.2000000000003,9000,True
30,PPO_Orchestrated,4,BALANCED,0,4,0.25,0.9545156359672546,0.5116357124997457,548,442.0,5968.4,6506.799999999999,6064.799999999999,5526.4,7000,True
30,PPO_Orchestrated,5,BALANCED,0,4,0.25,1.5325899124145508,0.39485271385552034,548,178.0,6506.799999999999,7045.199999999999,6867.199999999999,6328.799999999999,3000,False
30,PPO_Orchestrated,6,BALANCED,0,4,0.25,0.5410250425338745,0.6489187212400659,548,525.0,1374.0,1912.4,1387.4,849.0,4000,True
30,PPO_Orchestrated,7,BANDWIDTH_EFFICIENT,0,4,0.25,0.5291182994842529,0.6539716386477645,548,871.0,4891.6,5430.0,4559.0,4020.6000000000004,12000,True
30,PPO_Orchestrated,8,BALANCED,0,4,0.25,0.8355203866958618,0.5448046272044462,548,210.0,5430.0,5968.4,5758.4,5220.0,15000,True
30,PPO_Orchestrated,9,BALANCED,0,4,0.25,0.5387693643569946,0.6498699695765453,548,525.0,1912.4,2450.8,1925.8000000000002,1387.4,11000,True
30,PPO_Orchestrated,10,QUALITY_CRITICAL,2,12,0.75,0.2452804148197174,0.8030319822742676,1580,10.0,10.0,1374.0,1364.0,0.0,7000,True
31,Fixed_25pct,1,BALANCED,0,4,0.25,0.7640706896781921,0.5668707075352085,548,433.0,2169.6,2708.0,2275.0,1736.6,4000,True
31,Fixed_25pct,2,QUALITY_CRITICAL,0,4,0.25,0.38820984959602356,0.720352186156153,548,647.0,3246.4,3784.8,3137.8,2599.4,6000,True
31,Fixed_25pct,3,BALANCED,0,4,0.25,1.9673038721084595,0.33700626666504363,548,145.0,1092.8,1631.1999999999998,1486.1999999999998,947.8,12000,True
31,Fixed_25pct,4,QUALITY_CRITICAL,0,4,0.25,0.5237113237380981,0.6562922939672818,548,16.0,16.0,554.4,538.4,0.0,14000,True
31,Fixed_25pct,5,BALANCED,0,4,0.25,0.6591496467590332,0.6027183876712932,548,801.0,3784.8,4323.2,3522.2,2983.8,14000,True
31,Fixed_25pct,6,BALANCED,0,4,0.25,0.7131521701812744,0.5837193084220805,548,962.0,4861.599999999999,5399.999999999999,4437.999999999999,3899.5999999999995,4000,False
31,Fixed_25pct,7,BALANCED,0,4,0.25,1.45622980594635,0.40712802913598484,548,573.0,2708.0,3246.4,2673.4,2135.0,13000,True
31,Fixed_25pct,8,BALANCED,0,4,0.25,0.7353761196136475,0.5762439558190032,548,48.0,554.4,1092.8,1044.8,506.4,13000,True
31,Fixed_25pct,9,BALANCED,0,4,0.25,0.2276480793952942,0.8145656860332259,548,163.0,1631.1999999999998,2169.6,2006.6,1468.1999999999998,13000,True
31,Fixed_25pct,10,QUALITY_CRITICAL,0,4,0.25,0.4074525237083435,0.7105035396612944,548,935.0,4323.2,4861.599999999999,3926.5999999999995,3388.2,13000,True
31,Fixed_50pct,1,BALANCED,1,8,0.5,0.33189114928245544,0.7508121069343701,1064,433.0,967.1999999999999,1918.3999999999999,1485.3999999999999,534.1999999999999,4000,True
31,Fixed_50pct,2,QUALITY_CRITICAL,1,8,0.5,0.10212410241365433,0.9073388358080525,1064,647.0,3820.7999999999997,4772.0,4125.0,3173.7999999999997,6000,True
31,Fixed_50pct,3,BALANCED,1,8,0.5,1.173364281654358,0.4601161473210571,1064,145.0,2869.6,3820.7999999999997,3675.7999999999997,2724.6,12000,True
31,Fixed_50pct,4,QUALITY_CRITICAL,1,8,0.5,0.24469177424907684,0.8034117527636916,1064,16.0,16.0,967.1999999999999,951.1999999999999,0.0,14000,True
31,Fixed_50pct,5,BALANCED,1,8,0.5,0.4295237064361572,0.6995336946828452,1064,801.0,7625.599999999999,8576.8,7775.799999999999,6824.599999999999,14000,True
31,Fixed_50pct,6,BALANCED,1,8,0.5,0.40454068779945374,0.7119765263381136,1064,962.0,5723.2,6674.4,5712.4,4761.2,4000,False
31,Fixed_50pct,7,BALANCED,1,8,0.5,0.768532931804657,0.5654404178832984,1064,573.0,6674.4,7625.599999999999,7052.599999999999,6101.4,13000,True
31,Fixed_50pct,8,BALANCED,1,8,0.5,0.4715512990951538,0.6795549707406685,1064,48.0,1918.3999999999999,2869.6,2821.6,1870.3999999999999,13000,True
31,Fixed_50pct,9,BALANCED,1,8,0.5,0.12111792713403702,0.891966826858566,1064,163.0,4772.0,5723.2,5560.2,4609.0,13000,True
31,Fixed_50pct,10,QUALITY_CRITICAL,1,8,0.5,0.15476655960083008,0.8659758906992177,1064,935.0,8576.8,9528.0,8593.0,7641.799999999999,13000,True
31,Fixed_75pct,1,BALANCED,2,12,0.75,0.19561578333377838,0.8363890924989833,1580,433.0,1380.0,2744.0,2311.0,947.0,4000,True
31,Fixed_75pct,2,QUALITY_CRITICAL,2,12,0.75,0.031827520579099655,0.9691542239915865,1580,647.0,8200.0,9564.0,8917.0,7553.0,6000,False
31,Fixed_75pct,3,BALANCED,2,12,0.75,0.5181640982627869,0.6586903228341953,1580,145.0,6836.0,8200.0,8055.0,6691.0,12000,True
31,Fixed_75pct,4,QUALITY_CRITICAL,2,12,0.75,0.09651104360818863,0.9119835188429944,1580,16.0,16.0,1380.0,1364.0,0.0,14000,True
31,Fixed_75pct,5,BALANCED,2,12,0.75,0.1933639943599701,0.8379672964210086,1580,801.0,10928.0,12292.0,11491.0,10127.0,14000,True
31,Fixed_75pct,6,BALANCED,2,12,0.75,0.19913601875305176,0.8339337526028717,1580,962.0,5472.0,6836.0,5874.0,4510.0,4000,False
31,Fixed_75pct,7,BALANCED,2,12,0.75,0.19467002153396606,0.837051220818274,1580,573.0,9564.0,10928.0,10355.0,8991.0,13000,True
31,Fixed_75pct,8,BALANCED,2,12,0.75,0.175011545419693,0.851055467410593,1580,48.0,12292.0,13656.0,13608.0,12244.0,13000,False
31,Fixed_75pct,9,BALANCED,2,12,0.75,0.10258901864290237,0.9069562485130027,1580,163.0,4108.0,5472.0,5309.0,3945.0,13000,True
31,Fixed_75pct,10,QUALITY_CRITICAL,2,12,0.75,0.10339564085006714,0.906293230621783,1580,935.0,2744.0,4108.0,3173.0,1809.0,13000,True
31,Fixed_100pct,1,BALANCED,3,16,1.0,0.11548024415969849,0.8964748638406493,2096,433.0,3569.6,5346.4,4913.4,3136.6,4000,False
31,Fixed_100pct,2,QUALITY_CRITICAL,3,16,1.0,0.024465110152959824,0.976119137771996,2096,647.0,7123.2,8900.0,8253.0,6476.2,6000,False
31,Fixed_100pct,3,BALANCED,3,16,1.0,0.2786587178707123,0.7820695123912743,2096,145.0,1792.8,3569.6,3424.6,1647.8,12000,True
31,Fixed_100pct,4,QUALITY_CRITICAL,3,16,1.0,0.0809696689248085,0.9250953368512685,2096,16.0,16.0,1792.8,1776.8,0.0,14000,True
31,Fixed_100pct,5,BALANCED,3,16,1.0,0.09030096977949142,0.9171779423458145,2096,801.0,12453.599999999999,14230.399999999998,13429.399999999998,11652.599999999999,14000,True
31,Fixed_100pct,6,BALANCED,3,16,1.0,0.1379750818014145,0.8787538637638709,2096,962.0,16007.199999999997,17783.999999999996,16821.999999999996,15045.199999999997,4000,False
31,Fixed_100pct,7,BALANCED,3,16,1.0,0.07015646249055862,0.9344427988340279,2096,573.0,10676.8,12453.599999999999,11880.599999999999,10103.8,13000,True
31,Fixed_100pct,8,BALANCED,3,16,1.0,0.05849314481019974,0.94473923133372,2096,48.0,5346.4,7123.2,7075.2,5298.4,13000,True
31,Fixed_100pct,9,BALANCED,3,16,1.0,0.08708244562149048,0.9198934303720588,2096,163.0,8900.0,10676.8,10513.8,8737.0,13000,True
31,Fixed_100pct,10,QUALITY_CRITICAL,3,16,1.0,0.029371775686740875,0.971466309470992,2096,935.0,14230.399999999998,16007.199999999997,15072.199999999997,13295.399999999998,13000,False
31,PPO_Raw,1,BALANCED,2,12,0.75,0.19561578333377838,0.8363890924989833,1580,433.0,3120.8,4484.8,4051.8,2687.8,4000,False
31,PPO_Raw,2,QUALITY_CRITICAL,0,4,0.25,0.38820984959602356,0.720352186156153,548,647.0,2582.4,3120.8,2473.8,1935.4,6000,True
31,PPO_Raw,3,BALANCED,0,4,0.25,1.9673038721084595,0.33700626666504363,548,145.0,1505.6,2044.0,1899.0,1360.6,12000,True
31,PPO_Raw,4,QUALITY_CRITICAL,1,8,0.5,0.24469177424907684,0.8034117527636916,1064,16.0,16.0,967.1999999999999,951.1999999999999,0.0,14000,True
31,PPO_Raw,5,BALANCED,1,8,0.5,0.4295237064361572,0.6995336946828452,1064,801.0,5023.2,5974.4,5173.4,4222.2,14000,True
31,PPO_Raw,6,BALANCED,0,4,0.25,0.7131521701812744,0.5837193084220805,548,962.0,6512.799999999999,7051.199999999999,6089.199999999999,5550.799999999999,4000,False
31,PPO_Raw,7,BALANCED,0,4,0.25,1.45622980594635,0.40712802913598484,548,573.0,4484.8,5023.2,4450.2,3911.8,13000,True
31,PPO_Raw,8,BALANCED,0,4,0.25,0.7353761196136475,0.5762439558190032,548,48.0,967.1999999999999,1505.6,1457.6,919.1999999999999,13000,True
31,PPO_Raw,9,BALANCED,0,4,0.25,0.2276480793952942,0.8145656860332259,548,163.0,2044.0,2582.4,2419.4,1881.0,13000,True
31,PPO_Raw,10,QUALITY_CRITICAL,0,4,0.25,0.4074525237083435,0.7105035396612944,548,935.0,5974.4,6512.799999999999,5577.799999999999,5039.4,13000,True
31,PPO_Orchestrated,1,BALANCED,2,12,0.75,0.19561578333377838,0.8363890924989833,1580,433.0,1380.0,2744.0,2311.0,947.0,4000,True
31,PPO_Orchestrated,2,QUALITY_CRITICAL,2,12,0.75,0.031827520579099655,0.9691542239915865,1580,647.0,7751.199999999999,9115.199999999999,8468.199999999999,7104.199999999999,6000,False
31,PPO_Orchestrated,3,BALANCED,0,4,0.25,1.9673038721084595,0.33700626666504363,548,145.0,3282.4,3820.8,3675.8,3137.4,12000,True
31,PPO_Orchestrated,4,QUALITY_CRITICAL,2,12,0.75,0.09651104360818863,0.9119835188429944,1580,16.0,16.0,1380.0,1364.0,0.0,14000,True
31,PPO_Orchestrated,5,BALANCED,1,8,0.5,0.4295237064361572,0.6995336946828452,1064,801.0,5435.999999999999,6387.199999999999,5586.199999999999,4634.999999999999,14000,True
31,PPO_Orchestrated,6,BALANCED,0,4,0.25,0.7131521701812744,0.5837193084220805,548,962.0,4897.599999999999,5435.999999999999,4473.999999999999,3935.5999999999995,4000,False
31,PPO_Orchestrated,7,BALANCED,0,4,0.25,1.45622980594635,0.40712802913598484,548,573.0,4359.2,4897.599999999999,4324.599999999999,3786.2,13000,True
31,PPO_Orchestrated,8,BALANCED,0,4,0.25,0.7353761196136475,0.5762439558190032,548,48.0,2744.0,3282.4,3234.4,2696.0,13000,True
31,PPO_Orchestrated,9,BALANCED,0,4,0.25,0.2276480793952942,0.8145656860332259,548,163.0,3820.8,4359.2,4196.2,3657.8,13000,True
31,PPO_Orchestrated,10,QUALITY_CRITICAL,2,12,0.75,0.10339564085006714,0.906293230621783,1580,935.0,6387.199999999999,7751.199999999999,6816.199999999999,5452.199999999999,13000,True
32,Fixed_25pct,1,BANDWIDTH_EFFICIENT,0,4,0.25,0.5692168474197388,0.6372605555722262,548,486.0,1753.1999999999998,2291.6,1805.6,1267.1999999999998,15000,True
32,Fixed_25pct,2,BALANCED,0,4,0.25,1.1587642431259155,0.4632279801670184,548,879.0,2291.6,2830.0,1951.0,1412.6,2000,True
32,Fixed_25pct,3,BALANCED,0,4,0.25,1.610978603363037,0.38299815966012246,548,729.0,4983.599999999999,5521.999999999999,4792.999999999999,4254.599999999999,4000,False
32,Fixed_25pct,4,BANDWIDTH_EFFICIENT,0,4,0.25,0.296159952878952,0.771509718209439,548,978.0,4445.2,4983.599999999999,4005.5999999999995,3467.2,7000,True
32,Fixed_25pct,5,BALANCED,0,4,0.25,0.7148584723472595,0.5831385015879605,548,544.0,3906.8,4445.2,3901.2,3362.8,12000,True
32,Fixed_25pct,6,BANDWIDTH_EFFICIENT,0,4,0.25,0.4262418746948242,0.7011433458395491,548,138.0,138.0,676.4,538.4,0.0,2000,True
32,Fixed_25pct,7,BALANCED,0,4,0.25,1.3959439992904663,0.41737202551317537,548,536.0,3368.4,3906.8,3370.8,2832.4,2000,False
32,Fixed_25pct,8,BANDWIDTH_EFFICIENT,0,4,0.25,0.5963180661201477,0.6264415727816078,548,405.0,1214.8,1753.1999999999998,1348.1999999999998,809.8,10000,True
32,Fixed_25pct,9,BALANCED,0,4,0.25,0.6664795875549316,0.6000673560407696,548,891.0,2830.0,3368.4,2477.4,1939.0,6000,True
32,Fixed_25pct,10,BANDWIDTH_EFFICIENT,0,4,0.25,1.276751160621643,0.4392223521374907,548,195.0,676.4,1214.8,1019.8,481.4,8000,True
32,Fixed_50pct,1,BANDWIDTH_EFFICIENT,1,8,0.5,0.3428508937358856,0.7446843165274624,1064,486.0,6796.399999999999,7747.5999999999985,7261.5999999999985,6310.399999999999,15000,True
32,Fixed_50pct,2,BALANCED,1,8,0.5,0.6018293499946594,0.6242862262470931,1064,879.0,3942.7999999999993,4893.999999999999,4014.999999999999,3063.7999999999993,2000,False
32,Fixed_50pct,3,BALANCED,1,8,0.5,0.8046405911445618,0.5541269574158073,1064,729.0,8698.8,9650.0,8921.0,7969.799999999999,4000,False
32,Fixed_50pct,4,BANDWIDTH_EFFICIENT,1,8,0.5,0.13117848336696625,0.8840337883934002,1064,978.0,2040.3999999999996,2991.5999999999995,2013.5999999999995,1062.3999999999996,7000,True
32,Fixed_50pct,5,BALANCED,1,8,0.5,0.24491196870803833,0.8032696488875383,1064,544.0,7747.5999999999985,8698.8,8154.799999999999,7203.5999999999985,12000,True
32,Fixed_50pct,6,BANDWIDTH_EFFICIENT,1,8,0.5,0.2038281261920929,0.8306833660409356,1064,138.0,138.0,1089.1999999999998,951.1999999999998,0.0,2000,True
32,Fixed_50pct,7,BALANCED,1,8,0.5,0.9181323647499084,0.5213404551100325,1064,536.0,1089.1999999999998,2040.3999999999996,1504.3999999999996,553.1999999999998,2000,True
32,Fixed_50pct,8,BANDWIDTH_EFFICIENT,1,8,0.5,0.19580872356891632,0.8362541435686126,1064,405.0,5845.199999999999,6796.399999999999,6391.399999999999,5440.199999999999,10000,True
32,Fixed_50pct,9,BALANCED,1,8,0.5,0.3139723837375641,0.7610510025755055,1064,891.0,2991.5999999999995,3942.7999999999993,3051.7999999999993,2100.5999999999995,6000,True
32,Fixed_50pct,10,BANDWIDTH_EFFICIENT,1,8,0.5,0.6741687655448914,0.5973113467294501,1064,195.0,4893.999999999999,5845.199999999999,5650.199999999999,4698.999999999999,8000,True
32,Fixed_75pct,1,BANDWIDTH_EFFICIENT,2,12,0.75,0.1593274176120758,0.8625690937765879,1580,486.0,6958.0,8322.0,7836.0,6472.0,15000,True
32,Fixed_75pct,2,BALANCED,2,12,0.75,0.3477146029472351,0.7419968573562687,1580,879.0,9686.0,11050.0,10171.0,8807.0,2000,False
32,Fixed_75pct,3,BALANCED,2,12,0.75,0.30979374051094055,0.7634789883862994,1580,729.0,12414.0,13778.0,13049.0,11685.0,4000,False
32,Fixed_75pct,4,BANDWIDTH_EFFICIENT,2,12,0.75,0.05783667042851448,0.9453255194820523,1580,978.0,1502.0,2866.0,1888.0,524.0,7000,True
32,Fixed_75pct,5,BALANCED,2,12,0.75,0.05749749392271042,0.945628718504639,1580,544.0,5594.0,6958.0,6414.0,5050.0,12000,True
32,Fixed_75pct,6,BANDWIDTH_EFFICIENT,2,12,0.75,0.10193663090467453,0.9074932005654572,1580,138.0,138.0,1502.0,1364.0,0.0,2000,True
32,Fixed_75pct,7,BALANCED,2,12,0.75,0.39203208684921265,0.7183742454266586,1580,536.0,11050.0,12414.0,11878.0,10514.0,2000,False
32,Fixed_75pct,8,BANDWIDTH_EFFICIENT,2,12,0.75,0.056649960577487946,0.9463872022987374,1580,405.0,2866.0,4230.0,3825.0,2461.0,10000,True
32,Fixed_75pct,9,BALANCED,2,12,0.75,0.10877591371536255,0.9018954936071178,1580,891.0,8322.0,9686.0,8795.0,7431.0,6000,False
32,Fixed_75pct,10,BANDWIDTH_EFFICIENT,2,12,0.75,0.40040865540504456,0.714077277472101,1580,195.0,4230.0,5594.0,5399.0,4035.0,8000,True
32,Fixed_100pct,1,BANDWIDTH_EFFICIENT,3,16,1.0,0.08591587096452713,0.9208816509070676,2096,486.0,9022.0,10798.8,10312.8,8536.0,15000,True
32,Fixed_100pct,2,BALANCED,3,16,1.0,0.26868510246276855,0.7882176578402335,2096,879.0,12575.599999999999,14352.399999999998,13473.399999999998,11696.599999999999,2000,False
32,Fixed_100pct,3,BALANCED,3,16,1.0,0.1838434636592865,0.8447062729974263,2096,729.0,16129.199999999997,17905.999999999996,17176.999999999996,15400.199999999997,4000,False
32,Fixed_100pct,4,BANDWIDTH_EFFICIENT,3,16,1.0,0.04061274603009224,0.960972276973323,2096,978.0,1914.8,3691.6,2713.6,936.8,7000,True
32,Fixed_100pct,5,BALANCED,3,16,1.0,0.0567733533680439,0.9462766986060904,2096,544.0,7245.2,9022.0,8478.0,6701.2,12000,True
32,Fixed_100pct,6,BANDWIDTH_EFFICIENT,3,16,1.0,0.0683051347732544,0.9360621487719873,2096,138.0,138.0,1914.8,1776.8,0.0,2000,True
32,Fixed_100pct,7,BALANCED,3,16,1.0,0.22550062835216522,0.815993053667073,2096,536.0,14352.399999999998,16129.199999999997,15593.199999999997,13816.399999999998,2000,False
32,Fixed_100pct,8,BANDWIDTH_EFFICIENT,3,16,1.0,0.044994328171014786,0.9569429929349326,2096,405.0,3691.6,5468.4,5063.4,3286.6,10000,True
32,Fixed_100pct,9,BALANCED,3,16,1.0,0.05020541325211525,0.9521946729481742,2096,891.0,10798.8,12575.599999999999,11684.599999999999,9907.8,6000,False
32,Fixed_100pct,10,BANDWIDTH_EFFICIENT,3,16,1.0,0.21386384963989258,0.823815620093359,2096,195.0,5468.4,7245.2,7050.2,5273.4,8000,True
32,PPO_Raw,1,BANDWIDTH_EFFICIENT,0,4,0.25,0.5692168474197388,0.6372605555722262,548,486.0,1753.1999999999998,2291.6,1805.6,1267.1999999999998,15000,True
32,PPO_Raw,2,BALANCED,0,4,0.25,1.1587642431259155,0.4632279801670184,548,879.0,2291.6,2830.0,1951.0,1412.6,2000,True
32,PPO_Raw,3,BALANCED,0,4,0.25,1.610978603363037,0.38299815966012246,548,729.0,4983.599999999999,5521.999999999999,4792.999999999999,4254.599999999999,4000,False
32,PPO_Raw,4,BANDWIDTH_EFFICIENT,0,4,0.25,0.296159952878952,0.771509718209439,548,978.0,4445.2,4983.599999999999,4005.5999999999995,3467.2,7000,True
32,PPO_Raw,5,BALANCED,0,4,0.25,0.7148584723472595,0.5831385015879605,548,544.0,3906.8,4445.2,3901.2,3362.8,12000,True
32,PPO_Raw,6,BANDWIDTH_EFFICIENT,0,4,0.25,0.4262418746948242,0.7011433458395491,548,138.0,138.0,676.4,538.4,0.0,2000,True
32,PPO_Raw,7,BALANCED,0,4,0.25,1.3959439992904663,0.41737202551317537,548,536.0,3368.4,3906.8,3370.8,2832.4,2000,False
32,PPO_Raw,8,BANDWIDTH_EFFICIENT,0,4,0.25,0.5963180661201477,0.6264415727816078,548,405.0,1214.8,1753.1999999999998,1348.1999999999998,809.8,10000,True
32,PPO_Raw,9,BALANCED,0,4,0.25,0.6664795875549316,0.6000673560407696,548,891.0,2830.0,3368.4,2477.4,1939.0,6000,True
32,PPO_Raw,10,BANDWIDTH_EFFICIENT,0,4,0.25,1.276751160621643,0.4392223521374907,548,195.0,676.4,1214.8,1019.8,481.4,8000,True
32,PPO_Orchestrated,1,BANDWIDTH_EFFICIENT,0,4,0.25,0.5692168474197388,0.6372605555722262,548,486.0,1753.1999999999998,2291.6,1805.6,1267.1999999999998,15000,True
32,PPO_Orchestrated,2,BALANCED,0,4,0.25,1.1587642431259155,0.4632279801670184,548,879.0,4445.2,4983.599999999999,4104.599999999999,3566.2,2000,False
32,PPO_Orchestrated,3,BALANCED,1,8,0.5,0.8046405911445618,0.5541269574158073,1064,729.0,4983.599999999999,5934.799999999999,5205.799999999999,4254.599999999999,4000,False
32,PPO_Orchestrated,4,BANDWIDTH_EFFICIENT,0,4,0.25,0.296159952878952,0.771509718209439,548,978.0,3906.8,4445.2,3467.2,2928.8,7000,True
32,PPO_Orchestrated,5,BALANCED,0,4,0.25,0.7148584723472595,0.5831385015879605,548,544.0,3368.4,3906.8,3362.8,2824.4,12000,True
32,PPO_Orchestrated,6,BANDWIDTH_EFFICIENT,0,4,0.25,0.4262418746948242,0.7011433458395491,548,138.0,138.0,676.4,538.4,0.0,2000,True
32,PPO_Orchestrated,7,BALANCED,0,4,0.25,1.3959439992904663,0.41737202551317537,548,536.0,2291.6,2830.0,2294.0,1755.6,2000,False
32,PPO_Orchestrated,8,BANDWIDTH_EFFICIENT,0,4,0.25,0.5963180661201477,0.6264415727816078,548,405.0,1214.8,1753.1999999999998,1348.1999999999998,809.8,10000,True
32,PPO_Orchestrated,9,BALANCED,0,4,0.25,0.6664795875549316,0.6000673560407696,548,891.0,2830.0,3368.4,2477.4,1939.0,6000,True
32,PPO_Orchestrated,10,BANDWIDTH_EFFICIENT,0,4,0.25,1.276751160621643,0.4392223521374907,548,195.0,676.4,1214.8,1019.8,481.4,8000,True
33,Fixed_25pct,1,BALANCED,0,4,0.25,0.4103219509124756,0.7090579561305147,548,931.0,4857.599999999999,5395.999999999999,4464.999999999999,3926.5999999999995,3000,False
33,Fixed_25pct,2,BANDWIDTH_EFFICIENT,0,4,0.25,1.1079200506210327,0.4744012941597957,548,569.0,2165.6,2704.0,2135.0,1596.6,10000,True
33,Fixed_25pct,3,BANDWIDTH_EFFICIENT,0,4,0.25,0.6173006296157837,0.6183142340317808,548,664.0,2704.0,3242.4,2578.4,2040.0,10000,True
33,Fixed_25pct,4,BALANCED,0,4,0.25,0.7315561175346375,0.577515212977206,548,12.0,12.0,550.4,538.4,0.0,4000,True
33,Fixed_25pct,5,QUALITY_CRITICAL,0,4,0.25,0.22535650432109833,0.8160890291711833,548,27.0,550.4,1088.8,1061.8,523.4,14000,True
33,Fixed_25pct,6,BALANCED,0,4,0.25,1.3407530784606934,0.4272129380932446,548,750.0,1088.8,1627.1999999999998,877.1999999999998,338.79999999999995,3000,True
33,Fixed_25pct,7,BANDWIDTH_EFFICIENT,0,4,0.25,0.9545437693595886,0.5116283480966265,548,966.0,3780.8,4319.2,3353.2,2814.8,8000,True
33,Fixed_25pct,8,BALANCED,0,4,0.25,1.4954595565795898,0.4007277927479832,548,971.0,4319.2,4857.599999999999,3886.5999999999995,3348.2,4000,True
33,Fixed_25pct,9,BALANCED,0,4,0.25,0.9915270805358887,0.5021272418404251,548,252.0,1627.1999999999998,2165.6,1913.6,1375.1999999999998,15000,True
33,Fixed_25pct,10,BALANCED,0,4,0.25,0.890566349029541,0.5289420286748024,548,915.0,3242.4,3780.8,2865.8,2327.4,10000,True
33,Fixed_50pct,1,BALANCED,1,8,0.5,0.18351811170578003,0.8449384847678595,1064,931.0,4768.0,5719.2,4788.2,3837.0,3000,False
33,Fixed_50pct,2,BANDWIDTH_EFFICIENT,1,8,0.5,0.3735385835170746,0.7280465303270958,1064,569.0,5719.2,6670.4,6101.4,5150.2,10000,True
33,Fixed_50pct,3,BANDWIDTH_EFFICIENT,1,8,0.5,0.2261979728937149,0.8155289945881182,1064,664.0,2865.6,3816.7999999999997,3152.7999999999997,2201.6,10000,True
33,Fixed_50pct,4,BALANCED,1,8,0.5,0.4224366247653961,0.7030190186258253,1064,12.0,12.0,963.1999999999999,951.1999999999999,0.0,4000,True
33,Fixed_50pct,5,QUALITY_CRITICAL,1,8,0.5,0.12598870694637299,0.8881083742944028,1064,27.0,963.1999999999999,1914.3999999999999,1887.3999999999999,936.1999999999999,14000,True
33,Fixed_50pct,6,BALANCED,1,8,0.5,0.7920132279396057,0.5580315950846887,1064,750.0,1914.3999999999999,2865.6,2115.6,1164.3999999999999,3000,True
33,Fixed_50pct,7,BANDWIDTH_EFFICIENT,1,8,0.5,0.6093015074729919,0.6213875991269352,1064,966.0,6670.4,7621.599999999999,6655.599999999999,5704.4,8000,True
33,Fixed_50pct,8,BALANCED,1,8,0.5,0.8226175904273987,0.5486614445356598,1064,971.0,8572.8,9524.0,8553.0,7601.799999999999,4000,False
33,Fixed_50pct,9,BALANCED,1,8,0.5,0.577461838722229,0.6339297569379029,1064,252.0,3816.7999999999997,4768.0,4516.0,3564.7999999999997,15000,True
33,Fixed_50pct,10,BALANCED,1,8,0.5,0.37825605273246765,0.7255545861869757,1064,915.0,7621.599999999999,8572.8,7657.799999999999,6706.599999999999,10000,True
33,Fixed_75pct,1,BALANCED,2,12,0.75,0.05437339469790459,0.9484306081969344,1580,931.0,1376.0,2740.0,1809.0,445.0,3000,True
33,Fixed_75pct,2,BANDWIDTH_EFFICIENT,2,12,0.75,0.17775282263755798,0.8490745942433969,1580,569.0,5468.0,6832.0,6263.0,4899.0,10000,True
33,Fixed_75pct,3,BANDWIDTH_EFFICIENT,2,12,0.75,0.06495675444602966,0.9390052655426192,1580,664.0,8196.0,9560.0,8896.0,7532.0,10000,True
33,Fixed_75pct,4,BALANCED,2,12,0.75,0.17531520128250122,0.8508355876864371,1580,12.0,12.0,1376.0,1364.0,0.0,4000,True
33,Fixed_75pct,5,QUALITY_CRITICAL,2,12,0.75,0.04173342511057854,0.9599384793608321,1580,27.0,9560.0,10924.0,10897.0,9533.0,14000,True
33,Fixed_75pct,6,BALANCED,2,12,0.75,0.5382611751556396,0.6500846645231236,1580,750.0,6832.0,8196.0,7446.0,6082.0,3000,False
33,Fixed_75pct,7,BANDWIDTH_EFFICIENT,2,12,0.75,0.2579213082790375,0.7949622869240528,1580,966.0,2740.0,4104.0,3138.0,1774.0,8000,True
33,Fixed_75pct,8,BALANCED,2,12,0.75,0.48816725611686707,0.6719674793875918,1580,971.0,4104.0,5468.0,4497.0,3133.0,4000,False
33,Fixed_75pct,9,BALANCED,2,12,0.75,0.18525531888008118,0.8437000737907471,1580,252.0,10924.0,12288.0,12036.0,10672.0,15000,True
33,Fixed_75pct,10,BALANCED,2,12,0.75,0.1605125516653061,0.861688224366919,1580,915.0,12288.0,13652.0,12737.0,11373.0,10000,False
33,Fixed_100pct,1,BALANCED,3,16,1.0,0.039174050092697144,0.9623027056062431,2096,931.0,1788.8,3565.6,2634.6,857.8,3000,True
33,Fixed_100pct,2,BANDWIDTH_EFFICIENT,3,16,1.0,0.07712937891483307,0.9283935798013996,2096,569.0,8896.0,10672.8,10103.8,8327.0,10000,False
33,Fixed_100pct,3,BANDWIDTH_EFFICIENT,3,16,1.0,0.03025023639202118,0.9706379718989837,2096,664.0,10672.8,12449.599999999999,11785.599999999999,10008.8,10000,False
33,Fixed_100pct,4,BALANCED,3,16,1.0,0.13156993687152863,0.8837279671504155,2096,12.0,12.0,1788.8,1776.8,0.0,4000,True
33,Fixed_100pct,5,QUALITY_CRITICAL,3,16,1.0,0.025599997490644455,0.9750390039457094,2096,27.0,5342.4,7119.2,7092.2,5315.4,14000,True
33,Fixed_100pct,6,BALANCED,3,16,1.0,0.36816585063934326,0.7309055400942075,2096,750.0,14226.399999999998,16003.199999999997,15253.199999999997,13476.399999999998,3000,False
33,Fixed_100pct,7,BANDWIDTH_EFFICIENT,3,16,1.0,0.1349283754825592,0.8811128716160708,2096,966.0,3565.6,5342.4,4376.4,2599.6,8000,True
33,Fixed_100pct,8,BALANCED,3,16,1.0,0.2504880428314209,0.7996877744914276,2096,971.0,12449.599999999999,14226.399999999998,13255.399999999998,11478.599999999999,4000,False
33,Fixed_100pct,9,BALANCED,3,16,1.0,0.06545624136924744,0.938565058959974,2096,252.0,7119.2,8896.0,8644.0,6867.2,15000,True
33,Fixed_100pct,10,BALANCED,3,16,1.0,0.07740046083927155,0.9281599891102903,2096,915.0,16003.199999999997,17779.999999999996,16864.999999999996,15088.199999999997,10000,False
33,PPO_Raw,1,BALANCED,0,4,0.25,0.4103219509124756,0.7090579561305147,548,931.0,5683.2,6221.599999999999,5290.599999999999,4752.2,3000,False
33,PPO_Raw,2,BANDWIDTH_EFFICIENT,0,4,0.25,1.1079200506210327,0.4744012941597957,548,569.0,2165.6,2704.0,2135.0,1596.6,10000,True
33,PPO_Raw,3,BANDWIDTH_EFFICIENT,0,4,0.25,0.6173006296157837,0.6183142340317808,548,664.0,2704.0,3242.4,2578.4,2040.0,10000,True
33,PPO_Raw,4,BALANCED,0,4,0.25,0.7315561175346375,0.577515212977206,548,12.0,12.0,550.4,538.4,0.0,4000,True
33,PPO_Raw,5,QUALITY_CRITICAL,0,4,0.25,0.22535650432109833,0.8160890291711833,548,27.0,550.4,1088.8,1061.8,523.4,14000,True
33,PPO_Raw,6,BALANCED,0,4,0.25,1.3407530784606934,0.4272129380932446,548,750.0,1088.8,1627.1999999999998,877.1999999999998,338.79999999999995,3000,True
33,PPO_Raw,7,BANDWIDTH_EFFICIENT,0,4,0.25,0.9545437693595886,0.5116283480966265,548,966.0,3780.8,4319.2,3353.2,2814.8,8000,True
33,PPO_Raw,8,BALANCED,2,12,0.75,0.48816725611686707,0.6719674793875918,1580,971.0,4319.2,5683.2,4712.2,3348.2,4000,False
33,PPO_Raw,9,BALANCED,0,4,0.25,0.9915270805358887,0.5021272418404251,548,252.0,1627.1999999999998,2165.6,1913.6,1375.1999999999998,15000,True
33,PPO_Raw,10,BALANCED,0,4,0.25,0.890566349029541,0.5289420286748024,548,915.0,3242.4,3780.8,2865.8,2327.4,10000,True
33,PPO_Orchestrated,1,BALANCED,0,4,0.25,0.4103219509124756,0.7090579561305147,548,931.0,6508.8,7047.2,6116.2,5577.8,3000,False
33,PPO_Orchestrated,2,BANDWIDTH_EFFICIENT,0,4,0.25,1.1079200506210327,0.4744012941597957,548,569.0,3529.6000000000004,4068.0000000000005,3499.0000000000005,2960.6000000000004,10000,True
33,PPO_Orchestrated,3,BANDWIDTH_EFFICIENT,0,4,0.25,0.6173006296157837,0.6183142340317808,548,664.0,4606.400000000001,5144.8,4480.8,3942.4000000000005,10000,True
33,PPO_Orchestrated,4,BALANCED,0,4,0.25,0.7315561175346375,0.577515212977206,548,12.0,12.0,550.4,538.4,0.0,4000,True
33,PPO_Orchestrated,5,QUALITY_CRITICAL,2,12,0.75,0.04173342511057854,0.9599384793608321,1580,27.0,550.4,1914.4,1887.4,523.4,14000,True
33,PPO_Orchestrated,6,BALANCED,0,4,0.25,1.3407530784606934,0.4272129380932446,548,750.0,1914.4,2452.8,1702.8000000000002,1164.4,3000,True
33,PPO_Orchestrated,7,BANDWIDTH_EFFICIENT,0,4,0.25,0.9545437693595886,0.5116283480966265,548,966.0,4068.0000000000005,4606.400000000001,3640.4000000000005,3102.0000000000005,8000,True
33,PPO_Orchestrated,8,BALANCED,2,12,0.75,0.48816725611686707,0.6719674793875918,1580,971.0,5144.8,6508.8,5537.8,4173.8,4000,False
33,PPO_Orchestrated,9,BALANCED,0,4,0.25,0.9915270805358887,0.5021272418404251,548,252.0,2991.2000000000003,3529.6000000000004,3277.6000000000004,2739.2000000000003,15000,True
33,PPO_Orchestrated,10,BALANCED,0,4,0.25,0.890566349029541,0.5289420286748024,548,915.0,2452.8,2991.2000000000003,2076.2000000000003,1537.8000000000002,10000,True
34,Fixed_25pct,1,LATENCY_CRITICAL,0,4,0.25,0.8039893507957458,0.5543269973067727,548,79.0,1142.8,1681.1999999999998,1602.1999999999998,1063.8,11000,True
34,Fixed_25pct,2,BANDWIDTH_EFFICIENT,0,4,0.25,0.41857823729515076,0.7049311583312687,548,996.0,4911.599999999999,5449.999999999999,4453.999999999999,3915.5999999999995,10000,True
34,Fixed_25pct,3,BANDWIDTH_EFFICIENT,0,4,0.25,1.33100426197052,0.4289996446229779,548,944.0,3834.8,4373.2,3429.2,2890.8,6000,True
34,Fixed_25pct,4,BALANCED,0,4,0.25,0.849643886089325,0.5406446113874847,548,970.0,4373.2,4911.599999999999,3941.5999999999995,3403.2,12000,True
34,Fixed_25pct,5,BALANCED,0,4,0.25,0.46885308623313904,0.680803280717809,548,265.0,2219.6,2758.0,2493.0,1954.6,12000,True
34,Fixed_25pct,6,BANDWIDTH_EFFICIENT,0,4,0.25,0.4274479150772095,0.7005509549158653,548,295.0,2758.0,3296.4,3001.4,2463.0,8000,True
34,Fixed_25pct,7,BANDWIDTH_EFFICIENT,0,4,0.25,1.4075446128845215,0.41536094269999113,548,66.0,66.0,604.4,538.4,0.0,3000,True
34,Fixed_25pct,8,BALANCED,0,4,0.25,0.5250759720802307,0.6557050391633816,548,181.0,1681.1999999999998,2219.6,2038.6,1500.1999999999998,15000,True
34,Fixed_25pct,9,BALANCED,0,4,0.25,1.1239042282104492,0.4708310227540608,548,69.0,604.4,1142.8,1073.8,535.4,12000,True
34,Fixed_25pct,10,BALANCED,0,4,0.25,0.6509042382240295,0.6057286527265544,548,410.0,3296.4,3834.8,3424.8,2886.4,13000,True
34,Fixed_50pct,1,LATENCY_CRITICAL,1,8,0.5,0.4677168130874634,0.6813303432127465,1064,79.0,1968.3999999999999,2919.6,2840.6,1889.3999999999999,11000,True
34,Fixed_50pct,2,BANDWIDTH_EFFICIENT,1,8,0.5,0.2588104009628296,0.7944008082830643,1064,996.0,8626.8,9578.0,8582.0,7630.799999999999,10000,True
34,Fixed_50pct,3,BANDWIDTH_EFFICIENT,1,8,0.5,0.617954671382904,0.6180642867734214,1064,944.0,6724.4,7675.599999999999,6731.599999999999,5780.4,6000,False
34,Fixed_50pct,4,BALANCED,1,8,0.5,0.4285048544406891,0.7000326228443486,1064,970.0,5773.2,6724.4,5754.4,4803.2,12000,True
34,Fixed_50pct,5,BALANCED,1,8,0.5,0.16795296967029572,0.8561988590022528,1064,265.0,7675.599999999999,8626.8,8361.8,7410.599999999999,12000,True
34,Fixed_50pct,6,BANDWIDTH_EFFICIENT,1,8,0.5,0.28368380665779114,0.779008035166859,1064,295.0,3870.7999999999997,4822.0,4527.0,3575.7999999999997,8000,True
34,Fixed_50pct,7,BANDWIDTH_EFFICIENT,1,8,0.5,0.8646625876426697,0.5362900540972471,1064,66.0,66.0,1017.1999999999999,951.1999999999999,0.0,3000,True
34,Fixed_50pct,8,BALANCED,1,8,0.5,0.20434921979904175,0.8303239488683029,1064,181.0,4822.0,5773.2,5592.2,4641.0,15000,True
34,Fixed_50pct,9,BALANCED,1,8,0.5,0.7181635499000549,0.5820167702068698,1064,69.0,1017.1999999999999,1968.3999999999999,1899.3999999999999,948.1999999999999,12000,True
34,Fixed_50pct,10,BALANCED,1,8,0.5,0.29261600971221924,0.773624953185157,1064,410.0,2919.6,3870.7999999999997,3460.7999999999997,2509.6,13000,True
34,Fixed_75pct,1,LATENCY_CRITICAL,2,12,0.75,0.28078117966651917,0.7807734965783718,1580,79.0,1430.0,2794.0,2715.0,1351.0,11000,True
34,Fixed_75pct,2,BANDWIDTH_EFFICIENT,2,12,0.75,0.1290392130613327,0.8857088296238628,1580,996.0,4158.0,5522.0,4526.0,3162.0,10000,True
34,Fixed_75pct,3,BANDWIDTH_EFFICIENT,2,12,0.75,0.14840301871299744,0.8707744439061897,1580,944.0,5522.0,6886.0,5942.0,4578.0,6000,True
34,Fixed_75pct,4,BALANCED,2,12,0.75,0.2082398235797882,0.8276502565833225,1580,970.0,2794.0,4158.0,3188.0,1824.0,12000,True
34,Fixed_75pct,5,BALANCED,2,12,0.75,0.027766162529587746,0.9729839689786552,1580,265.0,12342.0,13706.0,13441.0,12077.0,12000,False
34,Fixed_75pct,6,BANDWIDTH_EFFICIENT,2,12,0.75,0.09333544224500656,0.9146323821229506,1580,295.0,8250.0,9614.0,9319.0,7955.0,8000,False
34,Fixed_75pct,7,BANDWIDTH_EFFICIENT,2,12,0.75,0.4790370464324951,0.6761155864297285,1580,66.0,66.0,1430.0,1364.0,0.0,3000,True
34,Fixed_75pct,8,BALANCED,2,12,0.75,0.09950894117355347,0.9094969240838158,1580,181.0,9614.0,10978.0,10797.0,9433.0,15000,True
34,Fixed_75pct,9,BALANCED,2,12,0.75,0.43097084760665894,0.6988262560851813,1580,69.0,6886.0,8250.0,8181.0,6817.0,12000,True
34,Fixed_75pct,10,BALANCED,2,12,0.75,0.10705115646123886,0.9033006236103535,1580,410.0,10978.0,12342.0,11932.0,10568.0,13000,True
34,Fixed_100pct,1,LATENCY_CRITICAL,3,16,1.0,0.1292864978313446,0.8855148821139512,2096,79.0,1842.8,3619.6,3540.6,1763.8,11000,True
34,Fixed_100pct,2,BANDWIDTH_EFFICIENT,3,16,1.0,0.06597044318914413,0.9381123148295037,2096,996.0,5396.4,7173.2,6177.2,4400.4,10000,True
34,Fixed_100pct,3,BANDWIDTH_EFFICIENT,3,16,1.0,0.06589886546134949,0.938175311376444,2096,944.0,7173.2,8950.0,8006.0,6229.2,6000,False
34,Fixed_100pct,4,BALANCED,3,16,1.0,0.12598922848701477,0.888107962936461,2096,970.0,3619.6,5396.4,4426.4,2649.6,12000,True
34,Fixed_100pct,5,BALANCED,3,16,1.0,0.010848622769117355,0.98926780674697,2096,265.0,12503.599999999999,14280.399999999998,14015.399999999998,12238.599999999999,12000,False
34,Fixed_100pct,6,BANDWIDTH_EFFICIENT,3,16,1.0,0.07179704308509827,0.9330124639283991,2096,295.0,14280.399999999998,16057.199999999997,15762.199999999997,13985.399999999998,8000,False
34,Fixed_100pct,7,BANDWIDTH_EFFICIENT,3,16,1.0,0.24436935782432556,0.8036199169581091,2096,66.0,66.0,1842.8,1776.8,0.0,3000,True
34,Fixed_100pct,8,BALANCED,3,16,1.0,0.052927687764167786,0.9497328369467074,2096,181.0,10726.8,12503.599999999999,12322.599999999999,10545.8,15000,True
34,Fixed_100pct,9,BALANCED,3,16,1.0,0.24700351059436798,0.8019223614882712,2096,69.0,8950.0,10726.8,10657.8,8881.0,12000,True
34,Fixed_100pct,10,BALANCED,3,16,1.0,0.06657438725233078,0.937581111971161,2096,410.0,16057.199999999997,17833.999999999996,17423.999999999996,15647.199999999997,13000,False
34,PPO_Raw,1,LATENCY_CRITICAL,0,4,0.25,0.8039893507957458,0.5543269973067727,548,79.0,1142.8,1681.1999999999998,1602.1999999999998,1063.8,11000,True
34,PPO_Raw,2,BANDWIDTH_EFFICIENT,0,4,0.25,0.41857823729515076,0.7049311583312687,548,996.0,5324.399999999999,5862.799999999998,4866.799999999998,4328.399999999999,10000,True
34,PPO_Raw,3,BANDWIDTH_EFFICIENT,0,4,0.25,1.33100426197052,0.4289996446229779,548,944.0,4247.599999999999,4785.999999999999,3841.999999999999,3303.5999999999995,6000,True
34,PPO_Raw,4,BALANCED,0,4,0.25,0.849643886089325,0.5406446113874847,548,970.0,4785.999999999999,5324.399999999999,4354.399999999999,3815.999999999999,12000,True
34,PPO_Raw,5,BALANCED,0,4,0.25,0.46885308623313904,0.680803280717809,548,265.0,2632.3999999999996,3170.7999999999997,2905.7999999999997,2367.3999999999996,12000,True
34,PPO_Raw,6,BANDWIDTH_EFFICIENT,0,4,0.25,0.4274479150772095,0.7005509549158653,548,295.0,3170.7999999999997,3709.2,3414.2,2875.7999999999997,8000,True
34,PPO_Raw,7,BANDWIDTH_EFFICIENT,0,4,0.25,1.4075446128845215,0.41536094269999113,548,66.0,66.0,604.4,538.4,0.0,3000,True
34,PPO_Raw,8,BALANCED,1,8,0.5,0.20434921979904175,0.8303239488683029,1064,181.0,1681.1999999999998,2632.3999999999996,2451.3999999999996,1500.1999999999998,15000,True
34,PPO_Raw,9,BALANCED,0,4,0.25,1.1239042282104492,0.4708310227540608,548,69.0,604.4,1142.8,1073.8,535.4,12000,True
34,PPO_Raw,10,BALANCED,0,4,0.25,0.6509042382240295,0.6057286527265544,548,410.0,3709.2,4247.599999999999,3837.5999999999995,3299.2,13000,True
34,PPO_Orchestrated,1,LATENCY_CRITICAL,0,4,0.25,0.8039893507957458,0.5543269973067727,548,79.0,1142.8,1681.1999999999998,1602.1999999999998,1063.8,11000,True
34,PPO_Orchestrated,2,BANDWIDTH_EFFICIENT,0,4,0.25,0.41857823729515076,0.7049311583312687,548,996.0,5324.399999999999,5862.799999999998,4866.799999999998,4328.399999999999,10000,True
34,PPO_Orchestrated,3,BANDWIDTH_EFFICIENT,0,4,0.25,1.33100426197052,0.4289996446229779,548,944.0,4247.599999999999,4785.999999999999,3841.999999999999,3303.5999999999995,6000,True
34,PPO_Orchestrated,4,BALANCED,0,4,0.25,0.849643886089325,0.5406446113874847,548,970.0,4785.999999999999,5324.399999999999,4354.399999999999,3815.999999999999,12000,True
34,PPO_Orchestrated,5,BALANCED,0,4,0.25,0.46885308623313904,0.680803280717809,548,265.0,2632.3999999999996,3170.7999999999997,2905.7999999999997,2367.3999999999996,12000,True
34,PPO_Orchestrated,6,BANDWIDTH_EFFICIENT,0,4,0.25,0.4274479150772095,0.7005509549158653,548,295.0,3170.7999999999997,3709.2,3414.2,2875.7999999999997,8000,True
34,PPO_Orchestrated,7,BANDWIDTH_EFFICIENT,0,4,0.25,1.4075446128845215,0.41536094269999113,548,66.0,66.0,604.4,538.4,0.0,3000,True
34,PPO_Orchestrated,8,BALANCED,1,8,0.5,0.20434921979904175,0.8303239488683029,1064,181.0,1681.1999999999998,2632.3999999999996,2451.3999999999996,1500.1999999999998,15000,True
34,PPO_Orchestrated,9,BALANCED,0,4,0.25,1.1239042282104492,0.4708310227540608,548,69.0,604.4,1142.8,1073.8,535.4,12000,True
34,PPO_Orchestrated,10,BALANCED,0,4,0.25,0.6509042382240295,0.6057286527265544,548,410.0,3709.2,4247.599999999999,3837.5999999999995,3299.2,13000,True
35,Fixed_25pct,1,BALANCED,0,4,0.25,1.3179019689559937,0.43142463028771233,548,918.0,4896.599999999999,5434.999999999999,4516.999999999999,3978.5999999999995,12000,True
35,Fixed_25pct,2,QUALITY_CRITICAL,0,4,0.25,0.6412272453308105,0.6093001458786026,548,367.0,2743.0,3281.4,2914.4,2376.0,12000,True
35,Fixed_25pct,3,BALANCED,0,4,0.25,0.35484299063682556,0.738092905901933,548,51.0,51.0,589.4,538.4,0.0,8000,True
35,Fixed_25pct,4,QUALITY_CRITICAL,0,4,0.25,0.6288026571273804,0.6139479178918082,548,232.0,2204.6,2743.0,2511.0,1972.6,11000,True
35,Fixed_25pct,5,BANDWIDTH_EFFICIENT,0,4,0.25,0.6680830121040344,0.5994905485780658,548,104.0,589.4,1127.8,1023.8,485.4,12000,True
35,Fixed_25pct,6,BALANCED,0,4,0.25,1.0512346029281616,0.4875112766586953,548,213.0,1666.1999999999998,2204.6,1991.6,1453.1999999999998,5000,True
35,Fixed_25pct,7,BALANCED,0,4,0.25,0.5633485317230225,0.6396526300490807,548,664.0,3819.8,4358.2,3694.2,3155.8,6000,True
35,Fixed_25pct,8,BANDWIDTH_EFFICIENT,0,4,0.25,2.0725204944610596,0.32546568909881485,548,145.0,1127.8,1666.1999999999998,1521.1999999999998,982.8,5000,True
35,Fixed_25pct,9,BALANCED,0,4,0.25,1.0711894035339355,0.48281436661165084,548,674.0,4358.2,4896.599999999999,4222.599999999999,3684.2,6000,True
35,Fixed_25pct,10,BALANCED,0,4,0.25,0.5605548024177551,0.6407977460648662,548,515.0,3281.4,3819.8,3304.8,2766.4,12000,True
35,Fixed_50pct,1,BALANCED,1,8,0.5,0.8650532960891724,0.5361777071448299,1064,918.0,1953.3999999999999,2904.6,1986.6,1035.3999999999999,12000,True
35,Fixed_50pct,2,QUALITY_CRITICAL,1,8,0.5,0.4189509451389313,0.7047459980387756,1064,367.0,7660.599999999999,8611.8,8244.8,7293.599999999999,12000,True
35,Fixed_50pct,3,BALANCED,1,8,0.5,0.16763737797737122,0.8564302743821378,1064,51.0,51.0,1002.1999999999999,951.1999999999999,0.0,8000,True
35,Fixed_50pct,4,QUALITY_CRITICAL,1,8,0.5,0.26855409145355225,0.7882990616932748,1064,232.0,1002.1999999999999,1953.3999999999999,1721.3999999999999,770.1999999999999,11000,True
35,Fixed_50pct,5,BANDWIDTH_EFFICIENT,1,8,0.5,0.36381006240844727,0.7332399338908163,1064,104.0,4807.0,5758.2,5654.2,4703.0,12000,True
35,Fixed_50pct,6,BALANCED,1,8,0.5,0.7289814949035645,0.5783751896406364,1064,213.0,2904.6,3855.7999999999997,3642.7999999999997,2691.6,5000,True
35,Fixed_50pct,7,BALANCED,1,8,0.5,0.33579519391059875,0.7486177555950447,1064,664.0,5758.2,6709.4,6045.4,5094.2,6000,False
35,Fixed_50pct,8,BANDWIDTH_EFFICIENT,1,8,0.5,1.6022716760635376,0.3842796312154088,1064,145.0,6709.4,7660.599999999999,7515.599999999999,6564.4,5000,False
35,Fixed_50pct,9,BALANCED,1,8,0.5,0.5153781771659851,0.6599012807945869,1064,674.0,3855.7999999999997,4807.0,4133.0,3181.7999999999997,6000,True
35,Fixed_50pct,10,BALANCED,1,8,0.5,0.295581579208374,0.7718541356623948,1064,515.0,8611.8,9563.0,9048.0,8096.799999999999,12000,True
35,Fixed_75pct,1,BALANCED,2,12,0.75,0.5526735186576843,0.6440503995099491,1580,918.0,4143.0,5507.0,4589.0,3225.0,12000,True
35,Fixed_75pct,2,QUALITY_CRITICAL,2,12,0.75,0.14018143713474274,0.8770533946886415,1580,367.0,9599.0,10963.0,10596.0,9232.0,12000,True
35,Fixed_75pct,3,BALANCED,2,12,0.75,0.11018458008766174,0.9007511164684332,1580,51.0,51.0,1415.0,1364.0,0.0,8000,True
35,Fixed_75pct,4,QUALITY_CRITICAL,2,12,0.75,0.10881493240594864,0.9018637563169917,1580,232.0,12327.0,13691.0,13459.0,12095.0,11000,False
35,Fixed_75pct,5,BANDWIDTH_EFFICIENT,2,12,0.75,0.18379411101341248,0.8447414889941701,1580,104.0,6871.0,8235.0,8131.0,6767.0,12000,True
35,Fixed_75pct,6,BALANCED,2,12,0.75,0.3257606029510498,0.7542839919771868,1580,213.0,1415.0,2779.0,2566.0,1202.0,5000,True
35,Fixed_75pct,7,BALANCED,2,12,0.75,0.23607411980628967,0.809012974203128,1580,664.0,8235.0,9599.0,8935.0,7571.0,6000,False
35,Fixed_75pct,8,BANDWIDTH_EFFICIENT,2,12,0.75,0.7759116291999817,0.563091081536801,1580,145.0,2779.0,4143.0,3998.0,2634.0,5000,True
35,Fixed_75pct,9,BALANCED,2,12,0.75,0.2887241840362549,0.7759612276911129,1580,674.0,5507.0,6871.0,6197.0,4833.0,6000,False
35,Fixed_75pct,10,BALANCED,2,12,0.75,0.11402973532676697,0.8976421080059234,1580,515.0,10963.0,12327.0,11812.0,10448.0,12000,True
35,Fixed_100pct,1,BALANCED,3,16,1.0,0.21371005475521088,0.8239200096284006,2096,918.0,8935.0,10711.8,9793.8,8017.0,12000,True
35,Fixed_100pct,2,QUALITY_CRITICAL,3,16,1.0,0.09841864556074142,0.9103996950903006,2096,367.0,12488.599999999999,14265.399999999998,13898.399999999998,12121.599999999999,12000,False
35,Fixed_100pct,3,BALANCED,3,16,1.0,0.04288642480969429,0.9588771856748254,2096,51.0,51.0,1827.8,1776.8,0.0,8000,True
35,Fixed_100pct,4,QUALITY_CRITICAL,3,16,1.0,0.05195887014269829,0.9506075079383569,2096,232.0,3604.6,5381.4,5149.4,3372.6,11000,True
35,Fixed_100pct,5,BANDWIDTH_EFFICIENT,3,16,1.0,0.09925232827663422,0.9097092398864979,2096,104.0,5381.4,7158.2,7054.2,5277.4,12000,True
35,Fixed_100pct,6,BALANCED,3,16,1.0,0.19228161871433258,0.8387280188705125,2096,213.0,1827.8,3604.6,3391.6,1614.8,5000,True
35,Fixed_100pct,7,BALANCED,3,16,1.0,0.07934644818305969,0.9264865805445238,2096,664.0,14265.399999999998,16042.199999999997,15378.199999999997,13601.399999999998,6000,False
35,Fixed_100pct,8,BANDWIDTH_EFFICIENT,3,16,1.0,0.326263427734375,0.7539980211233577,2096,145.0,10711.8,12488.599999999999,12343.599999999999,10566.8,5000,False
35,Fixed_100pct,9,BALANCED,3,16,1.0,0.17980968952178955,0.8475943271879115,2096,674.0,16042.199999999997,17818.999999999996,17144.999999999996,15368.199999999997,6000,False
35,Fixed_100pct,10,BALANCED,3,16,1.0,0.07452392578125,0.9306447032093156,2096,515.0,7158.2,8935.0,8420.0,6643.2,12000,True
35,PPO_Raw,1,BALANCED,0,4,0.25,1.3179019689559937,0.43142463028771233,548,918.0,5309.4,5847.799999999999,4929.799999999999,4391.4,12000,True
35,PPO_Raw,2,QUALITY_CRITICAL,0,4,0.25,0.6412272453308105,0.6093001458786026,548,367.0,3155.8,3694.2000000000003,3327.2000000000003,2788.8,12000,True
35,PPO_Raw,3,BALANCED,1,8,0.5,0.16763737797737122,0.8564302743821378,1064,51.0,51.0,1002.1999999999999,951.1999999999999,0.0,8000,True
35,PPO_Raw,4,QUALITY_CRITICAL,0,4,0.25,0.6288026571273804,0.6139479178918082,548,232.0,2617.4,3155.8,2923.8,2385.4,11000,True
35,PPO_Raw,5,BANDWIDTH_EFFICIENT,0,4,0.25,0.6680830121040344,0.5994905485780658,548,104.0,1002.1999999999999,1540.6,1436.6,898.1999999999999,12000,True
35,PPO_Raw,6,BALANCED,0,4,0.25,1.0512346029281616,0.4875112766586953,548,213.0,2079.0,2617.4,2404.4,1866.0,5000,True
35,PPO_Raw,7,BALANCED,0,4,0.25,0.5633485317230225,0.6396526300490807,548,664.0,4232.6,4771.0,4107.0,3568.6000000000004,6000,True
35,PPO_Raw,8,BANDWIDTH_EFFICIENT,0,4,0.25,2.0725204944610596,0.32546568909881485,548,145.0,1540.6,2079.0,1934.0,1395.6,5000,True
35,PPO_Raw,9,BALANCED,0,4,0.25,1.0711894035339355,0.48281436661165084,548,674.0,4771.0,5309.4,4635.4,4097.0,6000,True
35,PPO_Raw,10,BALANCED,0,4,0.25,0.5605548024177551,0.6407977460648662,548,515.0,3694.2000000000003,4232.6,3717.6000000000004,3179.2000000000003,12000,True
35,PPO_Orchestrated,1,BALANCED,0,4,0.25,1.3179019689559937,0.43142463028771233,548,918.0,4519.8,5058.2,4140.2,3601.8,12000,True
35,PPO_Orchestrated,2,QUALITY_CRITICAL,2,12,0.75,0.14018143713474274,0.8770533946886415,1580,367.0,5058.2,6422.2,6055.2,4691.2,12000,True
35,PPO_Orchestrated,3,BALANCED,1,8,0.5,0.16763737797737122,0.8564302743821378,1064,51.0,51.0,1002.1999999999999,951.1999999999999,0.0,8000,True
35,PPO_Orchestrated,4,QUALITY_CRITICAL,2,12,0.75,0.10881493240594864,0.9018637563169917,1580,232.0,2617.4,3981.4,3749.4,2385.4,11000,True
35,PPO_Orchestrated,5,BANDWIDTH_EFFICIENT,0,4,0.25,0.6680830121040344,0.5994905485780658,548,104.0,1002.1999999999999,1540.6,1436.6,898.1999999999999,12000,True
35,PPO_Orchestrated,6,BALANCED,0,4,0.25,1.0512346029281616,0.4875112766586953,548,213.0,2079.0,2617.4,2404.4,1866.0,5000,True
35,PPO_Orchestrated,7,BALANCED,0,4,0.25,0.5633485317230225,0.6396526300490807,548,664.0,6960.599999999999,7498.999999999999,6834.999999999999,6296.599999999999,6000,False
35,PPO_Orchestrated,8,BANDWIDTH_EFFICIENT,0,4,0.25,2.0725204944610596,0.32546568909881485,548,145.0,1540.6,2079.0,1934.0,1395.6,5000,True
35,PPO_Orchestrated,9,BALANCED,0,4,0.25,1.0711894035339355,0.48281436661165084,548,674.0,3981.4,4519.8,3845.8,3307.4,6000,True
35,PPO_Orchestrated,10,BALANCED,0,4,0.25,0.5605548024177551,0.6407977460648662,548,515.0,6422.2,6960.599999999999,6445.599999999999,5907.2,12000,True
36,Fixed_25pct,1,BANDWIDTH_EFFICIENT,0,4,0.25,0.7501384615898132,0.5713833630578047,548,488.0,2218.6,2757.0,2269.0,1730.6,14000,True
36,Fixed_25pct,2,BALANCED,0,4,0.25,0.5925816893577576,0.6279112755611747,548,570.0,3833.8,4372.2,3802.2,3263.8,7000,True
36,Fixed_25pct,3,BALANCED,0,4,0.25,0.5836513638496399,0.6314521130264029,548,323.0,1141.8,1680.1999999999998,1357.1999999999998,818.8,12000,True
36,Fixed_25pct,4,BANDWIDTH_EFFICIENT,0,4,0.25,0.45044025778770447,0.6894458386898733,548,751.0,4372.2,4910.599999999999,4159.599999999999,3621.2,11000,True
36,Fixed_25pct,5,BALANCED,0,4,0.25,0.8474916219711304,0.5412744437417678,548,65.0,65.0,603.4,538.4,0.0,13000,True
36,Fixed_25pct,6,BALANCED,0,4,0.25,0.792404294013977,0.5579098439674917,548,173.0,603.4,1141.8,968.8,430.4,15000,True
36,Fixed_25pct,7,BALANCED,0,4,0.25,0.5551764369010925,0.6430138576383272,548,976.0,4910.599999999999,5448.999999999999,4472.999999999999,3934.5999999999995,7000,True
36,Fixed_25pct,8,BALANCED,0,4,0.25,0.3135232627391815,0.761311221785772,548,503.0,2757.0,3295.4,2792.4,2254.0,13000,True
36,Fixed_25pct,9,BALANCED,0,4,0.25,0.9738580584526062,0.5066220419030251,548,522.0,3295.4,3833.8,3311.8,2773.4,4000,True
36,Fixed_25pct,10,BALANCED,0,4,0.25,0.9273831248283386,0.5188382045676905,548,355.0,1680.1999999999998,2218.6,1863.6,1325.1999999999998,7000,True
36,Fixed_50pct,1,BANDWIDTH_EFFICIENT,1,8,0.5,0.4376676380634308,0.6955710579581672,1064,488.0,5772.2,6723.4,6235.4,5284.2,14000,True
36,Fixed_50pct,2,BALANCED,1,8,0.5,0.26982396841049194,0.7875107297366222,1064,570.0,3869.7999999999997,4821.0,4251.0,3299.7999999999997,7000,True
36,Fixed_50pct,3,BALANCED,1,8,0.5,0.2854686677455902,0.777926389877526,1064,323.0,1016.1999999999999,1967.3999999999999,1644.3999999999999,693.1999999999999,12000,True
36,Fixed_50pct,4,BANDWIDTH_EFFICIENT,1,8,0.5,0.18288663029670715,0.8453895533075447,1064,751.0,4821.0,5772.2,5021.2,4070.0,11000,True
36,Fixed_50pct,5,BALANCED,1,8,0.5,0.30680012702941895,0.7652279635701993,1064,65.0,65.0,1016.1999999999999,951.1999999999999,0.0,13000,True
36,Fixed_50pct,6,BALANCED,1,8,0.5,0.49037259817123413,0.6709731521010603,1064,173.0,1967.3999999999999,2918.6,2745.6,1794.3999999999999,15000,True
36,Fixed_50pct,7,BALANCED,1,8,0.5,0.136722132563591,0.8797224680975916,1064,976.0,2918.6,3869.7999999999997,2893.7999999999997,1942.6,7000,True
36,Fixed_50pct,8,BALANCED,1,8,0.5,0.22616790235042572,0.8155489946222803,1064,503.0,6723.4,7674.599999999999,7171.599999999999,6220.4,13000,True
36,Fixed_50pct,9,BALANCED,1,8,0.5,0.3813689947128296,0.7239195347712928,1064,522.0,7674.599999999999,8625.8,8103.799999999999,7152.599999999999,4000,False
36,Fixed_50pct,10,BALANCED,1,8,0.5,0.3923189640045166,0.7182262296592234,1064,355.0,8625.8,9577.0,9222.0,8270.8,7000,False
36,Fixed_75pct,1,BANDWIDTH_EFFICIENT,2,12,0.75,0.2550370693206787,0.796789213996106,1580,488.0,2793.0,4157.0,3669.0,2305.0,14000,True
36,Fixed_75pct,2,BALANCED,2,12,0.75,0.1275324523448944,0.8868924330473423,1580,570.0,10977.0,12341.0,11771.0,10407.0,7000,False
36,Fixed_75pct,3,BALANCED,2,12,0.75,0.10572697222232819,0.9043823883486948,1580,323.0,1429.0,2793.0,2470.0,1106.0,12000,True
36,Fixed_75pct,4,BANDWIDTH_EFFICIENT,2,12,0.75,0.08935891091823578,0.9179711020650541,1580,751.0,8249.0,9613.0,8862.0,7498.0,11000,True
36,Fixed_75pct,5,BALANCED,2,12,0.75,0.12152384221553802,0.8916439957482569,1580,65.0,65.0,1429.0,1364.0,0.0,13000,True
36,Fixed_75pct,6,BALANCED,2,12,0.75,0.2451004534959793,0.8031480489724432,1580,173.0,6885.0,8249.0,8076.0,6712.0,15000,True
36,Fixed_75pct,7,BALANCED,2,12,0.75,0.10178492218255997,0.907618156562779,1580,976.0,12341.0,13705.0,12729.0,11365.0,7000,False
36,Fixed_75pct,8,BALANCED,2,12,0.75,0.12859369814395905,0.8860584651895194,1580,503.0,4157.0,5521.0,5018.0,3654.0,13000,True
36,Fixed_75pct,9,BALANCED,2,12,0.75,0.17354285717010498,0.8521205628667127,1580,522.0,5521.0,6885.0,6363.0,4999.0,4000,False
36,Fixed_75pct,10,BALANCED,2,12,0.75,0.11458728462457657,0.8971930810576466,1580,355.0,9613.0,10977.0,10622.0,9258.0,7000,False
36,Fixed_100pct,1,BANDWIDTH_EFFICIENT,3,16,1.0,0.11866011470556259,0.8939265705948634,2096,488.0,3618.6,5395.4,4907.4,3130.6,14000,True
36,Fixed_100pct,2,BALANCED,3,16,1.0,0.04065589979290962,0.960932427519029,2096,570.0,14279.399999999998,16056.199999999997,15486.199999999997,13709.399999999998,7000,False
36,Fixed_100pct,3,BALANCED,3,16,1.0,0.08262339234352112,0.9236822398926104,2096,323.0,1841.8,3618.6,3295.6,1518.8,12000,True
36,Fixed_100pct,4,BANDWIDTH_EFFICIENT,3,16,1.0,0.05244743824005127,0.9501662160651403,2096,751.0,16056.199999999997,17832.999999999996,17081.999999999996,15305.199999999997,11000,False
36,Fixed_100pct,5,BALANCED,3,16,1.0,0.06814182549715042,0.9362052642537101,2096,65.0,65.0,1841.8,1776.8,0.0,13000,True
36,Fixed_100pct,6,BALANCED,3,16,1.0,0.19307319819927216,0.8381715401111338,2096,173.0,5395.4,7172.2,6999.2,5222.4,15000,True
36,Fixed_100pct,7,BALANCED,3,16,1.0,0.09016082435846329,0.9172958499847754,2096,976.0,12502.599999999999,14279.399999999998,13303.399999999998,11526.599999999999,7000,False
36,Fixed_100pct,8,BALANCED,3,16,1.0,0.07095884531736374,0.9337426964372884,2096,503.0,8949.0,10725.8,10222.8,8446.0,13000,True
36,Fixed_100pct,9,BALANCED,3,16,1.0,0.08929749578237534,0.9180228577334253,2096,522.0,10725.8,12502.599999999999,11980.599999999999,10203.8,4000,False
36,Fixed_100pct,10,BALANCED,3,16,1.0,0.0722905620932579,0.932583047311228,2096,355.0,7172.2,8949.0,8594.0,6817.2,7000,False
36,PPO_Raw,1,BANDWIDTH_EFFICIENT,0,4,0.25,0.7501384615898132,0.5713833630578047,548,488.0,2218.6,2757.0,2269.0,1730.6,14000,True
36,PPO_Raw,2,BALANCED,0,4,0.25,0.5925816893577576,0.6279112755611747,548,570.0,3833.8,4372.2,3802.2,3263.8,7000,True
36,PPO_Raw,3,BALANCED,0,4,0.25,0.5836513638496399,0.6314521130264029,548,323.0,1141.8,1680.1999999999998,1357.1999999999998,818.8,12000,True
36,PPO_Raw,4,BANDWIDTH_EFFICIENT,0,4,0.25,0.45044025778770447,0.6894458386898733,548,751.0,4372.2,4910.599999999999,4159.599999999999,3621.2,11000,True
36,PPO_Raw,5,BALANCED,0,4,0.25,0.8474916219711304,0.5412744437417678,548,65.0,65.0,603.4,538.4,0.0,13000,True
36,PPO_Raw,6,BALANCED,0,4,0.25,0.792404294013977,0.5579098439674917,548,173.0,603.4,1141.8,968.8,430.4,15000,True
36,PPO_Raw,7,BALANCED,0,4,0.25,0.5551764369010925,0.6430138576383272,548,976.0,4910.599999999999,5448.999999999999,4472.999999999999,3934.5999999999995,7000,True
36,PPO_Raw,8,BALANCED,0,4,0.25,0.3135232627391815,0.761311221785772,548,503.0,2757.0,3295.4,2792.4,2254.0,13000,True
36,PPO_Raw,9,BALANCED,0,4,0.25,0.9738580584526062,0.5066220419030251,548,522.0,3295.4,3833.8,3311.8,2773.4,4000,True
36,PPO_Raw,10,BALANCED,0,4,0.25,0.9273831248283386,0.5188382045676905,548,355.0,1680.1999999999998,2218.6,1863.6,1325.1999999999998,7000,True
36,PPO_Orchestrated,1,BANDWIDTH_EFFICIENT,0,4,0.25,0.7501384615898132,0.5713833630578047,548,488.0,2218.6,2757.0,2269.0,1730.6,14000,True
36,PPO_Orchestrated,2,BALANCED,0,4,0.25,0.5925816893577576,0.6279112755611747,548,570.0,3833.8,4372.2,3802.2,3263.8,7000,True
36,PPO_Orchestrated,3,BALANCED,0,4,0.25,0.5836513638496399,0.6314521130264029,548,323.0,1141.8,1680.1999999999998,1357.1999999999998,818.8,12000,True
36,PPO_Orchestrated,4,BANDWIDTH_EFFICIENT,0,4,0.25,0.45044025778770447,0.6894458386898733,548,751.0,4372.2,4910.599999999999,4159.599999999999,3621.2,11000,True
36,PPO_Orchestrated,5,BALANCED,0,4,0.25,0.8474916219711304,0.5412744437417678,548,65.0,65.0,603.4,538.4,0.0,13000,True
36,PPO_Orchestrated,6,BALANCED,0,4,0.25,0.792404294013977,0.5579098439674917,548,173.0,603.4,1141.8,968.8,430.4,15000,True
36,PPO_Orchestrated,7,BALANCED,0,4,0.25,0.5551764369010925,0.6430138576383272,548,976.0,4910.599999999999,5448.999999999999,4472.999999999999,3934.5999999999995,7000,True
36,PPO_Orchestrated,8,BALANCED,0,4,0.25,0.3135232627391815,0.761311221785772,548,503.0,2757.0,3295.4,2792.4,2254.0,13000,True
36,PPO_Orchestrated,9,BALANCED,0,4,0.25,0.9738580584526062,0.5066220419030251,548,522.0,3295.4,3833.8,3311.8,2773.4,4000,True
36,PPO_Orchestrated,10,BALANCED,0,4,0.25,0.9273831248283386,0.5188382045676905,548,355.0,1680.1999999999998,2218.6,1863.6,1325.1999999999998,7000,True
37,Fixed_25pct,1,LATENCY_CRITICAL,0,4,0.25,0.9148640036582947,0.5222302983864795,548,690.0,3259.4,3797.8,3107.8,2569.4,6000,True
37,Fixed_25pct,2,QUALITY_CRITICAL,0,4,0.25,0.41183608770370483,0.7082975203066669,548,29.0,29.0,567.4,538.4,0.0,7000,True
37,Fixed_25pct,3,LATENCY_CRITICAL,0,4,0.25,0.7608962059020996,0.5678926427623849,548,120.0,1644.1999999999998,2182.6,2062.6,1524.1999999999998,15000,True
37,Fixed_25pct,4,BALANCED,0,4,0.25,1.0014549493789673,0.4996365270726132,548,857.0,4874.599999999999,5412.999999999999,4555.999999999999,4017.5999999999995,3000,False
37,Fixed_25pct,5,BALANCED,0,4,0.25,1.1195406913757324,0.4718003311136853,548,218.0,2182.6,2721.0,2503.0,1964.6,3000,True
37,Fixed_25pct,6,BALANCED,0,4,0.25,2.8083927631378174,0.26257795931112904,548,526.0,2721.0,3259.4,2733.4,2195.0,15000,True
37,Fixed_25pct,7,LATENCY_CRITICAL,0,4,0.25,0.6159448623657227,0.6188329956605158,548,103.0,1105.8,1644.1999999999998,1541.1999999999998,1002.8,6000,True
37,Fixed_25pct,8,BANDWIDTH_EFFICIENT,0,4,0.25,0.37109655141830444,0.7293432391508601,548,732.0,3797.8,4336.2,3604.2,3065.8,14000,True
37,Fixed_25pct,9,BALANCED,0,4,0.25,0.7067620158195496,0.5859047662950373,548,85.0,567.4,1105.8,1020.8,482.4,12000,True
37,Fixed_25pct,10,BALANCED,0,4,0.25,1.5551239252090454,0.3913704498376476,548,886.0,4336.2,4874.599999999999,3988.5999999999995,3450.2,8000,True
37,Fixed_50pct,1,LATENCY_CRITICAL,1,8,0.5,0.23320946097373962,0.8108922544353512,1064,690.0,8589.8,9541.0,8851.0,7899.799999999999,6000,False
37,Fixed_50pct,2,QUALITY_CRITICAL,1,8,0.5,0.13089092075824738,0.8842585802435422,1064,29.0,29.0,980.1999999999999,951.1999999999999,0.0,7000,True
37,Fixed_50pct,3,LATENCY_CRITICAL,1,8,0.5,0.3884837329387665,0.7202100941315824,1064,120.0,5736.2,6687.4,6567.4,5616.2,15000,True
37,Fixed_50pct,4,BALANCED,1,8,0.5,0.4372823238372803,0.6957575303160922,1064,857.0,3833.7999999999997,4785.0,3928.0,2976.7999999999997,3000,False
37,Fixed_50pct,5,BALANCED,1,8,0.5,0.5627932548522949,0.6398799053522365,1064,218.0,980.1999999999999,1931.3999999999999,1713.3999999999999,762.1999999999999,3000,True
37,Fixed_50pct,6,BALANCED,1,8,0.5,1.602950096130371,0.3841794744688467,1064,526.0,6687.4,7638.599999999999,7112.599999999999,6161.4,15000,True
37,Fixed_50pct,7,LATENCY_CRITICAL,1,8,0.5,0.26890769600868225,0.7880793876067387,1064,103.0,1931.3999999999999,2882.6,2779.6,1828.3999999999999,6000,True
37,Fixed_50pct,8,BANDWIDTH_EFFICIENT,1,8,0.5,0.16272670030593872,0.8600473350589423,1064,732.0,7638.599999999999,8589.8,7857.799999999999,6906.599999999999,14000,True
37,Fixed_50pct,9,BALANCED,1,8,0.5,0.39791321754455566,0.7153519885565622,1064,85.0,4785.0,5736.2,5651.2,4700.0,12000,True
37,Fixed_50pct,10,BALANCED,1,8,0.5,1.0676783323287964,0.4836342212251721,1064,886.0,2882.6,3833.7999999999997,2947.7999999999997,1996.6,8000,True
37,Fixed_75pct,1,LATENCY_CRITICAL,2,12,0.75,0.11642250418663025,0.8957182395105427,1580,690.0,5485.0,6849.0,6159.0,4795.0,6000,False
37,Fixed_75pct,2,QUALITY_CRITICAL,2,12,0.75,0.059394966810941696,0.9439350113303481,1580,29.0,29.0,1393.0,1364.0,0.0,7000,True
37,Fixed_75pct,3,LATENCY_CRITICAL,2,12,0.75,0.19348633289337158,0.8378814004310362,1580,120.0,1393.0,2757.0,2637.0,1273.0,15000,True
37,Fixed_75pct,4,BALANCED,2,12,0.75,0.2409927248954773,0.8058064966369767,1580,857.0,10941.0,12305.0,11448.0,10084.0,3000,False
37,Fixed_75pct,5,BALANCED,2,12,0.75,0.300807386636734,0.7687533221851715,1580,218.0,2757.0,4121.0,3903.0,2539.0,3000,False
37,Fixed_75pct,6,BALANCED,2,12,0.75,0.8538818359375,0.5394087048133271,1580,526.0,4121.0,5485.0,4959.0,3595.0,15000,True
37,Fixed_75pct,7,LATENCY_CRITICAL,2,12,0.75,0.07029484212398529,0.9343219836652804,1580,103.0,9577.0,10941.0,10838.0,9474.0,6000,False
37,Fixed_75pct,8,BANDWIDTH_EFFICIENT,2,12,0.75,0.06499515473842621,0.9389714080395138,1580,732.0,8213.0,9577.0,8845.0,7481.0,14000,True
37,Fixed_75pct,9,BALANCED,2,12,0.75,0.24194742739200592,0.8051870618226756,1580,85.0,6849.0,8213.0,8128.0,6764.0,12000,True
37,Fixed_75pct,10,BALANCED,2,12,0.75,0.5624004006385803,0.6400407984990804,1580,886.0,12305.0,13669.0,12783.0,11419.0,8000,False
37,Fixed_100pct,1,LATENCY_CRITICAL,3,16,1.0,0.0645931288599968,0.9393259949656397,2096,690.0,10689.8,12466.599999999999,11776.599999999999,9999.8,6000,False
37,Fixed_100pct,2,QUALITY_CRITICAL,3,16,1.0,0.03261781111359596,0.9684125038687641,2096,29.0,29.0,1805.8,1776.8,0.0,7000,True
37,Fixed_100pct,3,LATENCY_CRITICAL,3,16,1.0,0.10320615768432617,0.9064488926521584,2096,120.0,1805.8,3582.6,3462.6,1685.8,15000,True
37,Fixed_100pct,4,BALANCED,3,16,1.0,0.13206890225410461,0.8833384593542519,2096,857.0,14243.399999999998,16020.199999999997,15163.199999999997,13386.399999999998,3000,False
37,Fixed_100pct,5,BALANCED,3,16,1.0,0.15939214825630188,0.8625209352193528,2096,218.0,7136.2,8913.0,8695.0,6918.2,3000,False
37,Fixed_100pct,6,BALANCED,3,16,1.0,0.4614948332309723,0.6842309512578083,2096,526.0,8913.0,10689.8,10163.8,8387.0,15000,True
37,Fixed_100pct,7,LATENCY_CRITICAL,3,16,1.0,0.06408867239952087,0.9397713047212496,2096,103.0,5359.4,7136.2,7033.2,5256.4,6000,False
37,Fixed_100pct,8,BANDWIDTH_EFFICIENT,3,16,1.0,0.020126283168792725,0.9802707924490731,2096,732.0,12466.599999999999,14243.399999999998,13511.399999999998,11734.599999999999,14000,True
37,Fixed_100pct,9,BALANCED,3,16,1.0,0.12217316776514053,0.891128061804887,2096,85.0,3582.6,5359.4,5274.4,3497.6,12000,True
37,Fixed_100pct,10,BALANCED,3,16,1.0,0.17401142418384552,0.8517804677200518,2096,886.0,16020.199999999997,17796.999999999996,16910.999999999996,15134.199999999997,8000,False
37,PPO_Raw,1,LATENCY_CRITICAL,0,4,0.25,0.9148640036582947,0.5222302983864795,548,690.0,4085.0,4623.4,3933.3999999999996,3395.0,6000,True
37,PPO_Raw,2,QUALITY_CRITICAL,0,4,0.25,0.41183608770370483,0.7082975203066669,548,29.0,29.0,567.4,538.4,0.0,7000,True
37,PPO_Raw,3,LATENCY_CRITICAL,0,4,0.25,0.7608962059020996,0.5678926427623849,548,120.0,2057.0,2595.4,2475.4,1937.0,15000,True
37,PPO_Raw,4,BALANCED,0,4,0.25,1.0014549493789673,0.4996365270726132,548,857.0,5700.199999999999,6238.5999999999985,5381.5999999999985,4843.199999999999,3000,False
37,PPO_Raw,5,BALANCED,1,8,0.5,0.5627932548522949,0.6398799053522365,1064,218.0,2595.4,3546.6,3328.6,2377.4,3000,False
37,PPO_Raw,6,BALANCED,0,4,0.25,2.8083927631378174,0.26257795931112904,548,526.0,3546.6,4085.0,3559.0,3020.6,15000,True
37,PPO_Raw,7,LATENCY_CRITICAL,0,4,0.25,0.6159448623657227,0.6188329956605158,548,103.0,1518.6,2057.0,1954.0,1415.6,6000,True
37,PPO_Raw,8,BANDWIDTH_EFFICIENT,0,4,0.25,0.37109655141830444,0.7293432391508601,548,732.0,4623.4,5161.799999999999,4429.799999999999,3891.3999999999996,14000,True
37,PPO_Raw,9,BALANCED,1,8,0.5,0.39791321754455566,0.7153519885565622,1064,85.0,567.4,1518.6,1433.6,482.4,12000,True
37,PPO_Raw,10,BALANCED,0,4,0.25,1.5551239252090454,0.3913704498376476,548,886.0,5161.799999999999,5700.199999999999,4814.199999999999,4275.799999999999,8000,True
37,PPO_Orchestrated,1,LATENCY_CRITICAL,0,4,0.25,0.9148640036582947,0.5222302983864795,548,690.0,3295.3999999999996,3833.7999999999997,3143.7999999999997,2605.3999999999996,6000,True
37,PPO_Orchestrated,2,QUALITY_CRITICAL,2,12,0.75,0.059394966810941696,0.9439350113303481,1580,29.0,29.0,1393.0,1364.0,0.0,7000,True
37,PPO_Orchestrated,3,LATENCY_CRITICAL,0,4,0.25,0.7608962059020996,0.5678926427623849,548,120.0,4372.2,4910.599999999999,4790.599999999999,4252.2,15000,True
37,PPO_Orchestrated,4,BALANCED,0,4,0.25,1.0014549493789673,0.4996365270726132,548,857.0,6525.799999999998,7064.199999999998,6207.199999999998,5668.799999999998,3000,False
37,PPO_Orchestrated,5,BALANCED,1,8,0.5,0.5627932548522949,0.6398799053522365,1064,218.0,1393.0,2344.2,2126.2,1175.0,3000,True
37,PPO_Orchestrated,6,BALANCED,0,4,0.25,2.8083927631378174,0.26257795931112904,548,526.0,4910.599999999999,5448.999999999999,4922.999999999999,4384.599999999999,15000,True
37,PPO_Orchestrated,7,LATENCY_CRITICAL,0,4,0.25,0.6159448623657227,0.6188329956605158,548,103.0,3833.7999999999997,4372.2,4269.2,3730.7999999999997,6000,True
37,PPO_Orchestrated,8,BANDWIDTH_EFFICIENT,0,4,0.25,0.37109655141830444,0.7293432391508601,548,732.0,5448.999999999999,5987.399999999999,5255.399999999999,4716.999999999999,14000,True
37,PPO_Orchestrated,9,BALANCED,1,8,0.5,0.39791321754455566,0.7153519885565622,1064,85.0,2344.2,3295.3999999999996,3210.3999999999996,2259.2,12000,True
37,PPO_Orchestrated,10,BALANCED,0,4,0.25,1.5551239252090454,0.3913704498376476,548,886.0,5987.399999999999,6525.799999999998,5639.799999999998,5101.399999999999,8000,True
38,Fixed_25pct,1,QUALITY_CRITICAL,0,4,0.25,0.5666571259498596,0.6383017594827605,548,453.0,3256.4,3794.8,3341.8,2803.4,14000,True
38,Fixed_25pct,2,BANDWIDTH_EFFICIENT,0,4,0.25,1.589239239692688,0.38621382862971293,548,550.0,4333.2,4871.599999999999,4321.599999999999,3783.2,11000,True
38,Fixed_25pct,3,BANDWIDTH_EFFICIENT,0,4,0.25,1.3706003427505493,0.42183407382778176,548,361.0,2718.0,3256.4,2895.4,2357.0,14000,True
38,Fixed_25pct,4,QUALITY_CRITICAL,0,4,0.25,1.2191169261932373,0.4506297023814064,548,168.0,1641.1999999999998,2179.6,2011.6,1473.1999999999998,15000,True
38,Fixed_25pct,5,BALANCED,0,4,0.25,0.4417635202407837,0.6935950216253173,548,112.0,1102.8,1641.1999999999998,1529.1999999999998,990.8,9000,True
38,Fixed_25pct,6,BALANCED,0,4,0.25,0.7182201147079468,0.5819976098754811,548,26.0,26.0,564.4,538.4,0.0,12000,True
38,Fixed_25pct,7,BALANCED,0,4,0.25,1.3678210973739624,0.4223292043089963,548,88.0,564.4,1102.8,1014.8,476.4,8000,True
38,Fixed_25pct,8,BALANCED,0,4,0.25,1.9947417974472046,0.3339186038851249,548,745.0,4871.599999999999,5409.999999999999,4664.999999999999,4126.599999999999,3000,False
38,Fixed_25pct,9,BALANCED,0,4,0.25,0.5309779047966003,0.6531772907152804,548,543.0,3794.8,4333.2,3790.2,3251.8,8000,True
38,Fixed_25pct,10,BALANCED,0,4,0.25,1.130233883857727,0.4694320222665219,548,325.0,2179.6,2718.0,2393.0,1854.6,10000,True
38,Fixed_50pct,1,QUALITY_CRITICAL,1,8,0.5,0.23061370849609375,0.8126026819757097,1064,453.0,7635.599999999999,8586.8,8133.799999999999,7182.599999999999,14000,True
38,Fixed_50pct,2,BANDWIDTH_EFFICIENT,1,8,0.5,1.174722671508789,0.45982874648849614,1064,550.0,4782.0,5733.2,5183.2,4232.0,11000,True
38,Fixed_50pct,3,BANDWIDTH_EFFICIENT,1,8,0.5,0.7141441106796265,0.5833815218742131,1064,361.0,2879.6,3830.7999999999997,3469.7999999999997,2518.6,14000,True
38,Fixed_50pct,4,QUALITY_CRITICAL,1,8,0.5,0.5749621391296387,0.6349358979210914,1064,168.0,6684.4,7635.599999999999,7467.599999999999,6516.4,15000,True
38,Fixed_50pct,5,BALANCED,1,8,0.5,0.21258163452148438,0.8246867439936326,1064,112.0,5733.2,6684.4,6572.4,5621.2,9000,True
38,Fixed_50pct,6,BALANCED,1,8,0.5,0.4531743824481964,0.6881486572281001,1064,26.0,26.0,977.1999999999999,951.1999999999999,0.0,12000,True
38,Fixed_50pct,7,BALANCED,1,8,0.5,0.6781068444252014,0.5959096128605137,1064,88.0,3830.7999999999997,4782.0,4694.0,3742.7999999999997,8000,True
38,Fixed_50pct,8,BALANCED,1,8,0.5,0.7605184316635132,0.5680145018732353,1064,745.0,1928.3999999999999,2879.6,2134.6,1183.3999999999999,3000,True
38,Fixed_50pct,9,BALANCED,1,8,0.5,0.21275778114795685,0.8245669626241711,1064,543.0,8586.8,9538.0,8995.0,8043.799999999999,8000,False
38,Fixed_50pct,10,BALANCED,1,8,0.5,0.49296116828918457,0.669809785572602,1064,325.0,977.1999999999999,1928.3999999999999,1603.3999999999999,652.1999999999999,10000,True
38,Fixed_75pct,1,QUALITY_CRITICAL,2,12,0.75,0.1452489197254181,0.8731726201844027,1580,453.0,9574.0,10938.0,10485.0,9121.0,14000,True
38,Fixed_75pct,2,BANDWIDTH_EFFICIENT,2,12,0.75,0.6716744303703308,0.5982026056224758,1580,550.0,2754.0,4118.0,3568.0,2204.0,11000,True
38,Fixed_75pct,3,BANDWIDTH_EFFICIENT,2,12,0.75,0.41017428040504456,0.7091322071997865,1580,361.0,5482.0,6846.0,6485.0,5121.0,14000,True
38,Fixed_75pct,4,QUALITY_CRITICAL,2,12,0.75,0.2903813421726227,0.7749647079647742,1580,168.0,6846.0,8210.0,8042.0,6678.0,15000,True
38,Fixed_75pct,5,BALANCED,2,12,0.75,0.11688929051160812,0.8953438881502166,1580,112.0,1390.0,2754.0,2642.0,1278.0,9000,True
38,Fixed_75pct,6,BALANCED,2,12,0.75,0.0802578330039978,0.925704928442115,1580,26.0,26.0,1390.0,1364.0,0.0,12000,True
38,Fixed_75pct,7,BALANCED,2,12,0.75,0.36617541313171387,0.7319704266289481,1580,88.0,4118.0,5482.0,5394.0,4030.0,8000,True
38,Fixed_75pct,8,BALANCED,2,12,0.75,0.34653130173683167,0.7426489073890402,1580,745.0,12302.0,13666.0,12921.0,11557.0,3000,False
38,Fixed_75pct,9,BALANCED,2,12,0.75,0.07349076867103577,0.9315403813280889,1580,543.0,10938.0,12302.0,11759.0,10395.0,8000,False
38,Fixed_75pct,10,BALANCED,2,12,0.75,0.21967194974422455,0.8198925950619004,1580,325.0,8210.0,9574.0,9249.0,7885.0,10000,True
38,Fixed_100pct,1,QUALITY_CRITICAL,3,16,1.0,0.08050938695669174,0.9254894145959709,2096,453.0,10686.8,12463.599999999999,12010.599999999999,10233.8,14000,True
38,Fixed_100pct,2,BANDWIDTH_EFFICIENT,3,16,1.0,0.3777287006378174,0.7258323061260549,2096,550.0,14240.399999999998,16017.199999999997,15467.199999999997,13690.399999999998,11000,False
38,Fixed_100pct,3,BANDWIDTH_EFFICIENT,3,16,1.0,0.18012434244155884,0.8473683357222345,2096,361.0,5356.4,7133.2,6772.2,4995.4,14000,True
38,Fixed_100pct,4,QUALITY_CRITICAL,3,16,1.0,0.19039300084114075,0.8400587027085948,2096,168.0,7133.2,8910.0,8742.0,6965.2,15000,True
38,Fixed_100pct,5,BALANCED,3,16,1.0,0.0727248564362526,0.9322054895997701,2096,112.0,1802.8,3579.6,3467.6,1690.8,9000,True
38,Fixed_100pct,6,BALANCED,3,16,1.0,0.07095974683761597,0.9337419104245986,2096,26.0,26.0,1802.8,1776.8,0.0,12000,True
38,Fixed_100pct,7,BALANCED,3,16,1.0,0.16359907388687134,0.8594025403093635,2096,88.0,8910.0,10686.8,10598.8,8822.0,8000,False
38,Fixed_100pct,8,BALANCED,3,16,1.0,0.1774730384349823,0.8492763463434649,2096,745.0,16017.199999999997,17793.999999999996,17048.999999999996,15272.199999999997,3000,False
38,Fixed_100pct,9,BALANCED,3,16,1.0,0.023541070520877838,0.9770003654969137,2096,543.0,12463.599999999999,14240.399999999998,13697.399999999998,11920.599999999999,8000,False
38,Fixed_100pct,10,BALANCED,3,16,1.0,0.1351374238729477,0.8809506047189638,2096,325.0,3579.6,5356.4,5031.4,3254.6,10000,True
38,PPO_Raw,1,QUALITY_CRITICAL,0,4,0.25,0.5666571259498596,0.6383017594827605,548,453.0,4082.0,4620.4,4167.4,3629.0,14000,True
38,PPO_Raw,2,BANDWIDTH_EFFICIENT,0,4,0.25,1.589239239692688,0.38621382862971293,548,550.0,5158.799999999999,5697.199999999999,5147.199999999999,4608.799999999999,11000,True
38,PPO_Raw,3,BANDWIDTH_EFFICIENT,0,4,0.25,1.3706003427505493,0.42183407382778176,548,361.0,2592.4,3130.8,2769.8,2231.4,14000,True
38,PPO_Raw,4,QUALITY_CRITICAL,0,4,0.25,1.2191169261932373,0.4506297023814064,548,168.0,2054.0,2592.4,2424.4,1886.0,15000,True
38,PPO_Raw,5,BALANCED,0,4,0.25,0.4417635202407837,0.6935950216253173,548,112.0,1515.6,2054.0,1942.0,1403.6,9000,True
38,PPO_Raw,6,BALANCED,0,4,0.25,0.7182201147079468,0.5819976098754811,548,26.0,26.0,564.4,538.4,0.0,12000,True
38,PPO_Raw,7,BALANCED,1,8,0.5,0.6781068444252014,0.5959096128605137,1064,88.0,564.4,1515.6,1427.6,476.4,8000,True
38,PPO_Raw,8,BALANCED,1,8,0.5,0.7605184316635132,0.5680145018732353,1064,745.0,5697.199999999999,6648.399999999999,5903.399999999999,4952.199999999999,3000,False
38,PPO_Raw,9,BALANCED,0,4,0.25,0.5309779047966003,0.6531772907152804,548,543.0,4620.4,5158.799999999999,4615.799999999999,4077.3999999999996,8000,True
38,PPO_Raw,10,BALANCED,1,8,0.5,0.49296116828918457,0.669809785572602,1064,325.0,3130.8,4082.0,3757.0,2805.8,10000,True
38,PPO_Orchestrated,1,QUALITY_CRITICAL,2,12,0.75,0.1452489197254181,0.8731726201844027,1580,453.0,5858.8,7222.8,6769.8,5405.8,14000,True
38,PPO_Orchestrated,2,BANDWIDTH_EFFICIENT,0,4,0.25,1.589239239692688,0.38621382862971293,548,550.0,7222.8,7761.2,7211.2,6672.8,11000,True
38,PPO_Orchestrated,3,BANDWIDTH_EFFICIENT,0,4,0.25,1.3706003427505493,0.42183407382778176,548,361.0,3418.0,3956.4,3595.4,3057.0,14000,True
38,PPO_Orchestrated,4,QUALITY_CRITICAL,2,12,0.75,0.2903813421726227,0.7749647079647742,1580,168.0,2054.0,3418.0,3250.0,1886.0,15000,True
38,PPO_Orchestrated,5,BALANCED,0,4,0.25,0.4417635202407837,0.6935950216253173,548,112.0,1515.6,2054.0,1942.0,1403.6,9000,True
38,PPO_Orchestrated,6,BALANCED,0,4,0.25,0.7182201147079468,0.5819976098754811,548,26.0,26.0,564.4,538.4,0.0,12000,True
38,PPO_Orchestrated,7,BALANCED,1,8,0.5,0.6781068444252014,0.5959096128605137,1064,88.0,564.4,1515.6,1427.6,476.4,8000,True
38,PPO_Orchestrated,8,BALANCED,1,8,0.5,0.7605184316635132,0.5680145018732353,1064,745.0,4907.6,5858.8,5113.8,4162.6,3000,False
38,PPO_Orchestrated,9,BALANCED,0,4,0.25,0.5309779047966003,0.6531772907152804,548,543.0,7761.2,8299.6,7756.6,7218.2,8000,True
38,PPO_Orchestrated,10,BALANCED,1,8,0.5,0.49296116828918457,0.669809785572602,1064,325.0,3956.4,4907.6,4582.6,3631.4,10000,True
39,Fixed_25pct,1,BALANCED,0,4,0.25,0.9654488563537598,0.5087896318274947,548,266.0,2183.6,2722.0,2456.0,1917.6,4000,True
39,Fixed_25pct,2,QUALITY_CRITICAL,0,4,0.25,0.27426278591156006,0.7847674836432089,548,391.0,2722.0,3260.4,2869.4,2331.0,5000,True
39,Fixed_25pct,3,LATENCY_CRITICAL,0,4,0.25,0.8664701581001282,0.5357706876052578,548,736.0,4337.2,4875.599999999999,4139.599999999999,3601.2,15000,True
39,Fixed_25pct,4,LATENCY_CRITICAL,0,4,0.25,0.8845970630645752,0.5306174033689106,548,66.0,568.4,1106.8,1040.8,502.4,11000,True
39,Fixed_25pct,5,BANDWIDTH_EFFICIENT,0,4,0.25,0.5979806184768677,0.6257898177470768,548,30.0,30.0,568.4,538.4,0.0,2000,True
39,Fixed_25pct,6,QUALITY_CRITICAL,0,4,0.25,1.1941941976547241,0.4557481744637075,548,190.0,1106.8,1645.1999999999998,1455.1999999999998,916.8,4000,True
39,Fixed_25pct,7,BALANCED,0,4,0.25,0.48478296399116516,0.6734991067731232,548,603.0,3260.4,3798.8,3195.8,2657.4,10000,True
39,Fixed_25pct,8,BANDWIDTH_EFFICIENT,0,4,0.25,0.3389955759048462,0.7468284570874965,548,237.0,1645.1999999999998,2183.6,1946.6,1408.1999999999998,6000,True
39,Fixed_25pct,9,BALANCED,0,4,0.25,2.7408266067504883,0.26732059652148954,548,720.0,3798.8,4337.2,3617.2,3078.8,11000,True
39,Fixed_25pct,10,BALANCED,0,4,0.25,1.0369882583618164,0.49092084644818645,548,869.0,4875.599999999999,5413.999999999999,4544.999999999999,4006.5999999999995,14000,True
39,Fixed_50pct,1,BALANCED,1,8,0.5,0.4556569457054138,0.6869750478986643,1064,266.0,981.1999999999999,1932.3999999999999,1666.3999999999999,715.1999999999999,4000,True
39,Fixed_50pct,2,QUALITY_CRITICAL,1,8,0.5,0.11633574217557907,0.8957878550507956,1064,391.0,1932.3999999999999,2883.6,2492.6,1541.3999999999999,5000,True
39,Fixed_50pct,3,LATENCY_CRITICAL,1,8,0.5,0.4947242736816406,0.6690197099274435,1064,736.0,7639.599999999999,8590.8,7854.799999999999,6903.599999999999,15000,True
39,Fixed_50pct,4,LATENCY_CRITICAL,1,8,0.5,0.47993791103363037,0.6757040228137489,1064,66.0,4786.0,5737.2,5671.2,4720.0,11000,True
39,Fixed_50pct,5,BANDWIDTH_EFFICIENT,1,8,0.5,0.2549913823604584,0.7968182204718759,1064,30.0,30.0,981.1999999999999,951.1999999999999,0.0,2000,True
39,Fixed_50pct,6,QUALITY_CRITICAL,1,8,0.5,0.5469093918800354,0.6464502738487162,1064,190.0,8590.8,9542.0,9352.0,8400.8,4000,False
39,Fixed_50pct,7,BALANCED,1,8,0.5,0.22597724199295044,0.8156758263916861,1064,603.0,2883.6,3834.7999999999997,3231.7999999999997,2280.6,10000,True
39,Fixed_50pct,8,BANDWIDTH_EFFICIENT,1,8,0.5,0.07376880943775177,0.9312991690675214,1064,237.0,3834.7999999999997,4786.0,4549.0,3597.7999999999997,6000,True
39,Fixed_50pct,9,BALANCED,1,8,0.5,1.461817741394043,0.4062039131433565,1064,720.0,6688.4,7639.599999999999,6919.599999999999,5968.4,11000,True
39,Fixed_50pct,10,BALANCED,1,8,0.5,0.40467602014541626,0.7119079315502781,1064,869.0,5737.2,6688.4,5819.4,4868.2,14000,True
39,Fixed_75pct,1,BALANCED,2,12,0.75,0.2634081542491913,0.7915098510617675,1580,266.0,1394.0,2758.0,2492.0,1128.0,4000,True
39,Fixed_75pct,2,QUALITY_CRITICAL,2,12,0.75,0.08331266045570374,0.9230945381727029,1580,391.0,2758.0,4122.0,3731.0,2367.0,5000,True
39,Fixed_75pct,3,LATENCY_CRITICAL,2,12,0.75,0.2021941840648651,0.8318123754506904,1580,736.0,10942.0,12306.0,11570.0,10206.0,15000,True
39,Fixed_75pct,4,LATENCY_CRITICAL,2,12,0.75,0.2771739065647125,0.7829787273760995,1580,66.0,6850.0,8214.0,8148.0,6784.0,11000,True
39,Fixed_75pct,5,BANDWIDTH_EFFICIENT,2,12,0.75,0.08675263077020645,0.92017260569342,1580,30.0,30.0,1394.0,1364.0,0.0,2000,True
39,Fixed_75pct,6,QUALITY_CRITICAL,2,12,0.75,0.2869972884654999,0.7770024140395123,1580,190.0,12306.0,13670.0,13480.0,12116.0,4000,False
39,Fixed_75pct,7,BALANCED,2,12,0.75,0.11497478932142258,0.8968812654576731,1580,603.0,4122.0,5486.0,4883.0,3519.0,10000,True
39,Fixed_75pct,8,BANDWIDTH_EFFICIENT,2,12,0.75,0.03397064656019211,0.9671454439512326,1580,237.0,5486.0,6850.0,6613.0,5249.0,6000,False
39,Fixed_75pct,9,BALANCED,2,12,0.75,0.705589771270752,0.586307456132871,1580,720.0,9578.0,10942.0,10222.0,8858.0,11000,True
39,Fixed_75pct,10,BALANCED,2,12,0.75,0.16374526917934418,0.8592945780180787,1580,869.0,8214.0,9578.0,8709.0,7345.0,14000,True
39,Fixed_100pct,1,BALANCED,3,16,1.0,0.12858521938323975,0.88606512191121,2096,266.0,8914.0,10690.8,10424.8,8648.0,4000,False
39,Fixed_100pct,2,QUALITY_CRITICAL,3,16,1.0,0.07341033965349197,0.9316101802436619,2096,391.0,10690.8,12467.599999999999,12076.599999999999,10299.8,5000,False
39,Fixed_100pct,3,LATENCY_CRITICAL,3,16,1.0,0.1354566067457199,0.8807029648328474,2096,736.0,14244.399999999998,16021.199999999997,15285.199999999997,13508.399999999998,15000,False
39,Fixed_100pct,4,LATENCY_CRITICAL,3,16,1.0,0.2180669754743576,0.8209729186776165,2096,66.0,3583.6,5360.4,5294.4,3517.6,11000,True
39,Fixed_100pct,5,BANDWIDTH_EFFICIENT,3,16,1.0,0.06544142961502075,0.9385781068803877,2096,30.0,30.0,1806.8,1776.8,0.0,2000,True
39,Fixed_100pct,6,QUALITY_CRITICAL,3,16,1.0,0.1405697464942932,0.8767548000230984,2096,190.0,5360.4,7137.2,6947.2,5170.4,4000,False
39,Fixed_100pct,7,BALANCED,3,16,1.0,0.08943748474121094,0.9179048949628751,2096,603.0,12467.599999999999,14244.399999999998,13641.399999999998,11864.599999999999,10000,False
39,Fixed_100pct,8,BANDWIDTH_EFFICIENT,3,16,1.0,0.030330006033182144,0.9705628237015497,2096,237.0,7137.2,8914.0,8677.0,6900.2,6000,False
39,Fixed_100pct,9,BALANCED,3,16,1.0,0.41445234417915344,0.7069874104385808,2096,720.0,16021.199999999997,17797.999999999996,17077.999999999996,15301.199999999997,11000,False
39,Fixed_100pct,10,BALANCED,3,16,1.0,0.06998342275619507,0.9345939186834099,2096,869.0,1806.8,3583.6,2714.6,937.8,14000,True
39,PPO_Raw,1,BALANCED,0,4,0.25,0.9654488563537598,0.5087896318274947,548,266.0,2596.4,3134.8,2868.8,2330.4,4000,True
39,PPO_Raw,2,QUALITY_CRITICAL,2,12,0.75,0.08331266045570374,0.9230945381727029,1580,391.0,3134.8,4498.8,4107.8,2743.8,5000,True
39,PPO_Raw,3,LATENCY_CRITICAL,0,4,0.25,0.8664701581001282,0.5357706876052578,548,736.0,5988.4,6526.799999999999,5790.799999999999,5252.4,15000,True
39,PPO_Raw,4,LATENCY_CRITICAL,1,8,0.5,0.47993791103363037,0.6757040228137489,1064,66.0,568.4,1519.6,1453.6,502.4,11000,True
39,PPO_Raw,5,BANDWIDTH_EFFICIENT,0,4,0.25,0.5979806184768677,0.6257898177470768,548,30.0,30.0,568.4,538.4,0.0,2000,True
39,PPO_Raw,6,QUALITY_CRITICAL,0,4,0.25,1.1941941976547241,0.4557481744637075,548,190.0,1519.6,2058.0,1868.0,1329.6,4000,True
39,PPO_Raw,7,BALANCED,0,4,0.25,0.48478296399116516,0.6734991067731232,548,603.0,4498.8,5037.2,4434.2,3895.8,10000,True
39,PPO_Raw,8,BANDWIDTH_EFFICIENT,0,4,0.25,0.3389955759048462,0.7468284570874965,548,237.0,2058.0,2596.4,2359.4,1821.0,6000,True
39,PPO_Raw,9,BALANCED,1,8,0.5,1.461817741394043,0.4062039131433565,1064,720.0,5037.2,5988.4,5268.4,4317.2,11000,True
39,PPO_Raw,10,BALANCED,1,8,0.5,0.40467602014541626,0.7119079315502781,1064,869.0,6526.799999999999,7477.999999999999,6608.999999999999,5657.799999999999,14000,True
39,PPO_Orchestrated,1,BALANCED,0,4,0.25,0.9654488563537598,0.5087896318274947,548,266.0,3422.0,3960.4,3694.4,3156.0,4000,True
39,PPO_Orchestrated,2,QUALITY_CRITICAL,2,12,0.75,0.08331266045570374,0.9230945381727029,1580,391.0,1519.6,2883.6,2492.6,1128.6,5000,True
39,PPO_Orchestrated,3,LATENCY_CRITICAL,0,4,0.25,0.8664701581001282,0.5357706876052578,548,736.0,6401.2,6939.599999999999,6203.599999999999,5665.2,15000,True
39,PPO_Orchestrated,4,LATENCY_CRITICAL,1,8,0.5,0.47993791103363037,0.6757040228137489,1064,66.0,568.4,1519.6,1453.6,502.4,11000,True
39,PPO_Orchestrated,5,BANDWIDTH_EFFICIENT,0,4,0.25,0.5979806184768677,0.6257898177470768,548,30.0,30.0,568.4,538.4,0.0,2000,True
39,PPO_Orchestrated,6,QUALITY_CRITICAL,2,12,0.75,0.2869972884654999,0.7770024140395123,1580,190.0,6939.599999999999,8303.599999999999,8113.5999999999985,6749.599999999999,4000,False
39,PPO_Orchestrated,7,BALANCED,0,4,0.25,0.48478296399116516,0.6734991067731232,548,603.0,2883.6,3422.0,2819.0,2280.6,10000,True
39,PPO_Orchestrated,8,BANDWIDTH_EFFICIENT,0,4,0.25,0.3389955759048462,0.7468284570874965,548,237.0,3960.4,4498.8,4261.8,3723.4,6000,True
39,PPO_Orchestrated,9,BALANCED,1,8,0.5,1.461817741394043,0.4062039131433565,1064,720.0,5450.0,6401.2,5681.2,4730.0,11000,True
39,PPO_Orchestrated,10,BALANCED,1,8,0.5,0.40467602014541626,0.7119079315502781,1064,869.0,4498.8,5450.0,4581.0,3629.8,14000,True
40,Fixed_25pct,1,BALANCED,0,4,0.25,1.1546704769134521,0.4641080901765043,548,93.0,93.0,631.4,538.4,0.0,10000,True
40,Fixed_25pct,2,BANDWIDTH_EFFICIENT,0,4,0.25,0.47767373919487,0.6767393731615364,548,717.0,4400.2,4938.599999999999,4221.599999999999,3683.2,5000,True
40,Fixed_25pct,3,BALANCED,0,4,0.25,0.6147079467773438,0.6193070406297397,548,153.0,631.4,1169.8,1016.8,478.4,13000,True
40,Fixed_25pct,4,BANDWIDTH_EFFICIENT,0,4,0.25,0.48460423946380615,0.6735801861654185,548,281.0,2246.6,2785.0,2504.0,1965.6,8000,True
40,Fixed_25pct,5,BALANCED,0,4,0.25,0.8159396648406982,0.5506790888273946,548,582.0,3861.8,4400.2,3818.2,3279.8,9000,True
40,Fixed_25pct,6,BANDWIDTH_EFFICIENT,0,4,0.25,0.840682327747345,0.5432767973731867,548,937.0,4938.599999999999,5476.999999999999,4539.999999999999,4001.5999999999995,4000,False
40,Fixed_25pct,7,QUALITY_CRITICAL,0,4,0.25,1.054056167602539,0.4868416043204815,548,435.0,2785.0,3323.4,2888.4,2350.0,15000,True
40,Fixed_25pct,8,BALANCED,0,4,0.25,0.35217031836509705,0.7395518052852214,548,166.0,1169.8,1708.1999999999998,1542.1999999999998,1003.8,3000,True
40,Fixed_25pct,9,BALANCED,0,4,0.25,1.178425669670105,0.4590471063221713,548,950.0,3323.4,3861.8,2911.8,2373.4,4000,True
40,Fixed_25pct,10,BALANCED,0,4,0.25,0.3449658155441284,0.7435133208909352,548,260.0,1708.1999999999998,2246.6,1986.6,1448.1999999999998,9000,True
40,Fixed_50pct,1,BALANCED,1,8,0.5,0.6746504902839661,0.5971395260096527,1064,93.0,93.0,1044.1999999999998,951.1999999999998,0.0,10000,True
40,Fixed_50pct,2,BANDWIDTH_EFFICIENT,1,8,0.5,0.2638283669948578,0.7912466804157979,1064,717.0,8653.8,9605.0,8888.0,7936.799999999999,5000,False
40,Fixed_50pct,3,BALANCED,1,8,0.5,0.2959717810153961,0.7716217394922738,1064,153.0,4848.999999999999,5800.199999999999,5647.199999999999,4695.999999999999,13000,True
40,Fixed_50pct,4,BANDWIDTH_EFFICIENT,1,8,0.5,0.17690354585647583,0.8496873031954911,1064,281.0,3897.7999999999993,4848.999999999999,4567.999999999999,3616.7999999999993,8000,True
40,Fixed_50pct,5,BALANCED,1,8,0.5,0.4524690806865692,0.6884828140557105,1064,582.0,5800.199999999999,6751.399999999999,6169.399999999999,5218.199999999999,9000,True
40,Fixed_50pct,6,BANDWIDTH_EFFICIENT,1,8,0.5,0.28854379057884216,0.7760698606531471,1064,937.0,1995.3999999999996,2946.5999999999995,2009.5999999999995,1058.3999999999996,4000,True
40,Fixed_50pct,7,QUALITY_CRITICAL,1,8,0.5,0.3483223617076874,0.7416624009212993,1064,435.0,6751.399999999999,7702.5999999999985,7267.5999999999985,6316.399999999999,15000,True
40,Fixed_50pct,8,BALANCED,1,8,0.5,0.17664910852909088,0.8498710386566162,1064,166.0,1044.1999999999998,1995.3999999999996,1829.3999999999996,878.1999999999998,3000,True
40,Fixed_50pct,9,BALANCED,1,8,0.5,0.5198432803153992,0.6579625761101363,1064,950.0,2946.5999999999995,3897.7999999999993,2947.7999999999993,1996.5999999999995,4000,True
40,Fixed_50pct,10,BALANCED,1,8,0.5,0.18237431347370148,0.8457558563346126,1064,260.0,7702.5999999999985,8653.8,8393.8,7442.5999999999985,9000,True
40,Fixed_75pct,1,BALANCED,2,12,0.75,0.2946542203426361,0.7724070136158406,1580,93.0,93.0,1457.0,1364.0,0.0,10000,True
40,Fixed_75pct,2,BANDWIDTH_EFFICIENT,2,12,0.75,0.1394604742527008,0.877608326568621,1580,717.0,12369.0,13733.0,13016.0,11652.0,5000,False
40,Fixed_75pct,3,BALANCED,2,12,0.75,0.13912661373615265,0.8778655400914217,1580,153.0,4185.0,5549.0,5396.0,4032.0,13000,True
40,Fixed_75pct,4,BANDWIDTH_EFFICIENT,2,12,0.75,0.08246183395385742,0.9238201002869053,1580,281.0,9641.0,11005.0,10724.0,9360.0,8000,False
40,Fixed_75pct,5,BALANCED,2,12,0.75,0.2336551547050476,0.8105992960724006,1580,582.0,11005.0,12369.0,11787.0,10423.0,9000,False
40,Fixed_75pct,6,BANDWIDTH_EFFICIENT,2,12,0.75,0.14475922286510468,0.8735461396827177,1580,937.0,6913.0,8277.0,7340.0,5976.0,4000,False
40,Fixed_75pct,7,QUALITY_CRITICAL,2,12,0.75,0.14927606284618378,0.8701129626971422,1580,435.0,8277.0,9641.0,9206.0,7842.0,15000,True
40,Fixed_75pct,8,BALANCED,2,12,0.75,0.044935859739780426,0.9569965378057073,1580,166.0,1457.0,2821.0,2655.0,1291.0,3000,True
40,Fixed_75pct,9,BALANCED,2,12,0.75,0.299508273601532,0.7695218416951994,1580,950.0,5549.0,6913.0,5963.0,4599.0,4000,False
40,Fixed_75pct,10,BALANCED,2,12,0.75,0.07079906016588211,0.9338820299721646,1580,260.0,2821.0,4185.0,3925.0,2561.0,9000,True
40,Fixed_100pct,1,BALANCED,3,16,1.0,0.11226338148117065,0.8990676279105111,2096,93.0,93.0,1869.8,1776.8,0.0,10000,True
40,Fixed_100pct,2,BANDWIDTH_EFFICIENT,3,16,1.0,0.077090322971344,0.92842724391147,2096,717.0,16084.199999999997,17860.999999999996,17143.999999999996,15367.199999999997,5000,False
40,Fixed_100pct,3,BALANCED,3,16,1.0,0.07594097405672073,0.9294190147156555,2096,153.0,3646.6,5423.4,5270.4,3493.6,13000,True
40,Fixed_100pct,4,BANDWIDTH_EFFICIENT,3,16,1.0,0.03195062279701233,0.9690386128064801,2096,281.0,12530.599999999999,14307.399999999998,14026.399999999998,12249.599999999999,8000,False
40,Fixed_100pct,5,BALANCED,3,16,1.0,0.09364528208971024,0.9143732582919618,2096,582.0,14307.399999999998,16084.199999999997,15502.199999999997,13725.399999999998,9000,False
40,Fixed_100pct,6,BANDWIDTH_EFFICIENT,3,16,1.0,0.06278694421052933,0.9409223602599208,2096,937.0,8977.0,10753.8,9816.8,8040.0,4000,False
40,Fixed_100pct,7,QUALITY_CRITICAL,3,16,1.0,0.07247316837310791,0.9324242596362141,2096,435.0,10753.8,12530.599999999999,12095.599999999999,10318.8,15000,True
40,Fixed_100pct,8,BALANCED,3,16,1.0,0.015542296692728996,0.9846955693097719,2096,166.0,5423.4,7200.2,7034.2,5257.4,3000,False
40,Fixed_100pct,9,BALANCED,3,16,1.0,0.13876180350780487,0.8781467703953825,2096,950.0,7200.2,8977.0,8027.0,6250.2,4000,False
40,Fixed_100pct,10,BALANCED,3,16,1.0,0.03790997341275215,0.9634746997486686,2096,260.0,1869.8,3646.6,3386.6,1609.8,9000,True
40,PPO_Raw,1,BALANCED,0,4,0.25,1.1546704769134521,0.4641080901765043,548,93.0,93.0,631.4,538.4,0.0,10000,True
40,PPO_Raw,2,BANDWIDTH_EFFICIENT,0,4,0.25,0.47767373919487,0.6767393731615364,548,717.0,4400.2,4938.599999999999,4221.599999999999,3683.2,5000,True
40,PPO_Raw,3,BALANCED,0,4,0.25,0.6147079467773438,0.6193070406297397,548,153.0,631.4,1169.8,1016.8,478.4,13000,True
40,PPO_Raw,4,BANDWIDTH_EFFICIENT,0,4,0.25,0.48460423946380615,0.6735801861654185,548,281.0,2246.6,2785.0,2504.0,1965.6,8000,True
40,PPO_Raw,5,BALANCED,0,4,0.25,0.8159396648406982,0.5506790888273946,548,582.0,3861.8,4400.2,3818.2,3279.8,9000,True
40,PPO_Raw,6,BANDWIDTH_EFFICIENT,0,4,0.25,0.840682327747345,0.5432767973731867,548,937.0,4938.599999999999,5476.999999999999,4539.999999999999,4001.5999999999995,4000,False
40,PPO_Raw,7,QUALITY_CRITICAL,0,4,0.25,1.054056167602539,0.4868416043204815,548,435.0,2785.0,3323.4,2888.4,2350.0,15000,True
40,PPO_Raw,8,BALANCED,0,4,0.25,0.35217031836509705,0.7395518052852214,548,166.0,1169.8,1708.1999999999998,1542.1999999999998,1003.8,3000,True
40,PPO_Raw,9,BALANCED,0,4,0.25,1.178425669670105,0.4590471063221713,548,950.0,3323.4,3861.8,2911.8,2373.4,4000,True
40,PPO_Raw,10,BALANCED,0,4,0.25,0.3449658155441284,0.7435133208909352,548,260.0,1708.1999999999998,2246.6,1986.6,1448.1999999999998,9000,True
40,PPO_Orchestrated,1,BALANCED,0,4,0.25,1.1546704769134521,0.4641080901765043,548,93.0,93.0,631.4,538.4,0.0,10000,True
40,PPO_Orchestrated,2,BANDWIDTH_EFFICIENT,0,4,0.25,0.47767373919487,0.6767393731615364,548,717.0,4400.2,4938.599999999999,4221.599999999999,3683.2,5000,True
40,PPO_Orchestrated,3,BALANCED,0,4,0.25,0.6147079467773438,0.6193070406297397,548,153.0,631.4,1169.8,1016.8,478.4,13000,True
40,PPO_Orchestrated,4,BANDWIDTH_EFFICIENT,0,4,0.25,0.48460423946380615,0.6735801861654185,548,281.0,2246.6,2785.0,2504.0,1965.6,8000,True
40,PPO_Orchestrated,5,BALANCED,0,4,0.25,0.8159396648406982,0.5506790888273946,548,582.0,3861.8,4400.2,3818.2,3279.8,9000,True
40,PPO_Orchestrated,6,BANDWIDTH_EFFICIENT,0,4,0.25,0.840682327747345,0.5432767973731867,548,937.0,2785.0,3323.4,2386.4,1848.0,4000,True
40,PPO_Orchestrated,7,QUALITY_CRITICAL,2,12,0.75,0.14927606284618378,0.8701129626971422,1580,435.0,4938.599999999999,6302.599999999999,5867.599999999999,4503.599999999999,15000,True
40,PPO_Orchestrated,8,BALANCED,0,4,0.25,0.35217031836509705,0.7395518052852214,548,166.0,1169.8,1708.1999999999998,1542.1999999999998,1003.8,3000,True
40,PPO_Orchestrated,9,BALANCED,0,4,0.25,1.178425669670105,0.4590471063221713,548,950.0,3323.4,3861.8,2911.8,2373.4,4000,True
40,PPO_Orchestrated,10,BALANCED,0,4,0.25,0.3449658155441284,0.7435133208909352,548,260.0,1708.1999999999998,2246.6,1986.6,1448.1999999999998,9000,True
41,Fixed_25pct,1,BANDWIDTH_EFFICIENT,0,4,0.25,0.9758355021476746,0.5061150075059536,548,316.0,1139.8,1678.1999999999998,1362.1999999999998,823.8,14000,True
41,Fixed_25pct,2,BALANCED,0,4,0.25,1.033831000328064,0.4916829371952225,548,63.0,63.0,601.4,538.4,0.0,8000,True
41,Fixed_25pct,3,BANDWIDTH_EFFICIENT,0,4,0.25,0.8492139577865601,0.5407703071833627,548,706.0,4908.599999999999,5446.999999999999,4740.999999999999,4202.599999999999,13000,True
41,Fixed_25pct,4,BALANCED,0,4,0.25,0.6951417326927185,0.5899211733826577,548,478.0,2755.0,3293.4,2815.4,2277.0,12000,True
41,Fixed_25pct,5,LATENCY_CRITICAL,0,4,0.25,0.9876583218574524,0.503104577383052,548,443.0,2216.6,2755.0,2312.0,1773.6,13000,True
41,Fixed_25pct,6,BANDWIDTH_EFFICIENT,0,4,0.25,0.4474804997444153,0.6908555936861133,548,412.0,1678.1999999999998,2216.6,1804.6,1266.1999999999998,12000,True
41,Fixed_25pct,7,BANDWIDTH_EFFICIENT,0,4,0.25,0.8033047318458557,0.5545374458017441,548,565.0,3293.4,3831.8,3266.8,2728.4,8000,True
41,Fixed_25pct,8,BALANCED,0,4,0.25,0.20771533250808716,0.8280096915912126,548,587.0,3831.8,4370.2,3783.2,3244.8,3000,False
41,Fixed_25pct,9,BANDWIDTH_EFFICIENT,0,4,0.25,0.5020581483840942,0.6657531874353828,548,85.0,601.4,1139.8,1054.8,516.4,6000,True
41,Fixed_25pct,10,BALANCED,0,4,0.25,0.698129415512085,0.588883268180383,548,699.0,4370.2,4908.599999999999,4209.599999999999,3671.2,15000,True
41,Fixed_50pct,1,BANDWIDTH_EFFICIENT,1,8,0.5,0.29137781262397766,0.7743667191927969,1064,316.0,1965.3999999999999,2916.6,2600.6,1649.3999999999999,14000,True
41,Fixed_50pct,2,BALANCED,1,8,0.5,0.6974143981933594,0.5891313288401162,1064,63.0,63.0,1014.1999999999999,951.1999999999999,0.0,8000,True
41,Fixed_50pct,3,BANDWIDTH_EFFICIENT,1,8,0.5,0.17882952094078064,0.8482990816194835,1064,706.0,5770.2,6721.4,6015.4,5064.2,13000,True
41,Fixed_50pct,4,BALANCED,1,8,0.5,0.2560531198978424,0.7961446726722292,1064,478.0,7672.599999999999,8623.8,8145.799999999999,7194.599999999999,12000,True
41,Fixed_50pct,5,LATENCY_CRITICAL,1,8,0.5,0.5092807412147522,0.6625672565033494,1064,443.0,4819.0,5770.2,5327.2,4376.0,13000,True
41,Fixed_50pct,6,BANDWIDTH_EFFICIENT,1,8,0.5,0.24947012960910797,0.8003392608615992,1064,412.0,3867.7999999999997,4819.0,4407.0,3455.7999999999997,12000,True
41,Fixed_50pct,7,BANDWIDTH_EFFICIENT,1,8,0.5,0.37773141264915466,0.7258308773530552,1064,565.0,2916.6,3867.7999999999997,3302.7999999999997,2351.6,8000,True
41,Fixed_50pct,8,BALANCED,1,8,0.5,0.09319042414426804,0.9147537134555345,1064,587.0,6721.4,7672.599999999999,7085.599999999999,6134.4,3000,False
41,Fixed_50pct,9,BANDWIDTH_EFFICIENT,1,8,0.5,0.3034990727901459,0.7671658698302679,1064,85.0,1014.1999999999999,1965.3999999999999,1880.3999999999999,929.1999999999999,6000,True
41,Fixed_50pct,10,BALANCED,1,8,0.5,0.29859551787376404,0.7700627225614756,1064,699.0,8623.8,9575.0,8876.0,7924.799999999999,15000,True
41,Fixed_75pct,1,BANDWIDTH_EFFICIENT,2,12,0.75,0.09209923446178436,0.9156677053187632,1580,316.0,1427.0,2791.0,2475.0,1111.0,14000,True
41,Fixed_75pct,2,BALANCED,2,12,0.75,0.3909023106098175,0.7189577530873228,1580,63.0,63.0,1427.0,1364.0,0.0,8000,True
41,Fixed_75pct,3,BANDWIDTH_EFFICIENT,2,12,0.75,0.11231961846351624,0.8990221725850102,1580,706.0,4155.0,5519.0,4813.0,3449.0,13000,True
41,Fixed_75pct,4,BALANCED,2,12,0.75,0.09156078100204468,0.91611939289538,1580,478.0,10975.0,12339.0,11861.0,10497.0,12000,True
41,Fixed_75pct,5,LATENCY_CRITICAL,2,12,0.75,0.3148796558380127,0.7605258744099054,1580,443.0,9611.0,10975.0,10532.0,9168.0,13000,True
41,Fixed_75pct,6,BANDWIDTH_EFFICIENT,2,12,0.75,0.09637872129678726,0.9120935864362715,1580,412.0,6883.0,8247.0,7835.0,6471.0,12000,True
41,Fixed_75pct,7,BANDWIDTH_EFFICIENT,2,12,0.75,0.17994168400764465,0.8474995108262665,1580,565.0,8247.0,9611.0,9046.0,7682.0,8000,False
41,Fixed_75pct,8,BALANCED,2,12,0.75,0.031883951276540756,0.9691012237983765,1580,587.0,5519.0,6883.0,6296.0,4932.0,3000,False
41,Fixed_75pct,9,BANDWIDTH_EFFICIENT,2,12,0.75,0.16175726056098938,0.8607650099962534,1580,85.0,12339.0,13703.0,13618.0,12254.0,6000,False
41,Fixed_75pct,10,BALANCED,2,12,0.75,0.12612178921699524,0.8880034198568442,1580,699.0,2791.0,4155.0,3456.0,2092.0,15000,True
41,Fixed_100pct,1,BANDWIDTH_EFFICIENT,3,16,1.0,0.0414377897977829,0.960210979279109,2096,316.0,3616.6,5393.4,5077.4,3300.6,14000,True
41,Fixed_100pct,2,BALANCED,3,16,1.0,0.15267670154571533,0.8675459464557763,2096,63.0,63.0,1839.8,1776.8,0.0,8000,True
41,Fixed_100pct,3,BANDWIDTH_EFFICIENT,3,16,1.0,0.07008810341358185,0.9345024926545761,2096,706.0,16054.199999999997,17830.999999999996,17124.999999999996,15348.199999999997,13000,False
41,Fixed_100pct,4,BALANCED,3,16,1.0,0.05551649257540703,0.9474034816453226,2096,478.0,10723.8,12500.599999999999,12022.599999999999,10245.8,12000,False
41,Fixed_100pct,5,LATENCY_CRITICAL,3,16,1.0,0.17659200727939606,0.8499122837934916,2096,443.0,8947.0,10723.8,10280.8,8504.0,13000,True
41,Fixed_100pct,6,BANDWIDTH_EFFICIENT,3,16,1.0,0.057204410433769226,0.9458908704227801,2096,412.0,1839.8,3616.6,3204.6,1427.8,12000,True
41,Fixed_100pct,7,BANDWIDTH_EFFICIENT,3,16,1.0,0.10977426171302795,0.9010841524261138,2096,565.0,7170.2,8947.0,8382.0,6605.2,8000,False
41,Fixed_100pct,8,BALANCED,3,16,1.0,0.02760387398302555,0.9731376314532252,2096,587.0,14277.399999999998,16054.199999999997,15467.199999999997,13690.399999999998,3000,False
41,Fixed_100pct,9,BANDWIDTH_EFFICIENT,3,16,1.0,0.10075134038925171,0.9084703904574637,2096,85.0,5393.4,7170.2,7085.2,5308.4,6000,False
41,Fixed_100pct,10,BALANCED,3,16,1.0,0.08349341154098511,0.9229405452293082,2096,699.0,12500.599999999999,14277.399999999998,13578.399999999998,11801.599999999999,15000,True
41,PPO_Raw,1,BANDWIDTH_EFFICIENT,0,4,0.25,0.9758355021476746,0.5061150075059536,548,316.0,1139.8,1678.1999999999998,1362.1999999999998,823.8,14000,True
41,PPO_Raw,2,BALANCED,0,4,0.25,1.033831000328064,0.4916829371952225,548,63.0,63.0,601.4,538.4,0.0,8000,True
41,PPO_Raw,3,BANDWIDTH_EFFICIENT,0,4,0.25,0.8492139577865601,0.5407703071833627,548,706.0,5734.199999999999,6272.5999999999985,5566.5999999999985,5028.199999999999,13000,True
41,PPO_Raw,4,BALANCED,0,4,0.25,0.6951417326927185,0.5899211733826577,548,478.0,3580.6,4119.0,3641.0,3102.6,12000,True
41,PPO_Raw,5,LATENCY_CRITICAL,2,12,0.75,0.3148796558380127,0.7605258744099054,1580,443.0,2216.6,3580.6,3137.6,1773.6,13000,True
41,PPO_Raw,6,BANDWIDTH_EFFICIENT,0,4,0.25,0.4474804997444153,0.6908555936861133,548,412.0,1678.1999999999998,2216.6,1804.6,1266.1999999999998,12000,True
41,PPO_Raw,7,BANDWIDTH_EFFICIENT,0,4,0.25,0.8033047318458557,0.5545374458017441,548,565.0,4119.0,4657.4,4092.3999999999996,3554.0,8000,True
41,PPO_Raw,8,BALANCED,0,4,0.25,0.20771533250808716,0.8280096915912126,548,587.0,4657.4,5195.799999999999,4608.799999999999,4070.3999999999996,3000,False
41,PPO_Raw,9,BANDWIDTH_EFFICIENT,0,4,0.25,0.5020581483840942,0.6657531874353828,548,85.0,601.4,1139.8,1054.8,516.4,6000,True
41,PPO_Raw,10,BALANCED,0,4,0.25,0.698129415512085,0.588883268180383,548,699.0,5195.799999999999,5734.199999999999,5035.199999999999,4496.799999999999,15000,True
41,PPO_Orchestrated,1,BANDWIDTH_EFFICIENT,0,4,0.25,0.9758355021476746,0.5061150075059536,548,316.0,1139.8,1678.1999999999998,1362.1999999999998,823.8,14000,True
41,PPO_Orchestrated,2,BALANCED,0,4,0.25,1.033831000328064,0.4916829371952225,548,63.0,63.0,601.4,538.4,0.0,8000,True
41,PPO_Orchestrated,3,BANDWIDTH_EFFICIENT,0,4,0.25,0.8492139577865601,0.5407703071833627,548,706.0,5734.199999999999,6272.5999999999985,5566.5999999999985,5028.199999999999,13000,True
41,PPO_Orchestrated,4,BALANCED,0,4,0.25,0.6951417326927185,0.5899211733826577,548,478.0,3580.6,4119.0,3641.0,3102.6,12000,True
41,PPO_Orchestrated,5,LATENCY_CRITICAL,2,12,0.75,0.3148796558380127,0.7605258744099054,1580,443.0,2216.6,3580.6,3137.6,1773.6,13000,True
41,PPO_Orchestrated,6,BANDWIDTH_EFFICIENT,0,4,0.25,0.4474804997444153,0.6908555936861133,548,412.0,1678.1999999999998,2216.6,1804.6,1266.1999999999998,12000,True
41,PPO_Orchestrated,7,BANDWIDTH_EFFICIENT,0,4,0.25,0.8033047318458557,0.5545374458017441,548,565.0,4119.0,4657.4,4092.3999999999996,3554.0,8000,True
41,PPO_Orchestrated,8,BALANCED,0,4,0.25,0.20771533250808716,0.8280096915912126,548,587.0,4657.4,5195.799999999999,4608.799999999999,4070.3999999999996,3000,False
41,PPO_Orchestrated,9,BANDWIDTH_EFFICIENT,0,4,0.25,0.5020581483840942,0.6657531874353828,548,85.0,601.4,1139.8,1054.8,516.4,6000,True
41,PPO_Orchestrated,10,BALANCED,0,4,0.25,0.698129415512085,0.588883268180383,548,699.0,5195.799999999999,5734.199999999999,5035.199999999999,4496.799999999999,15000,True
42,Fixed_25pct,1,LATENCY_CRITICAL,0,4,0.25,1.465821623802185,0.40554433879042934,548,842.0,4511.2,5049.599999999999,4207.599999999999,3669.2,7000,True
42,Fixed_25pct,2,QUALITY_CRITICAL,0,4,0.25,0.8082065582275391,0.55303416274534,548,818.0,5049.599999999999,5587.999999999999,4769.999999999999,4231.599999999999,4000,False
42,Fixed_25pct,3,BALANCED,0,4,0.25,0.59464031457901,0.62710066392872,548,790.0,3972.8,4511.2,3721.2,3182.8,15000,True
42,Fixed_25pct,4,LATENCY_CRITICAL,0,4,0.25,0.40660250186920166,0.710932902985117,548,204.0,204.0,742.4,538.4,0.0,9000,True
42,Fixed_25pct,5,BANDWIDTH_EFFICIENT,0,4,0.25,0.4375808537006378,0.6956130484249202,548,603.0,2357.6,2896.0,2293.0,1754.6,7000,True
42,Fixed_25pct,6,BALANCED,0,4,0.25,0.6128935217857361,0.620003730248006,548,750.0,3434.4,3972.8,3222.8,2684.4,2000,False
42,Fixed_25pct,7,QUALITY_CRITICAL,0,4,0.25,1.2061773538589478,0.45327271547359704,548,238.0,742.4,1280.8,1042.8,504.4,5000,True
42,Fixed_25pct,8,BALANCED,0,4,0.25,0.5167887806892395,0.65928757697271,548,436.0,1819.1999999999998,2357.6,1921.6,1383.1999999999998,2000,True
42,Fixed_25pct,9,QUALITY_CRITICAL,0,4,0.25,0.4517515003681183,0.6888231214132939,548,836.0,2896.0,3434.4,2598.4,2060.0,5000,True
42,Fixed_25pct,10,BANDWIDTH_EFFICIENT,0,4,0.25,0.4771333932876587,0.6769869292402212,548,420.0,1280.8,1819.1999999999998,1399.1999999999998,860.8,12000,True
42,Fixed_50pct,1,LATENCY_CRITICAL,1,8,0.5,0.5698227882385254,0.6370145773728288,1064,842.0,3057.5999999999995,4008.7999999999993,3166.7999999999993,2215.5999999999995,7000,True
42,Fixed_50pct,2,QUALITY_CRITICAL,1,8,0.5,0.3790864050388336,0.7251177274652643,1064,818.0,4959.999999999999,5911.199999999999,5093.199999999999,4141.999999999999,4000,False
42,Fixed_50pct,3,BALANCED,1,8,0.5,0.2313048243522644,0.8121465783471256,1064,790.0,4008.7999999999993,4959.999999999999,4169.999999999999,3218.7999999999993,15000,True
42,Fixed_50pct,4,LATENCY_CRITICAL,1,8,0.5,0.2733592092990875,0.7853243552150878,1064,204.0,204.0,1155.1999999999998,951.1999999999998,0.0,9000,True
42,Fixed_50pct,5,BANDWIDTH_EFFICIENT,1,8,0.5,0.2914355397224426,0.7743321050425185,1064,603.0,8764.8,9716.0,9113.0,8161.799999999999,7000,False
42,Fixed_50pct,6,BALANCED,1,8,0.5,0.27446314692497253,0.7846441087078918,1064,750.0,6862.399999999999,7813.5999999999985,7063.5999999999985,6112.399999999999,2000,False
42,Fixed_50pct,7,QUALITY_CRITICAL,1,8,0.5,0.7107457518577576,0.5845403964405965,1064,238.0,7813.5999999999985,8764.8,8526.8,7575.5999999999985,5000,False
42,Fixed_50pct,8,BALANCED,1,8,0.5,0.2451428920030594,0.8031206750827623,1064,436.0,1155.1999999999998,2106.3999999999996,1670.3999999999996,719.1999999999998,2000,True
42,Fixed_50pct,9,QUALITY_CRITICAL,1,8,0.5,0.2096329629421234,0.8266970483077406,1064,836.0,2106.3999999999996,3057.5999999999995,2221.5999999999995,1270.3999999999996,5000,True
42,Fixed_50pct,10,BANDWIDTH_EFFICIENT,1,8,0.5,0.2310078740119934,0.812342488712836,1064,420.0,5911.199999999999,6862.399999999999,6442.399999999999,5491.199999999999,12000,True
42,Fixed_75pct,1,LATENCY_CRITICAL,2,12,0.75,0.24010741710662842,0.8063817587134202,1580,842.0,9752.0,11116.0,10274.0,8910.0,7000,False
42,Fixed_75pct,2,QUALITY_CRITICAL,2,12,0.75,0.1569402813911438,0.8643488484968009,1580,818.0,12480.0,13844.0,13026.0,11662.0,4000,False
42,Fixed_75pct,3,BALANCED,2,12,0.75,0.10140915960073471,0.907927804379713,1580,790.0,8388.0,9752.0,8962.0,7598.0,15000,True
42,Fixed_75pct,4,LATENCY_CRITICAL,2,12,0.75,0.1320430338382721,0.883358644599781,1580,204.0,204.0,1568.0,1364.0,0.0,9000,True
42,Fixed_75pct,5,BANDWIDTH_EFFICIENT,2,12,0.75,0.1850488781929016,0.8438470500262526,1580,603.0,4296.0,5660.0,5057.0,3693.0,7000,True
42,Fixed_75pct,6,BALANCED,2,12,0.75,0.13419072329998016,0.8816859276457966,1580,750.0,11116.0,12480.0,11730.0,10366.0,2000,False
42,Fixed_75pct,7,QUALITY_CRITICAL,2,12,0.75,0.26910993456840515,0.7879538034977851,1580,238.0,5660.0,7024.0,6786.0,5422.0,5000,False
42,Fixed_75pct,8,BALANCED,2,12,0.75,0.06937111169099808,0.9351290576932628,1580,436.0,1568.0,2932.0,2496.0,1132.0,2000,False
42,Fixed_75pct,9,QUALITY_CRITICAL,2,12,0.75,0.10495766252279282,0.9050120506127285,1580,836.0,2932.0,4296.0,3460.0,2096.0,5000,True
42,Fixed_75pct,10,BANDWIDTH_EFFICIENT,2,12,0.75,0.1475403904914856,0.8714290218331271,1580,420.0,7024.0,8388.0,7968.0,6604.0,12000,True
42,Fixed_100pct,1,LATENCY_CRITICAL,3,16,1.0,0.09449832141399384,0.9136606063571568,2096,842.0,1980.8,3757.6,2915.6,1138.8,7000,True
42,Fixed_100pct,2,QUALITY_CRITICAL,3,16,1.0,0.09192782640457153,0.9158114445097846,2096,818.0,14418.399999999998,16195.199999999997,15377.199999999997,13600.399999999998,4000,False
42,Fixed_100pct,3,BALANCED,3,16,1.0,0.04121151193976402,0.9604196539634993,2096,790.0,12641.599999999999,14418.399999999998,13628.399999999998,11851.599999999999,15000,True
42,Fixed_100pct,4,LATENCY_CRITICAL,3,16,1.0,0.0774148479104042,0.9281475950878655,2096,204.0,204.0,1980.8,1776.8,0.0,9000,True
42,Fixed_100pct,5,BANDWIDTH_EFFICIENT,3,16,1.0,0.08627722412347794,0.9205753170484676,2096,603.0,9088.0,10864.8,10261.8,8485.0,7000,False
42,Fixed_100pct,6,BALANCED,3,16,1.0,0.05884086340665817,0.9444289832021153,2096,750.0,10864.8,12641.599999999999,11891.599999999999,10114.8,2000,False
42,Fixed_100pct,7,QUALITY_CRITICAL,3,16,1.0,0.11929865926504135,0.893416597726137,2096,238.0,3757.6,5534.4,5296.4,3519.6,5000,False
42,Fixed_100pct,8,BALANCED,3,16,1.0,0.028049446642398834,0.972715858430732,2096,436.0,7311.2,9088.0,8652.0,6875.2,2000,False
42,Fixed_100pct,9,QUALITY_CRITICAL,3,16,1.0,0.0662151426076889,0.9378970153755801,2096,836.0,16195.199999999997,17971.999999999996,17135.999999999996,15359.199999999997,5000,False
42,Fixed_100pct,10,BANDWIDTH_EFFICIENT,3,16,1.0,0.11520399898290634,0.8966969280167797,2096,420.0,5534.4,7311.2,6891.2,5114.4,12000,True
42,PPO_Raw,1,LATENCY_CRITICAL,0,4,0.25,1.465821623802185,0.40554433879042934,548,842.0,5749.5999999999985,6287.999999999998,5445.999999999998,4907.5999999999985,7000,True
42,PPO_Raw,2,QUALITY_CRITICAL,0,4,0.25,0.8082065582275391,0.55303416274534,548,818.0,4672.799999999999,5211.199999999999,4393.199999999999,3854.7999999999993,4000,False
42,PPO_Raw,3,BALANCED,0,4,0.25,0.59464031457901,0.62710066392872,548,790.0,5211.199999999999,5749.5999999999985,4959.5999999999985,4421.199999999999,15000,True
42,PPO_Raw,4,LATENCY_CRITICAL,1,8,0.5,0.2733592092990875,0.7853243552150878,1064,204.0,204.0,1155.1999999999998,951.1999999999998,0.0,9000,True
42,PPO_Raw,5,BANDWIDTH_EFFICIENT,0,4,0.25,0.4375808537006378,0.6956130484249202,548,603.0,4134.4,4672.799999999999,4069.7999999999993,3531.3999999999996,7000,True
42,PPO_Raw,6,BALANCED,1,8,0.5,0.27446314692497253,0.7846441087078918,1064,750.0,2106.3999999999996,3057.5999999999995,2307.5999999999995,1356.3999999999996,2000,False
42,PPO_Raw,7,QUALITY_CRITICAL,1,8,0.5,0.7107457518577576,0.5845403964405965,1064,238.0,1155.1999999999998,2106.3999999999996,1868.3999999999996,917.1999999999998,5000,True
42,PPO_Raw,8,BALANCED,0,4,0.25,0.5167887806892395,0.65928757697271,548,436.0,3595.9999999999995,4134.4,3698.3999999999996,3159.9999999999995,2000,False
42,PPO_Raw,9,QUALITY_CRITICAL,2,12,0.75,0.10495766252279282,0.9050120506127285,1580,836.0,6287.999999999998,7651.999999999998,6815.999999999998,5451.999999999998,5000,False
42,PPO_Raw,10,BANDWIDTH_EFFICIENT,0,4,0.25,0.4771333932876587,0.6769869292402212,548,420.0,3057.5999999999995,3595.9999999999995,3175.9999999999995,2637.5999999999995,12000,True
42,PPO_Orchestrated,1,LATENCY_CRITICAL,0,4,0.25,1.465821623802185,0.40554433879042934,548,842.0,1693.6,2232.0,1390.0,851.5999999999999,7000,True
42,PPO_Orchestrated,2,QUALITY_CRITICAL,2,12,0.75,0.1569402813911438,0.8643488484968009,1580,818.0,4134.4,5498.4,4680.4,3316.3999999999996,4000,False
42,PPO_Orchestrated,3,BALANCED,0,4,0.25,0.59464031457901,0.62710066392872,548,790.0,3596.0,4134.4,3344.3999999999996,2806.0,15000,True
42,PPO_Orchestrated,4,LATENCY_CRITICAL,1,8,0.5,0.2733592092990875,0.7853243552150878,1064,204.0,204.0,1155.1999999999998,951.1999999999998,0.0,9000,True
42,PPO_Orchestrated,5,BANDWIDTH_EFFICIENT,0,4,0.25,0.4375808537006378,0.6956130484249202,548,603.0,7400.799999999999,7939.199999999999,7336.199999999999,6797.799999999999,7000,False
42,PPO_Orchestrated,6,BALANCED,2,12,0.75,0.13419072329998016,0.8816859276457966,1580,750.0,5498.4,6862.4,6112.4,4748.4,2000,False
42,PPO_Orchestrated,7,QUALITY_CRITICAL,2,12,0.75,0.26910993456840515,0.7879538034977851,1580,238.0,7939.199999999999,9303.199999999999,9065.199999999999,7701.199999999999,5000,False
42,PPO_Orchestrated,8,BALANCED,0,4,0.25,0.5167887806892395,0.65928757697271,548,436.0,1155.1999999999998,1693.6,1257.6,719.1999999999998,2000,True
42,PPO_Orchestrated,9,QUALITY_CRITICAL,2,12,0.75,0.10495766252279282,0.9050120506127285,1580,836.0,2232.0,3596.0,2760.0,1396.0,5000,True
42,PPO_Orchestrated,10,BANDWIDTH_EFFICIENT,0,4,0.25,0.4771333932876587,0.6769869292402212,548,420.0,6862.4,7400.799999999999,6980.799999999999,6442.4,12000,True
43,Fixed_25pct,1,BALANCED,0,4,0.25,1.2313076257705688,0.4481676970268301,548,842.0,3262.4,3800.8,2958.8,2420.4,3000,True
43,Fixed_25pct,2,LATENCY_CRITICAL,0,4,0.25,0.33112597465515137,0.7512436982225258,548,254.0,1108.8,1647.1999999999998,1393.1999999999998,854.8,3000,True
43,Fixed_25pct,3,BALANCED,0,4,0.25,0.924466073513031,0.5196246448629477,548,767.0,4877.599999999999,5415.999999999999,4648.999999999999,4110.599999999999,10000,True
43,Fixed_25pct,4,BALANCED,0,4,0.25,0.4625585079193115,0.6837333307250977,548,160.0,570.4,1108.8,948.8,410.4,4000,True
43,Fixed_25pct,5,QUALITY_CRITICAL,0,4,0.25,2.2242836952209473,0.3101464060008758,548,428.0,2185.6,2724.0,2296.0,1757.6,8000,True
43,Fixed_25pct,6,BALANCED,0,4,0.25,0.8973067402839661,0.5270629038351131,548,32.0,32.0,570.4,538.4,0.0,11000,True
43,Fixed_25pct,7,BALANCED,0,4,0.25,0.9131920337677002,0.5226866840077069,548,343.0,1647.1999999999998,2185.6,1842.6,1304.1999999999998,6000,True
43,Fixed_25pct,8,LATENCY_CRITICAL,0,4,0.25,1.1798478364944458,0.45874761680988,548,462.0,3800.8,4339.2,3877.2,3338.8,6000,True
43,Fixed_25pct,9,BALANCED,0,4,0.25,0.5977775454521179,0.6258693538699301,548,455.0,2724.0,3262.4,2807.4,2269.0,7000,True
43,Fixed_25pct,10,BALANCED,0,4,0.25,0.5554000735282898,0.642921404607875,548,755.0,4339.2,4877.599999999999,4122.599999999999,3584.2,12000,True
43,Fixed_50pct,1,BALANCED,1,8,0.5,0.6859816312789917,0.5931262722248026,1064,842.0,4788.0,5739.2,4897.2,3946.0,3000,False
43,Fixed_50pct,2,LATENCY_CRITICAL,1,8,0.5,0.09455230087041855,0.9136155478406761,1064,254.0,2885.6,3836.7999999999997,3582.7999999999997,2631.6,3000,False
43,Fixed_50pct,3,BALANCED,1,8,0.5,0.46984121203422546,0.680345599111365,1064,767.0,1934.3999999999999,2885.6,2118.6,1167.3999999999999,10000,True
43,Fixed_50pct,4,BALANCED,1,8,0.5,0.2902168333530426,0.7750635196730297,1064,160.0,983.1999999999999,1934.3999999999999,1774.3999999999999,823.1999999999999,4000,True
43,Fixed_50pct,5,QUALITY_CRITICAL,1,8,0.5,1.3193645477294922,0.4311525762428917,1064,428.0,5739.2,6690.4,6262.4,5311.2,8000,True
43,Fixed_50pct,6,BALANCED,1,8,0.5,0.6052139401435852,0.6229699200784107,1064,32.0,32.0,983.1999999999999,951.1999999999999,0.0,11000,True
43,Fixed_50pct,7,BALANCED,1,8,0.5,0.533493161201477,0.6521059404115697,1064,343.0,7641.599999999999,8592.8,8249.8,7298.599999999999,6000,False
43,Fixed_50pct,8,LATENCY_CRITICAL,1,8,0.5,0.699667751789093,0.5883502813696304,1064,462.0,6690.4,7641.599999999999,7179.599999999999,6228.4,6000,False
43,Fixed_50pct,9,BALANCED,1,8,0.5,0.19938664138317108,0.8337594946420013,1064,455.0,8592.8,9544.0,9089.0,8137.799999999999,7000,False
43,Fixed_50pct,10,BALANCED,1,8,0.5,0.16865745186805725,0.8556827309846317,1064,755.0,3836.7999999999997,4788.0,4033.0,3081.7999999999997,12000,True
43,Fixed_75pct,1,BALANCED,2,12,0.75,0.24316094815731049,0.8044010725097674,1580,842.0,1396.0,2760.0,1918.0,554.0,3000,True
43,Fixed_75pct,2,LATENCY_CRITICAL,2,12,0.75,0.048405300825834274,0.9538295916782324,1580,254.0,8216.0,9580.0,9326.0,7962.0,3000,False
43,Fixed_75pct,3,BALANCED,2,12,0.75,0.19439128041267395,0.8372465676863365,1580,767.0,12308.0,13672.0,12905.0,11541.0,10000,False
43,Fixed_75pct,4,BALANCED,2,12,0.75,0.0777028352022171,0.9278995724385961,1580,160.0,6852.0,8216.0,8056.0,6692.0,4000,False
43,Fixed_75pct,5,QUALITY_CRITICAL,2,12,0.75,0.7197896838188171,0.5814664487226635,1580,428.0,4124.0,5488.0,5060.0,3696.0,8000,True
43,Fixed_75pct,6,BALANCED,2,12,0.75,0.3567275106906891,0.7370676809604276,1580,32.0,32.0,1396.0,1364.0,0.0,11000,True
43,Fixed_75pct,7,BALANCED,2,12,0.75,0.3070291578769684,0.7650938725990769,1580,343.0,2760.0,4124.0,3781.0,2417.0,6000,True
43,Fixed_75pct,8,LATENCY_CRITICAL,2,12,0.75,0.42527809739112854,0.7016174610628128,1580,462.0,10944.0,12308.0,11846.0,10482.0,6000,False
43,Fixed_75pct,9,BALANCED,2,12,0.75,0.05720106512308121,0.9458938635136338,1580,455.0,5488.0,6852.0,6397.0,5033.0,7000,True
43,Fixed_75pct,10,BALANCED,2,12,0.75,0.08336218446493149,0.9230523405188785,1580,755.0,9580.0,10944.0,10189.0,8825.0,12000,True
43,Fixed_100pct,1,BALANCED,3,16,1.0,0.10534746944904327,0.904692893084965,2096,842.0,1808.8,3585.6,2743.6,966.8,3000,True
43,Fixed_100pct,2,LATENCY_CRITICAL,3,16,1.0,0.03188355639576912,0.9691015946536312,2096,254.0,7139.2,8916.0,8662.0,6885.2,3000,False
43,Fixed_100pct,3,BALANCED,3,16,1.0,0.10301365703344345,0.9066070883378735,2096,767.0,16023.199999999997,17799.999999999996,17032.999999999996,15256.199999999997,10000,False
43,Fixed_100pct,4,BALANCED,3,16,1.0,0.06076778098940849,0.9427133986547662,2096,160.0,5362.4,7139.2,6979.2,5202.4,4000,False
43,Fixed_100pct,5,QUALITY_CRITICAL,3,16,1.0,0.4887276291847229,0.6717145436117374,2096,428.0,8916.0,10692.8,10264.8,8488.0,8000,False
43,Fixed_100pct,6,BALANCED,3,16,1.0,0.17916786670684814,0.8480556740345851,2096,32.0,32.0,1808.8,1776.8,0.0,11000,True
43,Fixed_100pct,7,BALANCED,3,16,1.0,0.2086455076932907,0.8273724542347473,2096,343.0,3585.6,5362.4,5019.4,3242.6,6000,True
43,Fixed_100pct,8,LATENCY_CRITICAL,3,16,1.0,0.1532629430294037,0.8671049443184128,2096,462.0,12469.599999999999,14246.399999999998,13784.399999999998,12007.599999999999,6000,False
43,Fixed_100pct,9,BALANCED,3,16,1.0,0.04563995450735092,0.9563521321936728,2096,455.0,10692.8,12469.599999999999,12014.599999999999,10237.8,7000,False
43,Fixed_100pct,10,BALANCED,3,16,1.0,0.0587298758327961,0.9445279885139737,2096,755.0,14246.399999999998,16023.199999999997,15268.199999999997,13491.399999999998,12000,False
43,PPO_Raw,1,BALANCED,0,4,0.25,1.2313076257705688,0.4481676970268301,548,842.0,4500.799999999999,5039.199999999999,4197.199999999999,3658.7999999999993,3000,False
43,PPO_Raw,2,LATENCY_CRITICAL,2,12,0.75,0.048405300825834274,0.9538295916782324,1580,254.0,2598.3999999999996,3962.3999999999996,3708.3999999999996,2344.3999999999996,3000,False
43,PPO_Raw,3,BALANCED,0,4,0.25,0.924466073513031,0.5196246448629477,548,767.0,6115.999999999998,6654.399999999998,5887.399999999998,5348.999999999998,10000,True
43,PPO_Raw,4,BALANCED,0,4,0.25,0.4625585079193115,0.6837333307250977,548,160.0,570.4,1108.8,948.8,410.4,4000,True
43,PPO_Raw,5,QUALITY_CRITICAL,0,4,0.25,2.2242836952209473,0.3101464060008758,548,428.0,5039.199999999999,5577.5999999999985,5149.5999999999985,4611.199999999999,8000,True
43,PPO_Raw,6,BALANCED,0,4,0.25,0.8973067402839661,0.5270629038351131,548,32.0,32.0,570.4,538.4,0.0,11000,True
43,PPO_Raw,7,BALANCED,0,4,0.25,0.9131920337677002,0.5226866840077069,548,343.0,3962.3999999999996,4500.799999999999,4157.799999999999,3619.3999999999996,6000,True
43,PPO_Raw,8,LATENCY_CRITICAL,1,8,0.5,0.699667751789093,0.5883502813696304,1064,462.0,1647.1999999999998,2598.3999999999996,2136.3999999999996,1185.1999999999998,6000,True
43,PPO_Raw,9,BALANCED,0,4,0.25,0.5977775454521179,0.6258693538699301,548,455.0,1108.8,1647.1999999999998,1192.1999999999998,653.8,7000,True
43,PPO_Raw,10,BALANCED,0,4,0.25,0.5554000735282898,0.642921404607875,548,755.0,5577.5999999999985,6115.999999999998,5360.999999999998,4822.5999999999985,12000,True
43,PPO_Orchestrated,1,BALANCED,0,4,0.25,1.2313076257705688,0.4481676970268301,548,842.0,4088.0,4626.4,3784.3999999999996,3246.0,3000,False
43,PPO_Orchestrated,2,LATENCY_CRITICAL,2,12,0.75,0.048405300825834274,0.9538295916782324,1580,254.0,1647.1999999999998,3011.2,2757.2,1393.1999999999998,3000,True
43,PPO_Orchestrated,3,BALANCED,0,4,0.25,0.924466073513031,0.5196246448629477,548,767.0,1108.8,1647.1999999999998,880.1999999999998,341.79999999999995,10000,True
43,PPO_Orchestrated,4,BALANCED,0,4,0.25,0.4625585079193115,0.6837333307250977,548,160.0,570.4,1108.8,948.8,410.4,4000,True
43,PPO_Orchestrated,5,QUALITY_CRITICAL,2,12,0.75,0.7197896838188171,0.5814664487226635,1580,428.0,4626.4,5990.4,5562.4,4198.4,8000,True
43,PPO_Orchestrated,6,BALANCED,0,4,0.25,0.8973067402839661,0.5270629038351131,548,32.0,32.0,570.4,538.4,0.0,11000,True
43,PPO_Orchestrated,7,BALANCED,0,4,0.25,0.9131920337677002,0.5226866840077069,548,343.0,3011.2,3549.6,3206.6,2668.2,6000,True
43,PPO_Orchestrated,8,LATENCY_CRITICAL,1,8,0.5,0.699667751789093,0.5883502813696304,1064,462.0,6528.799999999999,7479.999999999999,7017.999999999999,6066.799999999999,6000,False
43,PPO_Orchestrated,9,BALANCED,0,4,0.25,0.5977775454521179,0.6258693538699301,548,455.0,3549.6,4088.0,3633.0,3094.6,7000,True
43,PPO_Orchestrated,10,BALANCED,0,4,0.25,0.5554000735282898,0.642921404607875,548,755.0,5990.4,6528.799999999999,5773.799999999999,5235.4,12000,True
44,Fixed_25pct,1,BANDWIDTH_EFFICIENT,0,4,0.25,0.7337568402290344,0.5767821512201775,548,237.0,1268.8,1807.1999999999998,1570.1999999999998,1031.8,5000,True
44,Fixed_25pct,2,BALANCED,0,4,0.25,0.6204978823661804,0.6170942960689609,548,972.0,3422.4,3960.8,2988.8,2450.4,13000,True
44,Fixed_25pct,3,BALANCED,0,4,0.25,0.47887831926345825,0.6761881535311444,548,754.0,2884.0,3422.4,2668.4,2130.0,8000,True
44,Fixed_25pct,4,BALANCED,0,4,0.25,0.775406539440155,0.5632512766993262,548,865.0,4499.2,5037.599999999999,4172.599999999999,3634.2,5000,True
44,Fixed_25pct,5,BALANCED,0,4,0.25,0.7549861073493958,0.5698050804005097,548,192.0,192.0,730.4,538.4,0.0,9000,True
44,Fixed_25pct,6,BALANCED,0,4,0.25,0.9827860593795776,0.5043408466937196,548,680.0,2345.6,2884.0,2204.0,1665.6,8000,True
44,Fixed_25pct,7,BALANCED,0,4,0.25,0.9608005881309509,0.5099957670622728,548,918.0,5037.599999999999,5575.999999999999,4657.999999999999,4119.599999999999,14000,True
44,Fixed_25pct,8,BANDWIDTH_EFFICIENT,0,4,0.25,1.093834638595581,0.47759263390099427,548,804.0,3960.8,4499.2,3695.2,3156.8,2000,False
44,Fixed_25pct,9,BALANCED,0,4,0.25,0.37050920724868774,0.7296558058208971,548,202.0,730.4,1268.8,1066.8,528.4,11000,True
44,Fixed_25pct,10,BALANCED,0,4,0.25,0.5273998379707336,0.6547074152689291,548,535.0,1807.1999999999998,2345.6,1810.6,1272.1999999999998,2000,True
44,Fixed_50pct,1,BANDWIDTH_EFFICIENT,1,8,0.5,0.4575483500957489,0.6860835868218768,1064,237.0,4947.999999999999,5899.199999999999,5662.199999999999,4710.999999999999,5000,False
44,Fixed_50pct,2,BALANCED,1,8,0.5,0.3674493730068207,0.7312884994061218,1064,972.0,5899.199999999999,6850.399999999999,5878.399999999999,4927.199999999999,13000,True
44,Fixed_50pct,3,BALANCED,1,8,0.5,0.14132708311080933,0.8761730224383993,1064,754.0,2094.3999999999996,3045.5999999999995,2291.5999999999995,1340.3999999999996,8000,True
44,Fixed_50pct,4,BALANCED,1,8,0.5,0.22627609968185425,0.8154770367451837,1064,865.0,7801.5999999999985,8752.8,7887.799999999999,6936.5999999999985,5000,False
44,Fixed_50pct,5,BALANCED,1,8,0.5,0.46670061349868774,0.6818024011148303,1064,192.0,192.0,1143.1999999999998,951.1999999999998,0.0,9000,True
44,Fixed_50pct,6,BALANCED,1,8,0.5,0.449424147605896,0.6899291705963104,1064,680.0,1143.1999999999998,2094.3999999999996,1414.3999999999996,463.1999999999998,8000,True
44,Fixed_50pct,7,BALANCED,1,8,0.5,0.38558363914489746,0.7217175288076745,1064,918.0,6850.399999999999,7801.5999999999985,6883.5999999999985,5932.399999999999,14000,True
44,Fixed_50pct,8,BANDWIDTH_EFFICIENT,1,8,0.5,0.4538251459598541,0.6878406270375612,1064,804.0,3045.5999999999995,3996.7999999999993,3192.7999999999993,2241.5999999999995,2000,False
44,Fixed_50pct,9,BALANCED,1,8,0.5,0.18556055426597595,0.8434828540825877,1064,202.0,3996.7999999999993,4947.999999999999,4745.999999999999,3794.7999999999993,11000,True
44,Fixed_50pct,10,BALANCED,1,8,0.5,0.34471753239631653,0.7436506001509312,1064,535.0,8752.8,9704.0,9169.0,8217.8,2000,False
44,Fixed_75pct,1,BANDWIDTH_EFFICIENT,2,12,0.75,0.21214698255062103,0.8249824603743866,1580,237.0,2920.0,4284.0,4047.0,2683.0,5000,True
44,Fixed_75pct,2,BALANCED,2,12,0.75,0.09430363029241562,0.9138231586902292,1580,972.0,1556.0,2920.0,1948.0,584.0,13000,True
44,Fixed_75pct,3,BALANCED,2,12,0.75,0.07440676540136337,0.9307461868284426,1580,754.0,5648.0,7012.0,6258.0,4894.0,8000,True
44,Fixed_75pct,4,BALANCED,2,12,0.75,0.1064266562461853,0.9038104734323168,1580,865.0,12468.0,13832.0,12967.0,11603.0,5000,False
44,Fixed_75pct,5,BALANCED,2,12,0.75,0.2461581975221634,0.802466333719411,1580,192.0,192.0,1556.0,1364.0,0.0,9000,True
44,Fixed_75pct,6,BALANCED,2,12,0.75,0.2873711884021759,0.7767767439639166,1580,680.0,9740.0,11104.0,10424.0,9060.0,8000,False
44,Fixed_75pct,7,BALANCED,2,12,0.75,0.25312939286231995,0.798002190113714,1580,918.0,7012.0,8376.0,7458.0,6094.0,14000,True
44,Fixed_75pct,8,BANDWIDTH_EFFICIENT,2,12,0.75,0.20789073407649994,0.8278894537298989,1580,804.0,11104.0,12468.0,11664.0,10300.0,2000,False
44,Fixed_75pct,9,BALANCED,2,12,0.75,0.05787260830402374,0.9452934050378666,1580,202.0,4284.0,5648.0,5446.0,4082.0,11000,True
44,Fixed_75pct,10,BALANCED,2,12,0.75,0.17802244424819946,0.8488802610532507,1580,535.0,8376.0,9740.0,9205.0,7841.0,2000,False
44,Fixed_100pct,1,BANDWIDTH_EFFICIENT,3,16,1.0,0.09696227312088013,0.9116083793428734,2096,237.0,5522.4,7299.2,7062.2,5285.4,5000,False
44,Fixed_100pct,2,BALANCED,3,16,1.0,0.04519307613372803,0.9567610261054335,2096,972.0,1968.8,3745.6,2773.6,996.8,13000,True
44,Fixed_100pct,3,BALANCED,3,16,1.0,0.048004426062107086,0.9541944433932551,2096,754.0,10852.8,12629.599999999999,11875.599999999999,10098.8,8000,False
44,Fixed_100pct,4,BALANCED,3,16,1.0,0.06750530004501343,0.9367634989332916,2096,865.0,14406.399999999998,16183.199999999997,15318.199999999997,13541.399999999998,5000,False
44,Fixed_100pct,5,BALANCED,3,16,1.0,0.19920453429222107,0.8338861065015961,2096,192.0,192.0,1968.8,1776.8,0.0,9000,True
44,Fixed_100pct,6,BALANCED,3,16,1.0,0.25156569480895996,0.7989992088690485,2096,680.0,9076.0,10852.8,10172.8,8396.0,8000,False
44,Fixed_100pct,7,BALANCED,3,16,1.0,0.21897341310977936,0.8203624371501703,2096,918.0,16183.199999999997,17959.999999999996,17041.999999999996,15265.199999999997,14000,False
44,Fixed_100pct,8,BANDWIDTH_EFFICIENT,3,16,1.0,0.061447612941265106,0.942109613143324,2096,804.0,12629.599999999999,14406.399999999998,13602.399999999998,11825.599999999999,2000,False
44,Fixed_100pct,9,BALANCED,3,16,1.0,0.04040728881955147,0.9611620475425564,2096,202.0,3745.6,5522.4,5320.4,3543.6,11000,True
44,Fixed_100pct,10,BALANCED,3,16,1.0,0.15785732865333557,0.8636642661000954,2096,535.0,7299.2,9076.0,8541.0,6764.2,2000,False
44,PPO_Raw,1,BANDWIDTH_EFFICIENT,0,4,0.25,0.7337568402290344,0.5767821512201775,548,237.0,1268.8,1807.1999999999998,1570.1999999999998,1031.8,5000,True
44,PPO_Raw,2,BALANCED,0,4,0.25,0.6204978823661804,0.6170942960689609,548,972.0,4912.0,5450.4,4478.4,3940.0,13000,True
44,PPO_Raw,3,BALANCED,1,8,0.5,0.14132708311080933,0.8761730224383993,1064,754.0,3960.8,4912.0,4158.0,3206.8,8000,True
44,PPO_Raw,4,BALANCED,0,4,0.25,0.775406539440155,0.5632512766993262,548,865.0,3422.4,3960.8,3095.8,2557.4,5000,True
44,PPO_Raw,5,BALANCED,0,4,0.25,0.7549861073493958,0.5698050804005097,548,192.0,192.0,730.4,538.4,0.0,9000,True
44,PPO_Raw,6,BALANCED,0,4,0.25,0.9827860593795776,0.5043408466937196,548,680.0,2345.6,2884.0,2204.0,1665.6,8000,True
44,PPO_Raw,7,BALANCED,0,4,0.25,0.9608005881309509,0.5099957670622728,548,918.0,2884.0,3422.4,2504.4,1966.0,14000,True
44,PPO_Raw,8,BANDWIDTH_EFFICIENT,0,4,0.25,1.093834638595581,0.47759263390099427,548,804.0,5450.4,5988.799999999999,5184.799999999999,4646.4,2000,False
44,PPO_Raw,9,BALANCED,0,4,0.25,0.37050920724868774,0.7296558058208971,548,202.0,730.4,1268.8,1066.8,528.4,11000,True
44,PPO_Raw,10,BALANCED,0,4,0.25,0.5273998379707336,0.6547074152689291,548,535.0,1807.1999999999998,2345.6,1810.6,1272.1999999999998,2000,True
44,PPO_Orchestrated,1,BANDWIDTH_EFFICIENT,0,4,0.25,0.7337568402290344,0.5767821512201775,548,237.0,1268.8,1807.1999999999998,1570.1999999999998,1031.8,5000,True
44,PPO_Orchestrated,2,BALANCED,0,4,0.25,0.6204978823661804,0.6170942960689609,548,972.0,4912.0,5450.4,4478.4,3940.0,13000,True
44,PPO_Orchestrated,3,BALANCED,1,8,0.5,0.14132708311080933,0.8761730224383993,1064,754.0,3960.8,4912.0,4158.0,3206.8,8000,True
44,PPO_Orchestrated,4,BALANCED,0,4,0.25,0.775406539440155,0.5632512766993262,548,865.0,3422.4,3960.8,3095.8,2557.4,5000,True
44,PPO_Orchestrated,5,BALANCED,0,4,0.25,0.7549861073493958,0.5698050804005097,548,192.0,192.0,730.4,538.4,0.0,9000,True
44,PPO_Orchestrated,6,BALANCED,0,4,0.25,0.9827860593795776,0.5043408466937196,548,680.0,2345.6,2884.0,2204.0,1665.6,8000,True
44,PPO_Orchestrated,7,BALANCED,0,4,0.25,0.9608005881309509,0.5099957670622728,548,918.0,2884.0,3422.4,2504.4,1966.0,14000,True
44,PPO_Orchestrated,8,BANDWIDTH_EFFICIENT,0,4,0.25,1.093834638595581,0.47759263390099427,548,804.0,5450.4,5988.799999999999,5184.799999999999,4646.4,2000,False
44,PPO_Orchestrated,9,BALANCED,0,4,0.25,0.37050920724868774,0.7296558058208971,548,202.0,730.4,1268.8,1066.8,528.4,11000,True
44,PPO_Orchestrated,10,BALANCED,0,4,0.25,0.5273998379707336,0.6547074152689291,548,535.0,1807.1999999999998,2345.6,1810.6,1272.1999999999998,2000,True
45,Fixed_25pct,1,BALANCED,0,4,0.25,0.257269948720932,0.7953741366500787,548,183.0,1138.8,1677.1999999999998,1494.1999999999998,955.8,7000,True
45,Fixed_25pct,2,BALANCED,0,4,0.25,0.7996808290481567,0.5556540825791291,548,498.0,3830.8,4369.2,3871.2,3332.8,11000,True
45,Fixed_25pct,3,QUALITY_CRITICAL,0,4,0.25,0.9450406432151794,0.5141280741295904,548,659.0,4369.2,4907.599999999999,4248.599999999999,3710.2,5000,True
45,Fixed_25pct,4,BANDWIDTH_EFFICIENT,0,4,0.25,0.45540979504585266,0.6870917066821686,548,441.0,3292.4,3830.8,3389.8,2851.4,9000,True
45,Fixed_25pct,5,BANDWIDTH_EFFICIENT,0,4,0.25,0.5136000514030457,0.6606765103324624,548,327.0,2215.6,2754.0,2427.0,1888.6,15000,True
45,Fixed_25pct,6,LATENCY_CRITICAL,0,4,0.25,0.5830340385437012,0.6316983562273504,548,423.0,2754.0,3292.4,2869.4,2331.0,4000,True
45,Fixed_25pct,7,BALANCED,0,4,0.25,0.9113213419914246,0.5231982597746175,548,62.0,62.0,600.4,538.4,0.0,5000,True
45,Fixed_25pct,8,BANDWIDTH_EFFICIENT,0,4,0.25,0.9245372414588928,0.5196054295327387,548,297.0,1677.1999999999998,2215.6,1918.6,1380.1999999999998,5000,True
45,Fixed_25pct,9,BALANCED,0,4,0.25,0.9662261605262756,0.5085884930614198,548,164.0,600.4,1138.8,974.8,436.4,4000,True
45,Fixed_25pct,10,QUALITY_CRITICAL,0,4,0.25,3.9641640186309814,0.2014437871607192,548,980.0,4907.599999999999,5445.999999999999,4465.999999999999,3927.5999999999995,6000,True
45,Fixed_50pct,1,BALANCED,1,8,0.5,0.09624984115362167,0.9122008163282062,1064,183.0,8622.8,9574.0,9391.0,8439.8,7000,False
45,Fixed_50pct,2,BALANCED,1,8,0.5,0.3046833276748657,0.7664695169993048,1064,498.0,6720.4,7671.599999999999,7173.599999999999,6222.4,11000,True
45,Fixed_50pct,3,QUALITY_CRITICAL,1,8,0.5,0.4274757206439972,0.7005373089980514,1064,659.0,4818.0,5769.2,5110.2,4159.0,5000,False
45,Fixed_50pct,4,BANDWIDTH_EFFICIENT,1,8,0.5,0.21228764951229095,0.8248867341033332,1064,441.0,5769.2,6720.4,6279.4,5328.2,9000,True
45,Fixed_50pct,5,BANDWIDTH_EFFICIENT,1,8,0.5,0.29359662532806396,0.7730385039821775,1064,327.0,1013.1999999999999,1964.3999999999999,1637.3999999999999,686.1999999999999,15000,True
45,Fixed_50pct,6,LATENCY_CRITICAL,1,8,0.5,0.21551142632961273,0.8226989712631693,1064,423.0,1964.3999999999999,2915.6,2492.6,1541.3999999999999,4000,True
45,Fixed_50pct,7,BALANCED,1,8,0.5,0.3996446132659912,0.7144670800872492,1064,62.0,62.0,1013.1999999999999,951.1999999999999,0.0,5000,True
45,Fixed_50pct,8,BANDWIDTH_EFFICIENT,1,8,0.5,0.47778892517089844,0.6766866248401173,1064,297.0,2915.6,3866.7999999999997,3569.7999999999997,2618.6,5000,True
45,Fixed_50pct,9,BALANCED,1,8,0.5,0.37647590041160583,0.7264929227609225,1064,164.0,3866.7999999999997,4818.0,4654.0,3702.7999999999997,4000,False
45,Fixed_50pct,10,QUALITY_CRITICAL,1,8,0.5,1.7965800762176514,0.3575796053558712,1064,980.0,7671.599999999999,8622.8,7642.799999999999,6691.599999999999,6000,False
45,Fixed_75pct,1,BALANCED,2,12,0.75,0.05684267356991768,0.9462146306243404,1580,183.0,2790.0,4154.0,3971.0,2607.0,7000,True
45,Fixed_75pct,2,BALANCED,2,12,0.75,0.11196668446063995,0.8993075188084889,1580,498.0,9610.0,10974.0,10476.0,9112.0,11000,True
45,Fixed_75pct,3,QUALITY_CRITICAL,2,12,0.75,0.13742192089557648,0.8791812269739148,1580,659.0,8246.0,9610.0,8951.0,7587.0,5000,False
45,Fixed_75pct,4,BANDWIDTH_EFFICIENT,2,12,0.75,0.0873354822397232,0.9196793596215336,1580,441.0,10974.0,12338.0,11897.0,10533.0,9000,False
45,Fixed_75pct,5,BANDWIDTH_EFFICIENT,2,12,0.75,0.11758387833833694,0.894787424355866,1580,327.0,5518.0,6882.0,6555.0,5191.0,15000,True
45,Fixed_75pct,6,LATENCY_CRITICAL,2,12,0.75,0.09495876729488373,0.91327639895566,1580,423.0,4154.0,5518.0,5095.0,3731.0,4000,False
45,Fixed_75pct,7,BALANCED,2,12,0.75,0.2810218334197998,0.7806268198648985,1580,62.0,62.0,1426.0,1364.0,0.0,5000,True
45,Fixed_75pct,8,BANDWIDTH_EFFICIENT,2,12,0.75,0.26597172021865845,0.7899070603467194,1580,297.0,1426.0,2790.0,2493.0,1129.0,5000,True
45,Fixed_75pct,9,BALANCED,2,12,0.75,0.1710033416748047,0.8539685280229597,1580,164.0,6882.0,8246.0,8082.0,6718.0,4000,False
45,Fixed_75pct,10,QUALITY_CRITICAL,2,12,0.75,0.5908524394035339,0.6285938124939702,1580,980.0,12338.0,13702.0,12722.0,11358.0,6000,False
45,Fixed_100pct,1,BALANCED,3,16,1.0,0.04635370895266533,0.9556997709703132,2096,183.0,12499.599999999999,14276.399999999998,14093.399999999998,12316.599999999999,7000,False
45,Fixed_100pct,2,BALANCED,3,16,1.0,0.07316627353429794,0.9318220527995753,2096,498.0,16053.199999999997,17829.999999999996,17331.999999999996,15555.199999999997,11000,False
45,Fixed_100pct,3,QUALITY_CRITICAL,3,16,1.0,0.04296507686376572,0.9588048748545221,2096,659.0,8946.0,10722.8,10063.8,8287.0,5000,False
45,Fixed_100pct,4,BANDWIDTH_EFFICIENT,3,16,1.0,0.043698690831661224,0.9581309326000588,2096,441.0,14276.399999999998,16053.199999999997,15612.199999999997,13835.399999999998,9000,False
45,Fixed_100pct,5,BANDWIDTH_EFFICIENT,3,16,1.0,0.078163743019104,0.927502901553499,2096,327.0,10722.8,12499.599999999999,12172.599999999999,10395.8,15000,True
45,Fixed_100pct,6,LATENCY_CRITICAL,3,16,1.0,0.05397062003612518,0.9487930507642848,2096,423.0,7169.2,8946.0,8523.0,6746.2,4000,False
45,Fixed_100pct,7,BALANCED,3,16,1.0,0.23317396640777588,0.8109155944258137,2096,62.0,62.0,1838.8,1776.8,0.0,5000,True
45,Fixed_100pct,8,BANDWIDTH_EFFICIENT,3,16,1.0,0.18947549164295197,0.8407066871287606,2096,297.0,3615.6,5392.4,5095.4,3318.6,5000,False
45,Fixed_100pct,9,BALANCED,3,16,1.0,0.10652496665716171,0.9037301734103875,2096,164.0,5392.4,7169.2,7005.2,5228.4,4000,False
45,Fixed_100pct,10,QUALITY_CRITICAL,3,16,1.0,0.27137625217437744,0.7865492204135047,2096,980.0,1838.8,3615.6,2635.6,858.8,6000,True
45,PPO_Raw,1,BALANCED,0,4,0.25,0.257269948720932,0.7953741366500787,548,183.0,1138.8,1677.1999999999998,1494.1999999999998,955.8,7000,True
45,PPO_Raw,2,BALANCED,0,4,0.25,0.7996808290481567,0.5556540825791291,548,498.0,3830.8,4369.2,3871.2,3332.8,11000,True
45,PPO_Raw,3,QUALITY_CRITICAL,0,4,0.25,0.9450406432151794,0.5141280741295904,548,659.0,4369.2,4907.599999999999,4248.599999999999,3710.2,5000,True
45,PPO_Raw,4,BANDWIDTH_EFFICIENT,0,4,0.25,0.45540979504585266,0.6870917066821686,548,441.0,3292.4,3830.8,3389.8,2851.4,9000,True
45,PPO_Raw,5,BANDWIDTH_EFFICIENT,0,4,0.25,0.5136000514030457,0.6606765103324624,548,327.0,2215.6,2754.0,2427.0,1888.6,15000,True
45,PPO_Raw,6,LATENCY_CRITICAL,0,4,0.25,0.5830340385437012,0.6316983562273504,548,423.0,2754.0,3292.4,2869.4,2331.0,4000,True
45,PPO_Raw,7,BALANCED,0,4,0.25,0.9113213419914246,0.5231982597746175,548,62.0,62.0,600.4,538.4,0.0,5000,True
45,PPO_Raw,8,BANDWIDTH_EFFICIENT,0,4,0.25,0.9245372414588928,0.5196054295327387,548,297.0,1677.1999999999998,2215.6,1918.6,1380.1999999999998,5000,True
45,PPO_Raw,9,BALANCED,0,4,0.25,0.9662261605262756,0.5085884930614198,548,164.0,600.4,1138.8,974.8,436.4,4000,True
45,PPO_Raw,10,QUALITY_CRITICAL,0,4,0.25,3.9641640186309814,0.2014437871607192,548,980.0,4907.599999999999,5445.999999999999,4465.999999999999,3927.5999999999995,6000,True
45,PPO_Orchestrated,1,BALANCED,0,4,0.25,0.257269948720932,0.7953741366500787,548,183.0,2090.0,2628.4,2445.4,1907.0,7000,True
45,PPO_Orchestrated,2,BALANCED,0,4,0.25,0.7996808290481567,0.5556540825791291,548,498.0,5607.6,6146.0,5648.0,5109.6,11000,True
45,PPO_Orchestrated,3,QUALITY_CRITICAL,2,12,0.75,0.13742192089557648,0.8791812269739148,1580,659.0,4243.6,5607.6,4948.6,3584.6000000000004,5000,True
45,PPO_Orchestrated,4,BANDWIDTH_EFFICIENT,0,4,0.25,0.45540979504585266,0.6870917066821686,548,441.0,3705.2000000000003,4243.6,3802.6000000000004,3264.2000000000003,9000,True
45,PPO_Orchestrated,5,BANDWIDTH_EFFICIENT,0,4,0.25,0.5136000514030457,0.6606765103324624,548,327.0,3166.8,3705.2000000000003,3378.2000000000003,2839.8,15000,True
45,PPO_Orchestrated,6,LATENCY_CRITICAL,0,4,0.25,0.5830340385437012,0.6316983562273504,548,423.0,1551.6,2090.0,1667.0,1128.6,4000,True
45,PPO_Orchestrated,7,BALANCED,0,4,0.25,0.9113213419914246,0.5231982597746175,548,62.0,62.0,600.4,538.4,0.0,5000,True
45,PPO_Orchestrated,8,BANDWIDTH_EFFICIENT,0,4,0.25,0.9245372414588928,0.5196054295327387,548,297.0,2628.4,3166.8,2869.8,2331.4,5000,True
45,PPO_Orchestrated,9,BALANCED,1,8,0.5,0.37647590041160583,0.7264929227609225,1064,164.0,600.4,1551.6,1387.6,436.4,4000,True
45,PPO_Orchestrated,10,QUALITY_CRITICAL,2,12,0.75,0.5908524394035339,0.6285938124939702,1580,980.0,6146.0,7510.0,6530.0,5166.0,6000,False
46,Fixed_25pct,1,BALANCED,0,4,0.25,1.4666634798049927,0.40540592917808843,548,350.0,1138.8,1677.1999999999998,1327.1999999999998,788.8,15000,True
46,Fixed_25pct,2,BANDWIDTH_EFFICIENT,0,4,0.25,0.914095401763916,0.5224399991131371,548,906.0,3830.8,4369.2,3463.2,2924.8,4000,True
46,Fixed_25pct,3,BANDWIDTH_EFFICIENT,0,4,0.25,0.28654590249061584,0.7772750261487806,548,527.0,2215.6,2754.0,2227.0,1688.6,5000,True
46,Fixed_25pct,4,BALANCED,0,4,0.25,0.6730973124504089,0.5976938654783956,548,175.0,600.4,1138.8,963.8,425.4,12000,True
46,Fixed_25pct,5,BALANCED,0,4,0.25,0.6909041404724121,0.5913995808896746,548,445.0,1677.1999999999998,2215.6,1770.6,1232.1999999999998,5000,True
46,Fixed_25pct,6,QUALITY_CRITICAL,0,4,0.25,0.8569667339324951,0.538512608614319,548,978.0,4369.2,4907.599999999999,3929.5999999999995,3391.2,14000,True
46,Fixed_25pct,7,BALANCED,0,4,0.25,0.44867566227912903,0.6902856353828365,548,632.0,2754.0,3292.4,2660.4,2122.0,13000,True
46,Fixed_25pct,8,BALANCED,0,4,0.25,1.2249608039855957,0.4494461197737459,548,62.0,62.0,600.4,538.4,0.0,12000,True
46,Fixed_25pct,9,BALANCED,0,4,0.25,0.4653211832046509,0.6824442391619593,548,993.0,4907.599999999999,5445.999999999999,4452.999999999999,3914.5999999999995,12000,True
46,Fixed_25pct,10,BALANCED,0,4,0.25,0.8356077075004578,0.5447787105675741,548,713.0,3292.4,3830.8,3117.8,2579.4,9000,True
46,Fixed_50pct,1,BALANCED,1,8,0.5,0.5729028582572937,0.6357671707125991,1064,350.0,3866.7999999999997,4818.0,4468.0,3516.7999999999997,15000,True
46,Fixed_50pct,2,BANDWIDTH_EFFICIENT,1,8,0.5,0.5462785363197327,0.6467140146561695,1064,906.0,8622.8,9574.0,8668.0,7716.799999999999,4000,False
46,Fixed_50pct,3,BANDWIDTH_EFFICIENT,1,8,0.5,0.16732831299304962,0.856657025165425,1064,527.0,1013.1999999999999,1964.3999999999999,1437.3999999999999,486.19999999999993,5000,True
46,Fixed_50pct,4,BALANCED,1,8,0.5,0.4719383418560028,0.6793762833428714,1064,175.0,1964.3999999999999,2915.6,2740.6,1789.3999999999999,12000,True
46,Fixed_50pct,5,BALANCED,1,8,0.5,0.32358378171920776,0.7555245189700771,1064,445.0,7671.599999999999,8622.8,8177.799999999999,7226.599999999999,5000,False
46,Fixed_50pct,6,QUALITY_CRITICAL,1,8,0.5,0.550801157951355,0.6448279941453123,1064,978.0,4818.0,5769.2,4791.2,3840.0,14000,True
46,Fixed_50pct,7,BALANCED,1,8,0.5,0.20082859694957733,0.832758315833138,1064,632.0,6720.4,7671.599999999999,7039.599999999999,6088.4,13000,True
46,Fixed_50pct,8,BALANCED,1,8,0.5,0.32519596815109253,0.7546053746263622,1064,62.0,62.0,1013.1999999999999,951.1999999999999,0.0,12000,True
46,Fixed_50pct,9,BALANCED,1,8,0.5,0.2657439708709717,0.7900491908421966,1064,993.0,5769.2,6720.4,5727.4,4776.2,12000,True
46,Fixed_50pct,10,BALANCED,1,8,0.5,0.4460970163345337,0.691516536376467,1064,713.0,2915.6,3866.7999999999997,3153.7999999999997,2202.6,9000,True
46,Fixed_75pct,1,BALANCED,2,12,0.75,0.1613994836807251,0.86103017441577,1580,350.0,10974.0,12338.0,11988.0,10624.0,15000,True
46,Fixed_75pct,2,BANDWIDTH_EFFICIENT,2,12,0.75,0.22384679317474365,0.8170957390883302,1580,906.0,9610.0,10974.0,10068.0,8704.0,4000,False
46,Fixed_75pct,3,BANDWIDTH_EFFICIENT,2,12,0.75,0.10371027886867523,0.9060348708766396,1580,527.0,1426.0,2790.0,2263.0,899.0,5000,True
46,Fixed_75pct,4,BALANCED,2,12,0.75,0.2693929076194763,0.7877781528457761,1580,175.0,6882.0,8246.0,8071.0,6707.0,12000,True
46,Fixed_75pct,5,BALANCED,2,12,0.75,0.13990464806556702,0.8772663588108119,1580,445.0,2790.0,4154.0,3709.0,2345.0,5000,True
46,Fixed_75pct,6,QUALITY_CRITICAL,2,12,0.75,0.2196427583694458,0.8199122186704173,1580,978.0,12338.0,13702.0,12724.0,11360.0,14000,True
46,Fixed_75pct,7,BALANCED,2,12,0.75,0.04635825753211975,0.9556956164885078,1580,632.0,4154.0,5518.0,4886.0,3522.0,13000,True
46,Fixed_75pct,8,BALANCED,2,12,0.75,0.1695990264415741,0.8549938717394733,1580,62.0,62.0,1426.0,1364.0,0.0,12000,True
46,Fixed_75pct,9,BALANCED,2,12,0.75,0.09694885462522507,0.9116195306495417,1580,993.0,8246.0,9610.0,8617.0,7253.0,12000,True
46,Fixed_75pct,10,BALANCED,2,12,0.75,0.20771804451942444,0.8280078322402812,1580,713.0,5518.0,6882.0,6169.0,4805.0,9000,True
46,Fixed_100pct,1,BALANCED,3,16,1.0,0.09435916692018509,0.9137767839184492,2096,350.0,1838.8,3615.6,3265.6,1488.8,15000,True
46,Fixed_100pct,2,BANDWIDTH_EFFICIENT,3,16,1.0,0.12408759444952011,0.8896103870710472,2096,906.0,10722.8,12499.599999999999,11593.599999999999,9816.8,4000,False
46,Fixed_100pct,3,BANDWIDTH_EFFICIENT,3,16,1.0,0.05114797502756119,0.9513408423526477,2096,527.0,3615.6,5392.4,4865.4,3088.6,5000,True
46,Fixed_100pct,4,BALANCED,3,16,1.0,0.19244959950447083,0.8386098669625581,2096,175.0,5392.4,7169.2,6994.2,5217.4,12000,True
46,Fixed_100pct,5,BALANCED,3,16,1.0,0.10907657444477081,0.901650997813765,2096,445.0,14276.399999999998,16053.199999999997,15608.199999999997,13831.399999999998,5000,False
46,Fixed_100pct,6,QUALITY_CRITICAL,3,16,1.0,0.12810851633548737,0.886439545061116,2096,978.0,12499.599999999999,14276.399999999998,13298.399999999998,11521.599999999999,14000,True
46,Fixed_100pct,7,BALANCED,3,16,1.0,0.03948884457349777,0.9620112858549241,2096,632.0,16053.199999999997,17829.999999999996,17197.999999999996,15421.199999999997,13000,False
46,Fixed_100pct,8,BALANCED,3,16,1.0,0.1018666997551918,0.9075507955927662,2096,62.0,62.0,1838.8,1776.8,0.0,12000,True
46,Fixed_100pct,9,BALANCED,3,16,1.0,0.038064807653427124,0.9633309911165627,2096,993.0,8946.0,10722.8,9729.8,7953.0,12000,True
46,Fixed_100pct,10,BALANCED,3,16,1.0,0.12361588329076767,0.8899838591381157,2096,713.0,7169.2,8946.0,8233.0,6456.2,9000,True
46,PPO_Raw,1,BALANCED,0,4,0.25,1.4666634798049927,0.40540592917808843,548,350.0,1138.8,1677.1999999999998,1327.1999999999998,788.8,15000,True
46,PPO_Raw,2,BANDWIDTH_EFFICIENT,0,4,0.25,0.914095401763916,0.5224399991131371,548,906.0,4243.599999999999,4781.999999999999,3875.999999999999,3337.5999999999995,4000,True
46,PPO_Raw,3,BANDWIDTH_EFFICIENT,0,4,0.25,0.28654590249061584,0.7772750261487806,548,527.0,2628.3999999999996,3166.7999999999997,2639.7999999999997,2101.3999999999996,5000,True
46,PPO_Raw,4,BALANCED,0,4,0.25,0.6730973124504089,0.5976938654783956,548,175.0,600.4,1138.8,963.8,425.4,12000,True
46,PPO_Raw,5,BALANCED,1,8,0.5,0.32358378171920776,0.7555245189700771,1064,445.0,1677.1999999999998,2628.3999999999996,2183.3999999999996,1232.1999999999998,5000,True
46,PPO_Raw,6,QUALITY_CRITICAL,2,12,0.75,0.2196427583694458,0.8199122186704173,1580,978.0,5320.399999999999,6684.399999999999,5706.399999999999,4342.399999999999,14000,True
46,PPO_Raw,7,BALANCED,0,4,0.25,0.44867566227912903,0.6902856353828365,548,632.0,3166.7999999999997,3705.2,3073.2,2534.7999999999997,13000,True
46,PPO_Raw,8,BALANCED,0,4,0.25,1.2249608039855957,0.4494461197737459,548,62.0,62.0,600.4,538.4,0.0,12000,True
46,PPO_Raw,9,BALANCED,0,4,0.25,0.4653211832046509,0.6824442391619593,548,993.0,4781.999999999999,5320.399999999999,4327.399999999999,3788.999999999999,12000,True
46,PPO_Raw,10,BALANCED,0,4,0.25,0.8356077075004578,0.5447787105675741,548,713.0,3705.2,4243.599999999999,3530.5999999999995,2992.2,9000,True
46,PPO_Orchestrated,1,BALANCED,0,4,0.25,1.4666634798049927,0.40540592917808843,548,350.0,1138.8,1677.1999999999998,1327.1999999999998,788.8,15000,True
46,PPO_Orchestrated,2,BANDWIDTH_EFFICIENT,0,4,0.25,0.914095401763916,0.5224399991131371,548,906.0,4656.4,5194.799999999999,4288.799999999999,3750.3999999999996,4000,False
46,PPO_Orchestrated,3,BANDWIDTH_EFFICIENT,0,4,0.25,0.28654590249061584,0.7772750261487806,548,527.0,2628.3999999999996,3166.7999999999997,2639.7999999999997,2101.3999999999996,5000,True
46,PPO_Orchestrated,4,BALANCED,0,4,0.25,0.6730973124504089,0.5976938654783956,548,175.0,600.4,1138.8,963.8,425.4,12000,True
46,PPO_Orchestrated,5,BALANCED,1,8,0.5,0.32358378171920776,0.7555245189700771,1064,445.0,1677.1999999999998,2628.3999999999996,2183.3999999999996,1232.1999999999998,5000,True
46,PPO_Orchestrated,6,QUALITY_CRITICAL,2,12,0.75,0.2196427583694458,0.8199122186704173,1580,978.0,5733.199999999999,7097.199999999999,6119.199999999999,4755.199999999999,14000,True
46,PPO_Orchestrated,7,BALANCED,0,4,0.25,0.44867566227912903,0.6902856353828365,548,632.0,3166.7999999999997,3705.2,3073.2,2534.7999999999997,13000,True
46,PPO_Orchestrated,8,BALANCED,0,4,0.25,1.2249608039855957,0.4494461197737459,548,62.0,62.0,600.4,538.4,0.0,12000,True
46,PPO_Orchestrated,9,BALANCED,0,4,0.25,0.4653211832046509,0.6824442391619593,548,993.0,5194.799999999999,5733.199999999999,4740.199999999999,4201.799999999999,12000,True
46,PPO_Orchestrated,10,BALANCED,1,8,0.5,0.4460970163345337,0.691516536376467,1064,713.0,3705.2,4656.4,3943.3999999999996,2992.2,9000,True
47,Fixed_25pct,1,BALANCED,0,4,0.25,0.5865939259529114,0.6302809960648236,548,134.0,1696.1999999999998,2234.6,2100.6,1562.1999999999998,2000,False
47,Fixed_25pct,2,BALANCED,0,4,0.25,0.7490758299827576,0.5717305006780969,548,818.0,3849.8,4388.2,3570.2,3031.8,2000,False
47,Fixed_25pct,3,BANDWIDTH_EFFICIENT,0,4,0.25,0.9564660787582397,0.5111256519380574,548,89.0,619.4,1157.8,1068.8,530.4,7000,True
47,Fixed_25pct,4,QUALITY_CRITICAL,0,4,0.25,1.194108247756958,0.45576602750675693,548,863.0,4926.599999999999,5464.999999999999,4601.999999999999,4063.5999999999995,9000,True
47,Fixed_25pct,5,BALANCED,0,4,0.25,0.9888847470283508,0.5027943431584603,548,119.0,1157.8,1696.1999999999998,1577.1999999999998,1038.8,6000,True
47,Fixed_25pct,6,BALANCED,0,4,0.25,0.8464629650115967,0.5415759855187344,548,258.0,2234.6,2773.0,2515.0,1976.6,6000,True
47,Fixed_25pct,7,LATENCY_CRITICAL,0,4,0.25,0.9080615639686584,0.5240921041981776,548,654.0,3311.4,3849.8,3195.8,2657.4,15000,True
47,Fixed_25pct,8,BALANCED,0,4,0.25,0.7716313004493713,0.5644515310529633,548,843.0,4388.2,4926.599999999999,4083.5999999999995,3545.2,11000,True
47,Fixed_25pct,9,BALANCED,0,4,0.25,0.8170844912528992,0.5503321418535081,548,81.0,81.0,619.4,538.4,0.0,2000,True
47,Fixed_25pct,10,LATENCY_CRITICAL,0,4,0.25,0.7926745414733887,0.5578257385069494,548,287.0,2773.0,3311.4,3024.4,2486.0,4000,True
47,Fixed_50pct,1,BALANCED,1,8,0.5,0.1668347269296646,0.8570194020804789,1064,134.0,2934.5999999999995,3885.7999999999993,3751.7999999999993,2800.5999999999995,2000,False
47,Fixed_50pct,2,BALANCED,1,8,0.5,0.46927034854888916,0.6806099374343465,1064,818.0,8641.8,9593.0,8775.0,7823.799999999999,2000,False
47,Fixed_50pct,3,BANDWIDTH_EFFICIENT,1,8,0.5,0.5498404502868652,0.6452277070293956,1064,89.0,1032.1999999999998,1983.3999999999996,1894.3999999999996,943.1999999999998,7000,True
47,Fixed_50pct,4,QUALITY_CRITICAL,1,8,0.5,0.54335618019104,0.6479385723366966,1064,863.0,7690.5999999999985,8641.8,7778.799999999999,6827.5999999999985,9000,True
47,Fixed_50pct,5,BALANCED,1,8,0.5,0.6454402804374695,0.6077400753396728,1064,119.0,1983.3999999999996,2934.5999999999995,2815.5999999999995,1864.3999999999996,6000,True
47,Fixed_50pct,6,BALANCED,1,8,0.5,0.5077416896820068,0.6632435826662768,1064,258.0,3885.7999999999993,4836.999999999999,4578.999999999999,3627.7999999999993,6000,True
47,Fixed_50pct,7,LATENCY_CRITICAL,1,8,0.5,0.3769126832485199,0.726262465416995,1064,654.0,6739.399999999999,7690.5999999999985,7036.5999999999985,6085.399999999999,15000,True
47,Fixed_50pct,8,BALANCED,1,8,0.5,0.3771955370903015,0.7261133027723651,1064,843.0,5788.199999999999,6739.399999999999,5896.399999999999,4945.199999999999,11000,True
47,Fixed_50pct,9,BALANCED,1,8,0.5,0.23905383050441742,0.8070674375728302,1064,81.0,81.0,1032.1999999999998,951.1999999999998,0.0,2000,True
47,Fixed_50pct,10,LATENCY_CRITICAL,1,8,0.5,0.3293861746788025,0.7522268690973963,1064,287.0,4836.999999999999,5788.199999999999,5501.199999999999,4549.999999999999,4000,False
47,Fixed_75pct,1,BALANCED,2,12,0.75,0.06388978660106659,0.9399469875491683,1580,134.0,1445.0,2809.0,2675.0,1311.0,2000,False
47,Fixed_75pct,2,BALANCED,2,12,0.75,0.28381070494651794,0.778931034105732,1580,818.0,10993.0,12357.0,11539.0,10175.0,2000,False
47,Fixed_75pct,3,BANDWIDTH_EFFICIENT,2,12,0.75,0.28649500012397766,0.7773057803595284,1580,89.0,4173.0,5537.0,5448.0,4084.0,7000,True
47,Fixed_75pct,4,QUALITY_CRITICAL,2,12,0.75,0.26869162917137146,0.7882136029013893,1580,863.0,12357.0,13721.0,12858.0,11494.0,9000,False
47,Fixed_75pct,5,BALANCED,2,12,0.75,0.35272032022476196,0.7392511112968603,1580,119.0,6901.0,8265.0,8146.0,6782.0,6000,False
47,Fixed_75pct,6,BALANCED,2,12,0.75,0.28957971930503845,0.7754464381146637,1580,258.0,2809.0,4173.0,3915.0,2551.0,6000,True
47,Fixed_75pct,7,LATENCY_CRITICAL,2,12,0.75,0.2423306256532669,0.804938700979186,1580,654.0,5537.0,6901.0,6247.0,4883.0,15000,True
47,Fixed_75pct,8,BALANCED,2,12,0.75,0.1856270730495453,0.8434355310628199,1580,843.0,9629.0,10993.0,10150.0,8786.0,11000,True
47,Fixed_75pct,9,BALANCED,2,12,0.75,0.0821554958820343,0.9240816165563418,1580,81.0,81.0,1445.0,1364.0,0.0,2000,True
47,Fixed_75pct,10,LATENCY_CRITICAL,2,12,0.75,0.08268512040376663,0.9236295772006816,1580,287.0,8265.0,9629.0,9342.0,7978.0,4000,False
47,Fixed_100pct,1,BALANCED,3,16,1.0,0.04625667631626129,0.9557884051176379,2096,134.0,7188.2,8965.0,8831.0,7054.2,2000,False
47,Fixed_100pct,2,BALANCED,3,16,1.0,0.20335792005062103,0.831007951448006,2096,818.0,14295.399999999998,16072.199999999997,15254.199999999997,13477.399999999998,2000,False
47,Fixed_100pct,3,BANDWIDTH_EFFICIENT,3,16,1.0,0.13347966969013214,0.8822390261956595,2096,89.0,3634.6,5411.4,5322.4,3545.6,7000,True
47,Fixed_100pct,4,QUALITY_CRITICAL,3,16,1.0,0.09454669058322906,0.9136202307341956,2096,863.0,1857.8,3634.6,2771.6,994.8,9000,True
47,Fixed_100pct,5,BALANCED,3,16,1.0,0.22563175857067108,0.81590575065238,2096,119.0,5411.4,7188.2,7069.2,5292.4,6000,False
47,Fixed_100pct,6,BALANCED,3,16,1.0,0.09441521018743515,0.9137299908585288,2096,258.0,8965.0,10741.8,10483.8,8707.0,6000,False
47,Fixed_100pct,7,LATENCY_CRITICAL,3,16,1.0,0.20999741554260254,0.8264480462146832,2096,654.0,10741.8,12518.599999999999,11864.599999999999,10087.8,15000,True
47,Fixed_100pct,8,BALANCED,3,16,1.0,0.06983061134815216,0.9347274132863381,2096,843.0,16072.199999999997,17848.999999999996,17005.999999999996,15229.199999999997,11000,False
47,Fixed_100pct,9,BALANCED,3,16,1.0,0.02938036620616913,0.9714582022635113,2096,81.0,81.0,1857.8,1776.8,0.0,2000,True
47,Fixed_100pct,10,LATENCY_CRITICAL,3,16,1.0,0.03390024974942207,0.9672112955213636,2096,287.0,12518.599999999999,14295.399999999998,14008.399999999998,12231.599999999999,4000,False
47,PPO_Raw,1,BALANCED,0,4,0.25,0.5865939259529114,0.6302809960648236,548,134.0,2109.0,2647.4,2513.4,1975.0,2000,False
47,PPO_Raw,2,BALANCED,0,4,0.25,0.7490758299827576,0.5717305006780969,548,818.0,4137.0,4675.4,3857.3999999999996,3319.0,2000,False
47,PPO_Raw,3,BANDWIDTH_EFFICIENT,0,4,0.25,0.9564660787582397,0.5111256519380574,548,89.0,1032.1999999999998,1570.6,1481.6,943.1999999999998,7000,True
47,PPO_Raw,4,QUALITY_CRITICAL,0,4,0.25,1.194108247756958,0.45576602750675693,548,863.0,6577.799999999999,7116.199999999999,6253.199999999999,5714.799999999999,9000,True
47,PPO_Raw,5,BALANCED,0,4,0.25,0.9888847470283508,0.5027943431584603,548,119.0,1570.6,2109.0,1990.0,1451.6,6000,True
47,PPO_Raw,6,BALANCED,0,4,0.25,0.8464629650115967,0.5415759855187344,548,258.0,2647.4,3185.8,2927.8,2389.4,6000,True
47,PPO_Raw,7,LATENCY_CRITICAL,2,12,0.75,0.2423306256532669,0.804938700979186,1580,654.0,4675.4,6039.4,5385.4,4021.3999999999996,15000,True
47,PPO_Raw,8,BALANCED,0,4,0.25,0.7716313004493713,0.5644515310529633,548,843.0,6039.4,6577.799999999999,5734.799999999999,5196.4,11000,True
47,PPO_Raw,9,BALANCED,1,8,0.5,0.23905383050441742,0.8070674375728302,1064,81.0,81.0,1032.1999999999998,951.1999999999998,0.0,2000,True
47,PPO_Raw,10,LATENCY_CRITICAL,1,8,0.5,0.3293861746788025,0.7522268690973963,1064,287.0,3185.8,4137.0,3850.0,2898.8,4000,True
47,PPO_Orchestrated,1,BALANCED,0,4,0.25,0.5865939259529114,0.6302809960648236,548,134.0,2109.0,2647.4,2513.4,1975.0,2000,False
47,PPO_Orchestrated,2,BALANCED,0,4,0.25,0.7490758299827576,0.5717305006780969,548,818.0,4675.4,5213.799999999999,4395.799999999999,3857.3999999999996,2000,False
47,PPO_Orchestrated,3,BANDWIDTH_EFFICIENT,0,4,0.25,0.9564660787582397,0.5111256519380574,548,89.0,1032.1999999999998,1570.6,1481.6,943.1999999999998,7000,True
47,PPO_Orchestrated,4,QUALITY_CRITICAL,2,12,0.75,0.26869162917137146,0.7882136029013893,1580,863.0,5213.799999999999,6577.799999999999,5714.799999999999,4350.799999999999,9000,True
47,PPO_Orchestrated,5,BALANCED,0,4,0.25,0.9888847470283508,0.5027943431584603,548,119.0,1570.6,2109.0,1990.0,1451.6,6000,True
47,PPO_Orchestrated,6,BALANCED,0,4,0.25,0.8464629650115967,0.5415759855187344,548,258.0,2647.4,3185.8,2927.8,2389.4,6000,True
47,PPO_Orchestrated,7,LATENCY_CRITICAL,2,12,0.75,0.2423306256532669,0.804938700979186,1580,654.0,6577.799999999999,7941.799999999999,7287.799999999999,5923.799999999999,15000,True
47,PPO_Orchestrated,8,BALANCED,0,4,0.25,0.7716313004493713,0.5644515310529633,548,843.0,4137.0,4675.4,3832.3999999999996,3294.0,11000,True
47,PPO_Orchestrated,9,BALANCED,1,8,0.5,0.23905383050441742,0.8070674375728302,1064,81.0,81.0,1032.1999999999998,951.1999999999998,0.0,2000,True
47,PPO_Orchestrated,10,LATENCY_CRITICAL,1,8,0.5,0.3293861746788025,0.7522268690973963,1064,287.0,3185.8,4137.0,3850.0,2898.8,4000,True
48,Fixed_25pct,1,QUALITY_CRITICAL,0,4,0.25,0.6389430165290833,0.6101493401019992,548,236.0,1210.8,1749.1999999999998,1513.1999999999998,974.8,2000,True
48,Fixed_25pct,2,BALANCED,0,4,0.25,1.1083159446716309,0.4743122123262932,548,612.0,2826.0,3364.4,2752.4,2214.0,6000,True
48,Fixed_25pct,3,BALANCED,0,4,0.25,1.4464763402938843,0.4087511428293128,548,218.0,672.4,1210.8,992.8,454.4,3000,True
48,Fixed_25pct,4,BANDWIDTH_EFFICIENT,0,4,0.25,0.8747531771659851,0.5334035499604666,548,134.0,134.0,672.4,538.4,0.0,6000,True
48,Fixed_25pct,5,BANDWIDTH_EFFICIENT,0,4,0.25,0.49549779295921326,0.6686736715413347,548,753.0,4979.599999999999,5517.999999999999,4764.999999999999,4226.599999999999,3000,False
48,Fixed_25pct,6,BALANCED,0,4,0.25,0.9284372925758362,0.5185545850258311,548,840.0,4441.2,4979.599999999999,4139.599999999999,3601.2,4000,False
48,Fixed_25pct,7,BANDWIDTH_EFFICIENT,0,4,0.25,0.24177800118923187,0.8052969202565315,548,403.0,1749.1999999999998,2287.6,1884.6,1346.1999999999998,3000,True
48,Fixed_25pct,8,QUALITY_CRITICAL,0,4,0.25,1.0084681510925293,0.4978918881317777,548,921.0,3364.4,3902.8,2981.8,2443.4,7000,True
48,Fixed_25pct,9,BALANCED,0,4,0.25,0.6085073947906494,0.6216943753187731,548,748.0,3902.8,4441.2,3693.2,3154.8,13000,True
48,Fixed_25pct,10,BALANCED,0,4,0.25,1.035794973373413,0.4912086006101835,548,441.0,2287.6,2826.0,2385.0,1846.6,5000,True
48,Fixed_50pct,1,QUALITY_CRITICAL,1,8,0.5,0.32047683000564575,0.7573021936293456,1064,236.0,6792.399999999999,7743.5999999999985,7507.5999999999985,6556.399999999999,2000,False
48,Fixed_50pct,2,BALANCED,1,8,0.5,0.7825261354446411,0.5610015921312456,1064,612.0,3938.7999999999993,4889.999999999999,4277.999999999999,3326.7999999999993,6000,True
48,Fixed_50pct,3,BALANCED,1,8,0.5,0.898587167263031,0.526707447117944,1064,218.0,8694.8,9646.0,9428.0,8476.8,3000,False
48,Fixed_50pct,4,BANDWIDTH_EFFICIENT,1,8,0.5,0.6485633850097656,0.60658874817487,1064,134.0,134.0,1085.1999999999998,951.1999999999998,0.0,6000,True
48,Fixed_50pct,5,BANDWIDTH_EFFICIENT,1,8,0.5,0.14656014740467072,0.8721740436065032,1064,753.0,4889.999999999999,5841.199999999999,5088.199999999999,4136.999999999999,3000,False
48,Fixed_50pct,6,BALANCED,1,8,0.5,0.3447364866733551,0.7436401182761291,1064,840.0,2036.3999999999996,2987.5999999999995,2147.5999999999995,1196.3999999999996,4000,True
48,Fixed_50pct,7,BANDWIDTH_EFFICIENT,1,8,0.5,0.11739162355661392,0.8949413785804471,1064,403.0,1085.1999999999998,2036.3999999999996,1633.3999999999996,682.1999999999998,3000,True
48,Fixed_50pct,8,QUALITY_CRITICAL,1,8,0.5,0.5108663439750671,0.6618719147380137,1064,921.0,5841.199999999999,6792.399999999999,5871.399999999999,4920.199999999999,7000,True
48,Fixed_50pct,9,BALANCED,1,8,0.5,0.21785621345043182,0.8211149961347233,1064,748.0,7743.5999999999985,8694.8,7946.799999999999,6995.5999999999985,13000,True
48,Fixed_50pct,10,BALANCED,1,8,0.5,0.4836922585964203,0.6739942155834961,1064,441.0,2987.5999999999995,3938.7999999999993,3497.7999999999993,2546.5999999999995,5000,True
48,Fixed_75pct,1,QUALITY_CRITICAL,2,12,0.75,0.22515156865119934,0.8162255394252366,1580,236.0,6954.0,8318.0,8082.0,6718.0,2000,False
48,Fixed_75pct,2,BALANCED,2,12,0.75,0.5013095140457153,0.6660851680778396,1580,612.0,2862.0,4226.0,3614.0,2250.0,6000,True
48,Fixed_75pct,3,BALANCED,2,12,0.75,0.375927209854126,0.7267826327135566,1580,218.0,5590.0,6954.0,6736.0,5372.0,3000,False
48,Fixed_75pct,4,BANDWIDTH_EFFICIENT,2,12,0.75,0.312968909740448,0.761632657545321,1580,134.0,134.0,1498.0,1364.0,0.0,6000,True
48,Fixed_75pct,5,BANDWIDTH_EFFICIENT,2,12,0.75,0.022829914465546608,0.9776796570547355,1580,753.0,11046.0,12410.0,11657.0,10293.0,3000,False
48,Fixed_75pct,6,BALANCED,2,12,0.75,0.11666569858789444,0.8955231644211632,1580,840.0,12410.0,13774.0,12934.0,11570.0,4000,False
48,Fixed_75pct,7,BANDWIDTH_EFFICIENT,2,12,0.75,0.05420029163360596,0.9485863435404516,1580,403.0,4226.0,5590.0,5187.0,3823.0,3000,False
48,Fixed_75pct,8,QUALITY_CRITICAL,2,12,0.75,0.22361472249031067,0.8172507094102234,1580,921.0,1498.0,2862.0,1941.0,577.0,7000,True
48,Fixed_75pct,9,BALANCED,2,12,0.75,0.13174887001514435,0.8835882469108352,1580,748.0,8318.0,9682.0,8934.0,7570.0,13000,True
48,Fixed_75pct,10,BALANCED,2,12,0.75,0.2607133686542511,0.793201710129758,1580,441.0,9682.0,11046.0,10605.0,9241.0,5000,False
48,Fixed_100pct,1,QUALITY_CRITICAL,3,16,1.0,0.1727728396654129,0.8526800469605825,2096,236.0,5464.4,7241.2,7005.2,5228.4,2000,False
48,Fixed_100pct,2,BALANCED,3,16,1.0,0.38904640078544617,0.7199183550920566,2096,612.0,10794.8,12571.599999999999,11959.599999999999,10182.8,6000,False
48,Fixed_100pct,3,BALANCED,3,16,1.0,0.19656585156917572,0.8357250030899683,2096,218.0,3687.6,5464.4,5246.4,3469.6,3000,False
48,Fixed_100pct,4,BANDWIDTH_EFFICIENT,3,16,1.0,0.1737273633480072,0.8519866122465977,2096,134.0,134.0,1910.8,1776.8,0.0,6000,True
48,Fixed_100pct,5,BANDWIDTH_EFFICIENT,3,16,1.0,0.020574061200022697,0.9798406975228912,2096,753.0,14348.399999999998,16125.199999999997,15372.199999999997,13595.399999999998,3000,False
48,Fixed_100pct,6,BALANCED,3,16,1.0,0.05857175961136818,0.9446690703019779,2096,840.0,16125.199999999997,17901.999999999996,17061.999999999996,15285.199999999997,4000,False
48,Fixed_100pct,7,BANDWIDTH_EFFICIENT,3,16,1.0,0.023969022557139397,0.9765920432853701,2096,403.0,7241.2,9018.0,8615.0,6838.2,3000,False
48,Fixed_100pct,8,QUALITY_CRITICAL,3,16,1.0,0.12832941114902496,0.8862660054049804,2096,921.0,1910.8,3687.6,2766.6,989.8,7000,True
48,Fixed_100pct,9,BALANCED,3,16,1.0,0.09477374702692032,0.9134307455907692,2096,748.0,12571.599999999999,14348.399999999998,13600.399999999998,11823.599999999999,13000,False
48,Fixed_100pct,10,BALANCED,3,16,1.0,0.14590880274772644,0.8726697950152247,2096,441.0,9018.0,10794.8,10353.8,8577.0,5000,False
48,PPO_Raw,1,QUALITY_CRITICAL,0,4,0.25,0.6389430165290833,0.6101493401019992,548,236.0,4602.8,5141.2,4905.2,4366.8,2000,False
48,PPO_Raw,2,BALANCED,0,4,0.25,1.1083159446716309,0.4743122123262932,548,612.0,5141.2,5679.599999999999,5067.599999999999,4529.2,6000,True
48,PPO_Raw,3,BALANCED,1,8,0.5,0.898587167263031,0.526707447117944,1064,218.0,672.4,1623.6,1405.6,454.4,3000,True
48,PPO_Raw,4,BANDWIDTH_EFFICIENT,0,4,0.25,0.8747531771659851,0.5334035499604666,548,134.0,134.0,672.4,538.4,0.0,6000,True
48,PPO_Raw,5,BANDWIDTH_EFFICIENT,0,4,0.25,0.49549779295921326,0.6686736715413347,548,753.0,3526.0,4064.4,3311.4,2773.0,3000,False
48,PPO_Raw,6,BALANCED,0,4,0.25,0.9284372925758362,0.5185545850258311,548,840.0,1623.6,2162.0,1322.0,783.5999999999999,4000,True
48,PPO_Raw,7,BANDWIDTH_EFFICIENT,0,4,0.25,0.24177800118923187,0.8052969202565315,548,403.0,4064.4,4602.8,4199.8,3661.4,3000,False
48,PPO_Raw,8,QUALITY_CRITICAL,2,12,0.75,0.22361472249031067,0.8172507094102234,1580,921.0,2162.0,3526.0,2605.0,1241.0,7000,True
48,PPO_Raw,9,BALANCED,0,4,0.25,0.6085073947906494,0.6216943753187731,548,748.0,5679.599999999999,6217.999999999999,5469.999999999999,4931.599999999999,13000,True
48,PPO_Raw,10,BALANCED,1,8,0.5,0.4836922585964203,0.6739942155834961,1064,441.0,6217.999999999999,7169.199999999999,6728.199999999999,5776.999999999999,5000,False
48,PPO_Orchestrated,1,QUALITY_CRITICAL,2,12,0.75,0.22515156865119934,0.8162255394252366,1580,236.0,7043.6,8407.6,8171.6,6807.6,2000,False
48,PPO_Orchestrated,2,BALANCED,0,4,0.25,1.1083159446716309,0.4743122123262932,548,612.0,2162.0,2700.4,2088.4,1550.0,6000,True
48,PPO_Orchestrated,3,BALANCED,2,12,0.75,0.375927209854126,0.7267826327135566,1580,218.0,5679.6,7043.6,6825.6,5461.6,3000,False
48,PPO_Orchestrated,4,BANDWIDTH_EFFICIENT,0,4,0.25,0.8747531771659851,0.5334035499604666,548,134.0,134.0,672.4,538.4,0.0,6000,True
48,PPO_Orchestrated,5,BANDWIDTH_EFFICIENT,0,4,0.25,0.49549779295921326,0.6686736715413347,548,753.0,3238.8,3777.2000000000003,3024.2000000000003,2485.8,3000,False
48,PPO_Orchestrated,6,BALANCED,0,4,0.25,0.9284372925758362,0.5185545850258311,548,840.0,1623.6,2162.0,1322.0,783.5999999999999,4000,True
48,PPO_Orchestrated,7,BANDWIDTH_EFFICIENT,0,4,0.25,0.24177800118923187,0.8052969202565315,548,403.0,2700.4,3238.8,2835.8,2297.4,3000,True
48,PPO_Orchestrated,8,QUALITY_CRITICAL,2,12,0.75,0.22361472249031067,0.8172507094102234,1580,921.0,3777.2000000000003,5141.200000000001,4220.200000000001,2856.2000000000003,7000,True
48,PPO_Orchestrated,9,BALANCED,0,4,0.25,0.6085073947906494,0.6216943753187731,548,748.0,5141.200000000001,5679.6,4931.6,4393.200000000001,13000,True
48,PPO_Orchestrated,10,BALANCED,1,8,0.5,0.4836922585964203,0.6739942155834961,1064,441.0,672.4,1623.6,1182.6,231.39999999999998,5000,True
49,Fixed_25pct,1,BALANCED,0,4,0.25,1.1015609502792358,0.4758367821152793,548,259.0,1117.8,1656.1999999999998,1397.1999999999998,858.8,2000,True
49,Fixed_25pct,2,BALANCED,0,4,0.25,0.7866763472557068,0.5596984599566546,548,513.0,2733.0,3271.4,2758.4,2220.0,13000,True
49,Fixed_25pct,3,BANDWIDTH_EFFICIENT,0,4,0.25,0.6282045245170593,0.6141734560629657,548,553.0,3809.8,4348.2,3795.2,3256.8,4000,True
49,Fixed_25pct,4,BANDWIDTH_EFFICIENT,0,4,0.25,0.6341058015823364,0.6119554798910086,548,837.0,3271.4,3809.8,2972.8,2434.4,7000,True
49,Fixed_25pct,5,BALANCED,0,4,0.25,0.703936755657196,0.5868762421374655,548,351.0,1656.1999999999998,2194.6,1843.6,1305.1999999999998,11000,True
49,Fixed_25pct,6,BALANCED,0,4,0.25,0.6529889702796936,0.60496471421149,548,47.0,579.4,1117.8,1070.8,532.4,8000,True
49,Fixed_25pct,7,QUALITY_CRITICAL,0,4,0.25,0.6438887715339661,0.6083136628926953,548,590.0,4348.2,4886.599999999999,4296.599999999999,3758.2,11000,True
49,Fixed_25pct,8,BALANCED,0,4,0.25,1.2221921682357788,0.4500060860145638,548,370.0,2194.6,2733.0,2363.0,1824.6,3000,True
49,Fixed_25pct,9,BALANCED,0,4,0.25,0.8575593829154968,0.5383407977140785,548,710.0,4886.599999999999,5424.999999999999,4714.999999999999,4176.599999999999,14000,True
49,Fixed_25pct,10,BALANCED,0,4,0.25,1.1858346462249756,0.45749114724988016,548,41.0,41.0,579.4,538.4,0.0,2000,True
49,Fixed_50pct,1,BALANCED,1,8,0.5,0.6731432676315308,0.5976774489942996,1064,259.0,8601.8,9553.0,9294.0,8342.8,2000,False
49,Fixed_50pct,2,BALANCED,1,8,0.5,0.3423025608062744,0.7449885213653581,1064,513.0,1943.3999999999999,2894.6,2381.6,1430.3999999999999,13000,True
49,Fixed_50pct,3,BANDWIDTH_EFFICIENT,1,8,0.5,0.19888296723365784,0.8341097732895756,1064,553.0,2894.6,3845.7999999999997,3292.7999999999997,2341.6,4000,True
49,Fixed_50pct,4,BANDWIDTH_EFFICIENT,1,8,0.5,0.2700379490852356,0.7873780470262841,1064,837.0,3845.7999999999997,4797.0,3960.0,3008.7999999999997,7000,True
49,Fixed_50pct,5,BALANCED,1,8,0.5,0.14393708109855652,0.8741739528538323,1064,351.0,6699.4,7650.599999999999,7299.599999999999,6348.4,11000,True
49,Fixed_50pct,6,BALANCED,1,8,0.5,0.29955214262008667,0.7694958649245532,1064,47.0,4797.0,5748.2,5701.2,4750.0,8000,True
49,Fixed_50pct,7,QUALITY_CRITICAL,1,8,0.5,0.26516175270080566,0.7904127656920142,1064,590.0,5748.2,6699.4,6109.4,5158.2,11000,True
49,Fixed_50pct,8,BALANCED,1,8,0.5,0.7223884463310242,0.5805891244394767,1064,370.0,992.1999999999999,1943.3999999999999,1573.3999999999999,622.1999999999999,3000,True
49,Fixed_50pct,9,BALANCED,1,8,0.5,0.3946961462497711,0.7170020528764791,1064,710.0,7650.599999999999,8601.8,7891.799999999999,6940.599999999999,14000,True
49,Fixed_50pct,10,BALANCED,1,8,0.5,0.9248859882354736,0.5195112885188028,1064,41.0,41.0,992.1999999999999,951.1999999999999,0.0,2000,True
49,Fixed_75pct,1,BALANCED,2,12,0.75,0.3054841160774231,0.7659993619874069,1580,259.0,1405.0,2769.0,2510.0,1146.0,2000,False
49,Fixed_75pct,2,BALANCED,2,12,0.75,0.19281518459320068,0.8383528420130243,1580,513.0,9589.0,10953.0,10440.0,9076.0,13000,True
49,Fixed_75pct,3,BANDWIDTH_EFFICIENT,2,12,0.75,0.09479820728302002,0.9134103374919819,1580,553.0,5497.0,6861.0,6308.0,4944.0,4000,False
49,Fixed_75pct,4,BANDWIDTH_EFFICIENT,2,12,0.75,0.08363890647888184,0.9228166264806295,1580,837.0,12317.0,13681.0,12844.0,11480.0,7000,False
49,Fixed_75pct,5,BALANCED,2,12,0.75,0.04618578031659126,0.9558531752337384,1580,351.0,2769.0,4133.0,3782.0,2418.0,11000,True
49,Fixed_75pct,6,BALANCED,2,12,0.75,0.11429236829280853,0.8974305383892073,1580,47.0,6861.0,8225.0,8178.0,6814.0,8000,False
49,Fixed_75pct,7,QUALITY_CRITICAL,2,12,0.75,0.12317150831222534,0.890335975048625,1580,590.0,10953.0,12317.0,11727.0,10363.0,11000,False
49,Fixed_75pct,8,BALANCED,2,12,0.75,0.29563990235328674,0.771819390699289,1580,370.0,4133.0,5497.0,5127.0,3763.0,3000,False
49,Fixed_75pct,9,BALANCED,2,12,0.75,0.1519344598054886,0.8681049442421024,1580,710.0,8225.0,9589.0,8879.0,7515.0,14000,True
49,Fixed_75pct,10,BALANCED,2,12,0.75,0.5935620665550232,0.62752497752523,1580,41.0,41.0,1405.0,1364.0,0.0,2000,True
49,Fixed_100pct,1,BALANCED,3,16,1.0,0.14987069368362427,0.8696630025385622,2096,259.0,3594.6,5371.4,5112.4,3335.6,2000,False
49,Fixed_100pct,2,BALANCED,3,16,1.0,0.15273283421993256,0.8675037010433657,2096,513.0,7148.2,8925.0,8412.0,6635.2,13000,True
49,Fixed_100pct,3,BANDWIDTH_EFFICIENT,3,16,1.0,0.05292130634188652,0.9497385929763845,2096,553.0,12478.599999999999,14255.399999999998,13702.399999999998,11925.599999999999,4000,False
49,Fixed_100pct,4,BANDWIDTH_EFFICIENT,3,16,1.0,0.045676104724407196,0.9563190700083508,2096,837.0,1817.8,3594.6,2757.6,980.8,7000,True
49,Fixed_100pct,5,BALANCED,3,16,1.0,0.03448951616883278,0.9666603521545946,2096,351.0,8925.0,10701.8,10350.8,8574.0,11000,True
49,Fixed_100pct,6,BALANCED,3,16,1.0,0.07851656526327133,0.9271994814061061,2096,47.0,5371.4,7148.2,7101.2,5324.4,8000,True
49,Fixed_100pct,7,QUALITY_CRITICAL,3,16,1.0,0.08523288369178772,0.9214612043436804,2096,590.0,14255.399999999998,16032.199999999997,15442.199999999997,13665.399999999998,11000,False
49,Fixed_100pct,8,BALANCED,3,16,1.0,0.13955311477184296,0.877536980977158,2096,370.0,10701.8,12478.599999999999,12108.599999999999,10331.8,3000,False
49,Fixed_100pct,9,BALANCED,3,16,1.0,0.09013604372739792,0.9173167016666981,2096,710.0,16032.199999999997,17808.999999999996,17098.999999999996,15322.199999999997,14000,False
49,Fixed_100pct,10,BALANCED,3,16,1.0,0.3514976501464844,0.7399198954519923,2096,41.0,41.0,1817.8,1776.8,0.0,2000,True
49,PPO_Raw,1,BALANCED,0,4,0.25,1.1015609502792358,0.4758367821152793,548,259.0,1117.8,1656.1999999999998,1397.1999999999998,858.8,2000,True
49,PPO_Raw,2,BALANCED,0,4,0.25,0.7866763472557068,0.5596984599566546,548,513.0,3145.7999999999997,3684.2,3171.2,2632.7999999999997,13000,True
49,PPO_Raw,3,BANDWIDTH_EFFICIENT,0,4,0.25,0.6282045245170593,0.6141734560629657,548,553.0,4222.599999999999,4760.999999999999,4207.999999999999,3669.5999999999995,4000,False
49,PPO_Raw,4,BANDWIDTH_EFFICIENT,0,4,0.25,0.6341058015823364,0.6119554798910086,548,837.0,3684.2,4222.599999999999,3385.5999999999995,2847.2,7000,True
49,PPO_Raw,5,BALANCED,1,8,0.5,0.14393708109855652,0.8741739528538323,1064,351.0,1656.1999999999998,2607.3999999999996,2256.3999999999996,1305.1999999999998,11000,True
49,PPO_Raw,6,BALANCED,0,4,0.25,0.6529889702796936,0.60496471421149,548,47.0,579.4,1117.8,1070.8,532.4,8000,True
49,PPO_Raw,7,QUALITY_CRITICAL,0,4,0.25,0.6438887715339661,0.6083136628926953,548,590.0,4760.999999999999,5299.399999999999,4709.399999999999,4170.999999999999,11000,True
49,PPO_Raw,8,BALANCED,0,4,0.25,1.2221921682357788,0.4500060860145638,548,370.0,2607.3999999999996,3145.7999999999997,2775.7999999999997,2237.3999999999996,3000,True
49,PPO_Raw,9,BALANCED,0,4,0.25,0.8575593829154968,0.5383407977140785,548,710.0,5299.399999999999,5837.799999999998,5127.799999999998,4589.399999999999,14000,True
49,PPO_Raw,10,BALANCED,0,4,0.25,1.1858346462249756,0.45749114724988016,548,41.0,41.0,579.4,538.4,0.0,2000,True
49,PPO_Orchestrated,1,BALANCED,0,4,0.25,1.1015609502792358,0.4758367821152793,548,259.0,1117.8,1656.1999999999998,1397.1999999999998,858.8,2000,True
49,PPO_Orchestrated,2,BALANCED,0,4,0.25,0.7866763472557068,0.5596984599566546,548,513.0,4222.599999999999,4760.999999999999,4247.999999999999,3709.5999999999995,13000,True
49,PPO_Orchestrated,3,BANDWIDTH_EFFICIENT,0,4,0.25,0.6282045245170593,0.6141734560629657,548,553.0,2607.3999999999996,3145.7999999999997,2592.7999999999997,2054.3999999999996,4000,True
49,PPO_Orchestrated,4,BANDWIDTH_EFFICIENT,0,4,0.25,0.6341058015823364,0.6119554798910086,548,837.0,3684.2,4222.599999999999,3385.5999999999995,2847.2,7000,True
49,PPO_Orchestrated,5,BALANCED,1,8,0.5,0.14393708109855652,0.8741739528538323,1064,351.0,1656.1999999999998,2607.3999999999996,2256.3999999999996,1305.1999999999998,11000,True
49,PPO_Orchestrated,6,BALANCED,0,4,0.25,0.6529889702796936,0.60496471421149,548,47.0,579.4,1117.8,1070.8,532.4,8000,True
49,PPO_Orchestrated,7,QUALITY_CRITICAL,2,12,0.75,0.12317150831222534,0.890335975048625,1580,590.0,5299.399999999999,6663.399999999999,6073.399999999999,4709.399999999999,11000,True
49,PPO_Orchestrated,8,BALANCED,0,4,0.25,1.2221921682357788,0.4500060860145638,548,370.0,3145.7999999999997,3684.2,3314.2,2775.7999999999997,3000,False
49,PPO_Orchestrated,9,BALANCED,0,4,0.25,0.8575593829154968,0.5383407977140785,548,710.0,4760.999999999999,5299.399999999999,4589.399999999999,4050.999999999999,14000,True
49,PPO_Orchestrated,10,BALANCED,0,4,0.25,1.1858346462249756,0.45749114724988016,548,41.0,41.0,579.4,538.4,0.0,2000,True
50,Fixed_25pct,1,BALANCED,0,4,0.25,0.8922543525695801,0.5284701808940503,548,859.0,3820.8,4359.2,3500.2,2961.8,4000,True
50,Fixed_25pct,2,BALANCED,0,4,0.25,1.450056552886963,0.4081538439680811,548,769.0,2744.0,3282.4,2513.4,1975.0,8000,True
50,Fixed_25pct,3,BALANCED,0,4,0.25,0.4430598318576813,0.6929719599447786,548,459.0,2205.6,2744.0,2285.0,1746.6,12000,True
50,Fixed_25pct,4,QUALITY_CRITICAL,0,4,0.25,0.48602205514907837,0.6729375223839996,548,205.0,590.4,1128.8,923.8,385.4,7000,True
50,Fixed_25pct,5,BALANCED,0,4,0.25,0.9452407360076904,0.5140751895070568,548,394.0,1667.1999999999998,2205.6,1811.6,1273.1999999999998,10000,True
50,Fixed_25pct,6,BALANCED,0,4,0.25,0.61074298620224,0.620831509785288,548,52.0,52.0,590.4,538.4,0.0,9000,True
50,Fixed_25pct,7,BANDWIDTH_EFFICIENT,0,4,0.25,1.013316035270691,0.4966930091854902,548,895.0,4897.599999999999,5435.999999999999,4540.999999999999,4002.5999999999995,15000,True
50,Fixed_25pct,8,QUALITY_CRITICAL,0,4,0.25,0.9673619270324707,0.5082948827358776,548,833.0,3282.4,3820.8,2987.8,2449.4,10000,True
50,Fixed_25pct,9,BANDWIDTH_EFFICIENT,0,4,0.25,0.6343042850494385,0.6118811589420445,548,379.0,1128.8,1667.1999999999998,1288.1999999999998,749.8,13000,True
50,Fixed_25pct,10,BANDWIDTH_EFFICIENT,0,4,0.25,0.7838677167892456,0.5605796834531451,548,888.0,4359.2,4897.599999999999,4009.5999999999995,3471.2,11000,True
50,Fixed_50pct,1,BALANCED,1,8,0.5,0.4383794963359833,0.6952268177816234,1064,859.0,5759.2,6710.4,5851.4,4900.2,4000,False
50,Fixed_50pct,2,BALANCED,1,8,0.5,0.5911818146705627,0.6284636933253535,1064,769.0,1954.3999999999999,2905.6,2136.6,1185.3999999999999,8000,True
50,Fixed_50pct,3,BALANCED,1,8,0.5,0.2426947057247162,0.8047028730333399,1064,459.0,2905.6,3856.7999999999997,3397.7999999999997,2446.6,12000,True
50,Fixed_50pct,4,QUALITY_CRITICAL,1,8,0.5,0.35241371393203735,0.7394187072331424,1064,205.0,1003.1999999999999,1954.3999999999999,1749.3999999999999,798.1999999999999,7000,True
50,Fixed_50pct,5,BALANCED,1,8,0.5,0.3564028739929199,0.7372440881492999,1064,394.0,4808.0,5759.2,5365.2,4414.0,10000,True
50,Fixed_50pct,6,BALANCED,1,8,0.5,0.23026642203330994,0.8128320679900054,1064,52.0,52.0,1003.1999999999999,951.1999999999999,0.0,9000,True
50,Fixed_50pct,7,BANDWIDTH_EFFICIENT,1,8,0.5,0.5166134834289551,0.6593637805059409,1064,895.0,3856.7999999999997,4808.0,3913.0,2961.7999999999997,15000,True
50,Fixed_50pct,8,QUALITY_CRITICAL,1,8,0.5,0.3587420582771301,0.7359748628580681,1064,833.0,8612.8,9564.0,8731.0,7779.799999999999,10000,True
50,Fixed_50pct,9,BANDWIDTH_EFFICIENT,1,8,0.5,0.2663523256778717,0.789669651741434,1064,379.0,6710.4,7661.599999999999,7282.599999999999,6331.4,13000,True
50,Fixed_50pct,10,BANDWIDTH_EFFICIENT,1,8,0.5,0.5409235954284668,0.6489614429727397,1064,888.0,7661.599999999999,8612.8,7724.799999999999,6773.599999999999,11000,True
50,Fixed_75pct,1,BALANCED,2,12,0.75,0.277371883392334,0.7828573753669028,1580,859.0,12328.0,13692.0,12833.0,11469.0,4000,False
50,Fixed_75pct,2,BALANCED,2,12,0.75,0.2757108807563782,0.7838766722810209,1580,769.0,4144.0,5508.0,4739.0,3375.0,8000,True
50,Fixed_75pct,3,BALANCED,2,12,0.75,0.09146727621555328,0.9161978758239111,1580,459.0,9600.0,10964.0,10505.0,9141.0,12000,True
50,Fixed_75pct,4,QUALITY_CRITICAL,2,12,0.75,0.18710871040821075,0.8423828342192269,1580,205.0,5508.0,6872.0,6667.0,5303.0,7000,True
50,Fixed_75pct,5,BALANCED,2,12,0.75,0.24209870398044586,0.8050889971911144,1580,394.0,2780.0,4144.0,3750.0,2386.0,10000,True
50,Fixed_75pct,6,BALANCED,2,12,0.75,0.06593063473701477,0.9381473497538786,1580,52.0,52.0,1416.0,1364.0,0.0,9000,True
50,Fixed_75pct,7,BANDWIDTH_EFFICIENT,2,12,0.75,0.1630079299211502,0.8598393650400975,1580,895.0,10964.0,12328.0,11433.0,10069.0,15000,True
50,Fixed_75pct,8,QUALITY_CRITICAL,2,12,0.75,0.19506223499774933,0.8367765047833541,1580,833.0,6872.0,8236.0,7403.0,6039.0,10000,True
50,Fixed_75pct,9,BANDWIDTH_EFFICIENT,2,12,0.75,0.1002882644534111,0.9088527364206405,1580,379.0,1416.0,2780.0,2401.0,1037.0,13000,True
50,Fixed_75pct,10,BANDWIDTH_EFFICIENT,2,12,0.75,0.3329756259918213,0.7502012643749089,1580,888.0,8236.0,9600.0,8712.0,7348.0,11000,True
50,Fixed_100pct,1,BALANCED,3,16,1.0,0.15264534950256348,0.8675695437729921,2096,859.0,16043.199999999997,17819.999999999996,16960.999999999996,15184.199999999997,4000,False
50,Fixed_100pct,2,BALANCED,3,16,1.0,0.09365478157997131,0.9143653160418035,2096,769.0,8936.0,10712.8,9943.8,8167.0,8000,False
50,Fixed_100pct,3,BALANCED,3,16,1.0,0.024790272116661072,0.9758094189697393,2096,459.0,7159.2,8936.0,8477.0,6700.2,12000,True
50,Fixed_100pct,4,QUALITY_CRITICAL,3,16,1.0,0.08289463818073273,0.9234508739280527,2096,205.0,5382.4,7159.2,6954.2,5177.4,7000,True
50,Fixed_100pct,5,BALANCED,3,16,1.0,0.21037223935127258,0.8261921146968585,2096,394.0,1828.8,3605.6,3211.6,1434.8,10000,True
50,Fixed_100pct,6,BALANCED,3,16,1.0,0.04323640093207359,0.9585555096683318,2096,52.0,52.0,1828.8,1776.8,0.0,9000,True
50,Fixed_100pct,7,BANDWIDTH_EFFICIENT,3,16,1.0,0.11303897947072983,0.898441131392827,2096,895.0,14266.399999999998,16043.199999999997,15148.199999999997,13371.399999999998,15000,False
50,Fixed_100pct,8,QUALITY_CRITICAL,3,16,1.0,0.10959858447313309,0.9012268166102849,2096,833.0,10712.8,12489.599999999999,11656.599999999999,9879.8,10000,False
50,Fixed_100pct,9,BANDWIDTH_EFFICIENT,3,16,1.0,0.030553391203284264,0.9703524422275591,2096,379.0,3605.6,5382.4,5003.4,3226.6,13000,True
50,Fixed_100pct,10,BANDWIDTH_EFFICIENT,3,16,1.0,0.16295692324638367,0.8598770771392883,2096,888.0,12489.599999999999,14266.399999999998,13378.399999999998,11601.599999999999,11000,False
50,PPO_Raw,1,BALANCED,0,4,0.25,0.8922543525695801,0.5284701808940503,548,859.0,4233.6,4772.0,3913.0,3374.6000000000004,4000,True
50,PPO_Raw,2,BALANCED,0,4,0.25,1.450056552886963,0.4081538439680811,548,769.0,2744.0,3282.4,2513.4,1975.0,8000,True
50,PPO_Raw,3,BALANCED,0,4,0.25,0.4430598318576813,0.6929719599447786,548,459.0,2205.6,2744.0,2285.0,1746.6,12000,True
50,PPO_Raw,4,QUALITY_CRITICAL,0,4,0.25,0.48602205514907837,0.6729375223839996,548,205.0,590.4,1128.8,923.8,385.4,7000,True
50,PPO_Raw,5,BALANCED,0,4,0.25,0.9452407360076904,0.5140751895070568,548,394.0,1667.1999999999998,2205.6,1811.6,1273.1999999999998,10000,True
50,PPO_Raw,6,BALANCED,0,4,0.25,0.61074298620224,0.620831509785288,548,52.0,52.0,590.4,538.4,0.0,9000,True
50,PPO_Raw,7,BANDWIDTH_EFFICIENT,0,4,0.25,1.013316035270691,0.4966930091854902,548,895.0,5310.4,5848.799999999999,4953.799999999999,4415.4,15000,True
50,PPO_Raw,8,QUALITY_CRITICAL,1,8,0.5,0.3587420582771301,0.7359748628580681,1064,833.0,3282.4,4233.6,3400.6000000000004,2449.4,10000,True
50,PPO_Raw,9,BANDWIDTH_EFFICIENT,0,4,0.25,0.6343042850494385,0.6118811589420445,548,379.0,1128.8,1667.1999999999998,1288.1999999999998,749.8,13000,True
50,PPO_Raw,10,BANDWIDTH_EFFICIENT,0,4,0.25,0.7838677167892456,0.5605796834531451,548,888.0,4772.0,5310.4,4422.4,3884.0,11000,True
50,PPO_Orchestrated,1,BALANCED,0,4,0.25,0.8922543525695801,0.5284701808940503,548,859.0,6548.799999999999,7087.199999999999,6228.199999999999,5689.799999999999,4000,False
50,PPO_Orchestrated,2,BALANCED,0,4,0.25,1.450056552886963,0.4081538439680811,548,769.0,4108.0,4646.4,3877.3999999999996,3339.0,8000,True
50,PPO_Orchestrated,3,BALANCED,0,4,0.25,0.4430598318576813,0.6929719599447786,548,459.0,3031.2000000000003,3569.6000000000004,3110.6000000000004,2572.2000000000003,12000,True
50,PPO_Orchestrated,4,QUALITY_CRITICAL,2,12,0.75,0.18710871040821075,0.8423828342192269,1580,205.0,590.4,1954.4,1749.4,385.4,7000,True
50,PPO_Orchestrated,5,BALANCED,0,4,0.25,0.9452407360076904,0.5140751895070568,548,394.0,2492.8,3031.2000000000003,2637.2000000000003,2098.8,10000,True
50,PPO_Orchestrated,6,BALANCED,0,4,0.25,0.61074298620224,0.620831509785288,548,52.0,52.0,590.4,538.4,0.0,9000,True
50,PPO_Orchestrated,7,BANDWIDTH_EFFICIENT,0,4,0.25,1.013316035270691,0.4966930091854902,548,895.0,6010.4,6548.799999999999,5653.799999999999,5115.4,15000,True
50,PPO_Orchestrated,8,QUALITY_CRITICAL,2,12,0.75,0.19506223499774933,0.8367765047833541,1580,833.0,4646.4,6010.4,5177.4,3813.3999999999996,10000,True
50,PPO_Orchestrated,9,BANDWIDTH_EFFICIENT,0,4,0.25,0.6343042850494385,0.6118811589420445,548,379.0,1954.4,2492.8,2113.8,1575.4,13000,True
50,PPO_Orchestrated,10,BANDWIDTH_EFFICIENT,0,4,0.25,0.7838677167892456,0.5605796834531451,548,888.0,3569.6000000000004,4108.0,3220.0,2681.6000000000004,11000,True
51,Fixed_25pct,1,BALANCED,0,4,0.25,0.4849991500377655,0.6734010588319654,548,503.0,4905.599999999999,5443.999999999999,4940.999999999999,4402.599999999999,4000,False
51,Fixed_25pct,2,BANDWIDTH_EFFICIENT,0,4,0.25,0.8523830771446228,0.5398451391282745,548,293.0,3290.4,3828.8,3535.8,2997.4,5000,True
51,Fixed_25pct,3,BALANCED,0,4,0.25,0.8731960654258728,0.5338469466476533,548,765.0,4367.2,4905.599999999999,4140.599999999999,3602.2,12000,True
51,Fixed_25pct,4,BANDWIDTH_EFFICIENT,0,4,0.25,0.6801260113716125,0.5951934517004621,548,655.0,2752.0,3290.4,2635.4,2097.0,4000,True
51,Fixed_25pct,5,BANDWIDTH_EFFICIENT,0,4,0.25,0.6737247705459595,0.5974697976620169,548,88.0,1136.8,1675.1999999999998,1587.1999999999998,1048.8,12000,True
51,Fixed_25pct,6,BALANCED,0,4,0.25,0.5177396535873413,0.6588745293940184,548,64.0,598.4,1136.8,1072.8,534.4,6000,True
51,Fixed_25pct,7,QUALITY_CRITICAL,0,4,0.25,1.250363826751709,0.44437258905083427,548,209.0,2213.6,2752.0,2543.0,2004.6,12000,True
51,Fixed_25pct,8,BANDWIDTH_EFFICIENT,0,4,0.25,0.7455542087554932,0.5728839556996388,548,390.0,3828.8,4367.2,3977.2,3438.8,3000,False
51,Fixed_25pct,9,BANDWIDTH_EFFICIENT,0,4,0.25,0.7451093196868896,0.573030003747514,548,60.0,60.0,598.4,538.4,0.0,10000,True
51,Fixed_25pct,10,LATENCY_CRITICAL,0,4,0.25,0.581630527973175,0.632258914021771,548,88.0,1675.1999999999998,2213.6,2125.6,1587.1999999999998,6000,True
51,Fixed_50pct,1,BALANCED,1,8,0.5,0.21864664554595947,0.8205824088999936,1064,503.0,1011.1999999999999,1962.3999999999999,1459.3999999999999,508.19999999999993,4000,True
51,Fixed_50pct,2,BANDWIDTH_EFFICIENT,1,8,0.5,0.4390985667705536,0.6948794357040295,1064,293.0,7669.599999999999,8620.8,8327.8,7376.599999999999,5000,False
51,Fixed_50pct,3,BALANCED,1,8,0.5,0.4752925932407379,0.6778316413853372,1064,765.0,2913.6,3864.7999999999997,3099.7999999999997,2148.6,12000,True
51,Fixed_50pct,4,BANDWIDTH_EFFICIENT,1,8,0.5,0.41916900873184204,0.7046377097070291,1064,655.0,3864.7999999999997,4816.0,4161.0,3209.7999999999997,4000,False
51,Fixed_50pct,5,BANDWIDTH_EFFICIENT,1,8,0.5,0.29563581943511963,0.771821822922422,1064,88.0,4816.0,5767.2,5679.2,4728.0,12000,True
51,Fixed_50pct,6,BALANCED,1,8,0.5,0.3688466548919678,0.730542019755253,1064,64.0,1962.3999999999999,2913.6,2849.6,1898.3999999999999,6000,True
51,Fixed_50pct,7,QUALITY_CRITICAL,1,8,0.5,0.6698785424232483,0.5988459487292097,1064,209.0,6718.4,7669.599999999999,7460.599999999999,6509.4,12000,True
51,Fixed_50pct,8,BANDWIDTH_EFFICIENT,1,8,0.5,0.2320980727672577,0.8116237027739424,1064,390.0,5767.2,6718.4,6328.4,5377.2,3000,False
51,Fixed_50pct,9,BANDWIDTH_EFFICIENT,1,8,0.5,0.427406907081604,0.700571081055327,1064,60.0,60.0,1011.1999999999999,951.1999999999999,0.0,10000,True
51,Fixed_50pct,10,LATENCY_CRITICAL,1,8,0.5,0.2630801796913147,0.7917153764889184,1064,88.0,8620.8,9572.0,9484.0,8532.8,6000,False
51,Fixed_75pct,1,BALANCED,2,12,0.75,0.10128802061080933,0.9080276742185648,1580,503.0,1424.0,2788.0,2285.0,921.0,4000,True
51,Fixed_75pct,2,BANDWIDTH_EFFICIENT,2,12,0.75,0.14645779132843018,0.872251911552081,1580,293.0,12336.0,13700.0,13407.0,12043.0,5000,False
51,Fixed_75pct,3,BALANCED,2,12,0.75,0.2415151298046112,0.8054674292671563,1580,765.0,10972.0,12336.0,11571.0,10207.0,12000,True
51,Fixed_75pct,4,BANDWIDTH_EFFICIENT,2,12,0.75,0.18467800319194794,0.8441112245738006,1580,655.0,2788.0,4152.0,3497.0,2133.0,4000,True
51,Fixed_75pct,5,BANDWIDTH_EFFICIENT,2,12,0.75,0.10873781889677048,0.9019264815869923,1580,88.0,8244.0,9608.0,9520.0,8156.0,12000,True
51,Fixed_75pct,6,BALANCED,2,12,0.75,0.2917898893356323,0.7741196987648665,1580,64.0,5516.0,6880.0,6816.0,5452.0,6000,False
51,Fixed_75pct,7,QUALITY_CRITICAL,2,12,0.75,0.3594024181365967,0.7356173467535476,1580,209.0,9608.0,10972.0,10763.0,9399.0,12000,True
51,Fixed_75pct,8,BANDWIDTH_EFFICIENT,2,12,0.75,0.07651834934949875,0.9289205340570962,1580,390.0,6880.0,8244.0,7854.0,6490.0,3000,False
51,Fixed_75pct,9,BANDWIDTH_EFFICIENT,2,12,0.75,0.2790265381336212,0.7818446061793356,1580,60.0,60.0,1424.0,1364.0,0.0,10000,True
51,Fixed_75pct,10,LATENCY_CRITICAL,2,12,0.75,0.12192945927381516,0.8913216350048107,1580,88.0,4152.0,5516.0,5428.0,4064.0,6000,True
51,Fixed_100pct,1,BALANCED,3,16,1.0,0.07123362272977829,0.9335031862160406,2096,503.0,14274.399999999998,16051.199999999997,15548.199999999997,13771.399999999998,4000,False
51,Fixed_100pct,2,BANDWIDTH_EFFICIENT,3,16,1.0,0.09927910566329956,0.9096870802402862,2096,293.0,10720.8,12497.599999999999,12204.599999999999,10427.8,5000,False
51,Fixed_100pct,3,BALANCED,3,16,1.0,0.11961729824542999,0.8931623346362332,2096,765.0,1836.8,3613.6,2848.6,1071.8,12000,True
51,Fixed_100pct,4,BANDWIDTH_EFFICIENT,3,16,1.0,0.0872485488653183,0.9197528946289483,2096,655.0,16051.199999999997,17827.999999999996,17172.999999999996,15396.199999999997,4000,False
51,Fixed_100pct,5,BANDWIDTH_EFFICIENT,3,16,1.0,0.08866792917251587,0.9185537418743369,2096,88.0,5390.4,7167.2,7079.2,5302.4,12000,True
51,Fixed_100pct,6,BALANCED,3,16,1.0,0.23051869869232178,0.8126654239896597,2096,64.0,3613.6,5390.4,5326.4,3549.6,6000,True
51,Fixed_100pct,7,QUALITY_CRITICAL,3,16,1.0,0.2343536615371704,0.8101405870621196,2096,209.0,8944.0,10720.8,10511.8,8735.0,12000,True
51,Fixed_100pct,8,BANDWIDTH_EFFICIENT,3,16,1.0,0.061493903398513794,0.9420685288896782,2096,390.0,12497.599999999999,14274.399999999998,13884.399999999998,12107.599999999999,3000,False
51,Fixed_100pct,9,BANDWIDTH_EFFICIENT,3,16,1.0,0.1905471831560135,0.8399499105521435,2096,60.0,60.0,1836.8,1776.8,0.0,10000,True
51,Fixed_100pct,10,LATENCY_CRITICAL,3,16,1.0,0.06004286929965019,0.9433580744339902,2096,88.0,7167.2,8944.0,8856.0,7079.2,6000,False
51,PPO_Raw,1,BALANCED,0,4,0.25,0.4849991500377655,0.6734010588319654,548,503.0,5318.4,5856.799999999999,5353.799999999999,4815.4,4000,False
51,PPO_Raw,2,BANDWIDTH_EFFICIENT,0,4,0.25,0.8523830771446228,0.5398451391282745,548,293.0,3290.4,3828.8,3535.8,2997.4,5000,True
51,PPO_Raw,3,BALANCED,0,4,0.25,0.8731960654258728,0.5338469466476533,548,765.0,4780.0,5318.4,4553.4,4015.0,12000,True
51,PPO_Raw,4,BANDWIDTH_EFFICIENT,0,4,0.25,0.6801260113716125,0.5951934517004621,548,655.0,2752.0,3290.4,2635.4,2097.0,4000,True
51,PPO_Raw,5,BANDWIDTH_EFFICIENT,0,4,0.25,0.6737247705459595,0.5974697976620169,548,88.0,1136.8,1675.1999999999998,1587.1999999999998,1048.8,12000,True
51,PPO_Raw,6,BALANCED,0,4,0.25,0.5177396535873413,0.6588745293940184,548,64.0,598.4,1136.8,1072.8,534.4,6000,True
51,PPO_Raw,7,QUALITY_CRITICAL,1,8,0.5,0.6698785424232483,0.5988459487292097,1064,209.0,3828.8,4780.0,4571.0,3619.8,12000,True
51,PPO_Raw,8,BANDWIDTH_EFFICIENT,0,4,0.25,0.7455542087554932,0.5728839556996388,548,390.0,1675.1999999999998,2213.6,1823.6,1285.1999999999998,3000,True
51,PPO_Raw,9,BANDWIDTH_EFFICIENT,0,4,0.25,0.7451093196868896,0.573030003747514,548,60.0,60.0,598.4,538.4,0.0,10000,True
51,PPO_Raw,10,LATENCY_CRITICAL,0,4,0.25,0.581630527973175,0.632258914021771,548,88.0,2213.6,2752.0,2664.0,2125.6,6000,True
51,PPO_Orchestrated,1,BALANCED,0,4,0.25,0.4849991500377655,0.6734010588319654,548,503.0,3828.8,4367.2,3864.2,3325.8,4000,True
51,PPO_Orchestrated,2,BANDWIDTH_EFFICIENT,0,4,0.25,0.8523830771446228,0.5398451391282745,548,293.0,3290.4,3828.8,3535.8,2997.4,5000,True
51,PPO_Orchestrated,3,BALANCED,0,4,0.25,0.8731960654258728,0.5338469466476533,548,765.0,5731.2,6269.599999999999,5504.599999999999,4966.2,12000,True
51,PPO_Orchestrated,4,BANDWIDTH_EFFICIENT,0,4,0.25,0.6801260113716125,0.5951934517004621,548,655.0,2752.0,3290.4,2635.4,2097.0,4000,True
51,PPO_Orchestrated,5,BANDWIDTH_EFFICIENT,0,4,0.25,0.6737247705459595,0.5974697976620169,548,88.0,1136.8,1675.1999999999998,1587.1999999999998,1048.8,12000,True
51,PPO_Orchestrated,6,BALANCED,0,4,0.25,0.5177396535873413,0.6588745293940184,548,64.0,598.4,1136.8,1072.8,534.4,6000,True
51,PPO_Orchestrated,7,QUALITY_CRITICAL,2,12,0.75,0.3594024181365967,0.7356173467535476,1580,209.0,4367.2,5731.2,5522.2,4158.2,12000,True
51,PPO_Orchestrated,8,BANDWIDTH_EFFICIENT,0,4,0.25,0.7455542087554932,0.5728839556996388,548,390.0,1675.1999999999998,2213.6,1823.6,1285.1999999999998,3000,True
51,PPO_Orchestrated,9,BANDWIDTH_EFFICIENT,0,4,0.25,0.7451093196868896,0.573030003747514,548,60.0,60.0,598.4,538.4,0.0,10000,True
51,PPO_Orchestrated,10,LATENCY_CRITICAL,0,4,0.25,0.581630527973175,0.632258914021771,548,88.0,2213.6,2752.0,2664.0,2125.6,6000,True
52,Fixed_25pct,1,BALANCED,0,4,0.25,0.765196681022644,0.5665091095801646,548,754.0,3266.4,3804.8,3050.8,2512.4,14000,True
52,Fixed_25pct,2,BALANCED,0,4,0.25,1.1294686794281006,0.46960070822387695,548,895.0,4881.599999999999,5419.999999999999,4524.999999999999,3986.5999999999995,7000,True
52,Fixed_25pct,3,BALANCED,0,4,0.25,0.3514993190765381,0.739918981744872,548,792.0,3804.8,4343.2,3551.2,3012.8,14000,True
52,Fixed_25pct,4,BALANCED,0,4,0.25,0.42396605014801025,0.7022639338178447,548,751.0,2728.0,3266.4,2515.4,1977.0,10000,True
52,Fixed_25pct,5,BANDWIDTH_EFFICIENT,0,4,0.25,0.7681438326835632,0.565564849145938,548,407.0,1112.8,1651.1999999999998,1244.1999999999998,705.8,14000,True
52,Fixed_25pct,6,BALANCED,0,4,0.25,0.5232827067375183,0.6564769596457535,548,547.0,1651.1999999999998,2189.6,1642.6,1104.1999999999998,3000,True
52,Fixed_25pct,7,BALANCED,0,4,0.25,0.9478542804718018,0.5133854262228403,548,36.0,36.0,574.4,538.4,0.0,14000,True
52,Fixed_25pct,8,BALANCED,0,4,0.25,1.2140017747879028,0.4516708213098872,548,847.0,4343.2,4881.599999999999,4034.5999999999995,3496.2,10000,True
52,Fixed_25pct,9,BALANCED,0,4,0.25,0.5134207606315613,0.6607547788512514,548,676.0,2189.6,2728.0,2052.0,1513.6,3000,True
52,Fixed_25pct,10,BALANCED,0,4,0.25,1.197143316268921,0.4551364458546792,548,213.0,574.4,1112.8,899.8,361.4,4000,True
52,Fixed_50pct,1,BALANCED,1,8,0.5,0.2734641134738922,0.7852596625374016,1064,754.0,6694.4,7645.599999999999,6891.599999999999,5940.4,14000,True
52,Fixed_50pct,2,BALANCED,1,8,0.5,0.7249765992164612,0.5797180091916793,1064,895.0,3840.7999999999997,4792.0,3897.0,2945.7999999999997,7000,True
52,Fixed_50pct,3,BALANCED,1,8,0.5,0.17966508865356445,0.847698223519839,1064,792.0,7645.599999999999,8596.8,7804.799999999999,6853.599999999999,14000,True
52,Fixed_50pct,4,BALANCED,1,8,0.5,0.2504560947418213,0.7997082058338623,1064,751.0,4792.0,5743.2,4992.2,4041.0,10000,True
52,Fixed_50pct,5,BANDWIDTH_EFFICIENT,1,8,0.5,0.4679218530654907,0.6812351746870448,1064,407.0,2889.6,3840.7999999999997,3433.7999999999997,2482.6,14000,True
52,Fixed_50pct,6,BALANCED,1,8,0.5,0.16182702779769897,0.8607133214102876,1064,547.0,987.1999999999999,1938.3999999999999,1391.3999999999999,440.19999999999993,3000,True
52,Fixed_50pct,7,BALANCED,1,8,0.5,0.4095514714717865,0.7094455365690532,1064,36.0,36.0,987.1999999999999,951.1999999999999,0.0,14000,True
52,Fixed_50pct,8,BALANCED,1,8,0.5,0.7056620121002197,0.5862826239347839,1064,847.0,8596.8,9548.0,8701.0,7749.799999999999,10000,True
52,Fixed_50pct,9,BALANCED,1,8,0.5,0.2616181969642639,0.7926328285421248,1064,676.0,5743.2,6694.4,6018.4,5067.2,3000,False
52,Fixed_50pct,10,BALANCED,1,8,0.5,0.9235641360282898,0.5198682909865258,1064,213.0,1938.3999999999999,2889.6,2676.6,1725.3999999999999,4000,True
52,Fixed_75pct,1,BALANCED,2,12,0.75,0.10037191212177277,0.9087836475867215,1580,754.0,5492.0,6856.0,6102.0,4738.0,14000,True
52,Fixed_75pct,2,BALANCED,2,12,0.75,0.4223034381866455,0.7030848503572079,1580,895.0,12312.0,13676.0,12781.0,11417.0,7000,False
52,Fixed_75pct,3,BALANCED,2,12,0.75,0.052228569984436035,0.9503638548939908,1580,792.0,9584.0,10948.0,10156.0,8792.0,14000,True
52,Fixed_75pct,4,BALANCED,2,12,0.75,0.09934506565332413,0.9096324996062225,1580,751.0,10948.0,12312.0,11561.0,10197.0,10000,False
52,Fixed_75pct,5,BANDWIDTH_EFFICIENT,2,12,0.75,0.26399245858192444,0.7911439607178526,1580,407.0,6856.0,8220.0,7813.0,6449.0,14000,True
52,Fixed_75pct,6,BALANCED,2,12,0.75,0.09143900871276855,0.9162216047045902,1580,547.0,1400.0,2764.0,2217.0,853.0,3000,True
52,Fixed_75pct,7,BALANCED,2,12,0.75,0.18058083951473236,0.8470406824585104,1580,36.0,36.0,1400.0,1364.0,0.0,14000,True
52,Fixed_75pct,8,BALANCED,2,12,0.75,0.3171355724334717,0.7592232879660608,1580,847.0,8220.0,9584.0,8737.0,7373.0,10000,True
52,Fixed_75pct,9,BALANCED,2,12,0.75,0.07536743581295013,0.9299147125875405,1580,676.0,2764.0,4128.0,3452.0,2088.0,3000,False
52,Fixed_75pct,10,BALANCED,2,12,0.75,0.45933541655540466,0.6852434256412322,1580,213.0,4128.0,5492.0,5279.0,3915.0,4000,False
52,Fixed_100pct,1,BALANCED,3,16,1.0,0.05902925878763199,0.9442609745690991,2096,754.0,7143.2,8920.0,8166.0,6389.2,14000,True
52,Fixed_100pct,2,BALANCED,3,16,1.0,0.20297634601593018,0.8312715402192602,2096,895.0,16027.199999999997,17803.999999999996,16908.999999999996,15132.199999999997,7000,False
52,Fixed_100pct,3,BALANCED,3,16,1.0,0.02286129631102085,0.9776496614023126,2096,792.0,12473.599999999999,14250.399999999998,13458.399999999998,11681.599999999999,14000,True
52,Fixed_100pct,4,BALANCED,3,16,1.0,0.05629090219736099,0.9467089017994369,2096,751.0,10696.8,12473.599999999999,11722.599999999999,9945.8,10000,False
52,Fixed_100pct,5,BANDWIDTH_EFFICIENT,3,16,1.0,0.11171632260084152,0.8995100455667656,2096,407.0,3589.6,5366.4,4959.4,3182.6,14000,True
52,Fixed_100pct,6,BALANCED,3,16,1.0,0.06014915555715561,0.9432634971769189,2096,547.0,1812.8,3589.6,3042.6,1265.8,3000,False
52,Fixed_100pct,7,BALANCED,3,16,1.0,0.11595652997493744,0.8960922519288976,2096,36.0,36.0,1812.8,1776.8,0.0,14000,True
52,Fixed_100pct,8,BALANCED,3,16,1.0,0.1110599935054779,0.9000414071655345,2096,847.0,14250.399999999998,16027.199999999997,15180.199999999997,13403.399999999998,10000,False
52,Fixed_100pct,9,BALANCED,3,16,1.0,0.032179296016693115,0.9688239280318091,2096,676.0,8920.0,10696.8,10020.8,8244.0,3000,False
52,Fixed_100pct,10,BALANCED,3,16,1.0,0.20690996944904327,0.8285622169949445,2096,213.0,5366.4,7143.2,6930.2,5153.4,4000,False
52,PPO_Raw,1,BALANCED,0,4,0.25,0.765196681022644,0.5665091095801646,548,754.0,4091.9999999999995,4630.4,3876.3999999999996,3337.9999999999995,14000,True
52,PPO_Raw,2,BALANCED,0,4,0.25,1.1294686794281006,0.46960070822387695,548,895.0,5707.199999999999,6245.5999999999985,5350.5999999999985,4812.199999999999,7000,True
52,PPO_Raw,3,BALANCED,0,4,0.25,0.3514993190765381,0.739918981744872,548,792.0,4630.4,5168.799999999999,4376.799999999999,3838.3999999999996,14000,True
52,PPO_Raw,4,BALANCED,1,8,0.5,0.2504560947418213,0.7997082058338623,1064,751.0,3140.7999999999997,4091.9999999999995,3340.9999999999995,2389.7999999999997,10000,True
52,PPO_Raw,5,BANDWIDTH_EFFICIENT,0,4,0.25,0.7681438326835632,0.565564849145938,548,407.0,1112.8,1651.1999999999998,1244.1999999999998,705.8,14000,True
52,PPO_Raw,6,BALANCED,1,8,0.5,0.16182702779769897,0.8607133214102876,1064,547.0,1651.1999999999998,2602.3999999999996,2055.3999999999996,1104.1999999999998,3000,True
52,PPO_Raw,7,BALANCED,0,4,0.25,0.9478542804718018,0.5133854262228403,548,36.0,36.0,574.4,538.4,0.0,14000,True
52,PPO_Raw,8,BALANCED,0,4,0.25,1.2140017747879028,0.4516708213098872,548,847.0,5168.799999999999,5707.199999999999,4860.199999999999,4321.799999999999,10000,True
52,PPO_Raw,9,BALANCED,0,4,0.25,0.5134207606315613,0.6607547788512514,548,676.0,2602.3999999999996,3140.7999999999997,2464.7999999999997,1926.3999999999996,3000,True
52,PPO_Raw,10,BALANCED,0,4,0.25,1.197143316268921,0.4551364458546792,548,213.0,574.4,1112.8,899.8,361.4,4000,True
52,PPO_Orchestrated,1,BALANCED,0,4,0.25,0.765196681022644,0.5665091095801646,548,754.0,4504.799999999999,5043.199999999999,4289.199999999999,3750.7999999999993,14000,True
52,PPO_Orchestrated,2,BALANCED,0,4,0.25,1.1294686794281006,0.46960070822387695,548,895.0,6119.999999999998,6658.399999999998,5763.399999999998,5224.999999999998,7000,True
52,PPO_Orchestrated,3,BALANCED,0,4,0.25,0.3514993190765381,0.739918981744872,548,792.0,5043.199999999999,5581.5999999999985,4789.5999999999985,4251.199999999999,14000,True
52,PPO_Orchestrated,4,BALANCED,1,8,0.5,0.2504560947418213,0.7997082058338623,1064,751.0,3553.5999999999995,4504.799999999999,3753.7999999999993,2802.5999999999995,10000,True
52,PPO_Orchestrated,5,BANDWIDTH_EFFICIENT,0,4,0.25,0.7681438326835632,0.565564849145938,548,407.0,1112.8,1651.1999999999998,1244.1999999999998,705.8,14000,True
52,PPO_Orchestrated,6,BALANCED,1,8,0.5,0.16182702779769897,0.8607133214102876,1064,547.0,1651.1999999999998,2602.3999999999996,2055.3999999999996,1104.1999999999998,3000,True
52,PPO_Orchestrated,7,BALANCED,0,4,0.25,0.9478542804718018,0.5133854262228403,548,36.0,36.0,574.4,538.4,0.0,14000,True
52,PPO_Orchestrated,8,BALANCED,0,4,0.25,1.2140017747879028,0.4516708213098872,548,847.0,5581.5999999999985,6119.999999999998,5272.999999999998,4734.5999999999985,10000,True
52,PPO_Orchestrated,9,BALANCED,1,8,0.5,0.2616181969642639,0.7926328285421248,1064,676.0,2602.3999999999996,3553.5999999999995,2877.5999999999995,1926.3999999999996,3000,True
52,PPO_Orchestrated,10,BALANCED,0,4,0.25,1.197143316268921,0.4551364458546792,548,213.0,574.4,1112.8,899.8,361.4,4000,True
53,Fixed_25pct,1,BALANCED,0,4,0.25,0.8015332221984863,0.5550827415659081,548,448.0,2715.0,3253.4,2805.4,2267.0,13000,True
53,Fixed_25pct,2,QUALITY_CRITICAL,0,4,0.25,0.6094495058059692,0.6213304588883183,548,212.0,1638.1999999999998,2176.6,1964.6,1426.1999999999998,12000,True
53,Fixed_25pct,3,BALANCED,0,4,0.25,0.597659170627594,0.6259157261978342,548,811.0,4330.2,4868.599999999999,4057.5999999999995,3519.2,3000,False
53,Fixed_25pct,4,BALANCED,0,4,0.25,0.6161125898361206,0.6187687703747197,548,742.0,3791.8,4330.2,3588.2,3049.8,10000,True
53,Fixed_25pct,5,BALANCED,0,4,0.25,0.7728551626205444,0.5640618709775765,548,51.0,561.4,1099.8,1048.8,510.4,7000,True
53,Fixed_25pct,6,BANDWIDTH_EFFICIENT,0,4,0.25,1.109876275062561,0.47396144116097444,548,118.0,1099.8,1638.1999999999998,1520.1999999999998,981.8,13000,True
53,Fixed_25pct,7,QUALITY_CRITICAL,0,4,0.25,0.8778380155563354,0.5325272956004867,548,429.0,2176.6,2715.0,2286.0,1747.6,14000,True
53,Fixed_25pct,8,BANDWIDTH_EFFICIENT,0,4,0.25,1.0485256910324097,0.4881559476542484,548,811.0,4868.599999999999,5406.999999999999,4595.999999999999,4057.5999999999995,13000,True
53,Fixed_25pct,9,BALANCED,0,4,0.25,1.548720359802246,0.39235375358228375,548,23.0,23.0,561.4,538.4,0.0,10000,True
53,Fixed_25pct,10,BANDWIDTH_EFFICIENT,0,4,0.25,0.4643052816390991,0.6829177033908054,548,464.0,3253.4,3791.8,3327.8,2789.4,14000,True
53,Fixed_50pct,1,BALANCED,1,8,0.5,0.3837742507457733,0.7226612284923343,1064,448.0,6681.4,7632.599999999999,7184.599999999999,6233.4,13000,True
53,Fixed_50pct,2,QUALITY_CRITICAL,1,8,0.5,0.3755267262458801,0.7269942349497079,1064,212.0,4779.0,5730.2,5518.2,4567.0,12000,True
53,Fixed_50pct,3,BALANCED,1,8,0.5,0.19835203886032104,0.8344793245823143,1064,811.0,5730.2,6681.4,5870.4,4919.2,3000,False
53,Fixed_50pct,4,BALANCED,1,8,0.5,0.3081963062286377,0.7644112701119543,1064,742.0,7632.599999999999,8583.8,7841.799999999999,6890.599999999999,10000,True
53,Fixed_50pct,5,BALANCED,1,8,0.5,0.3561612665653229,0.7373754321509614,1064,51.0,974.1999999999999,1925.3999999999999,1874.3999999999999,923.1999999999999,7000,True
53,Fixed_50pct,6,BANDWIDTH_EFFICIENT,1,8,0.5,0.6376949548721313,0.6106143253510105,1064,118.0,1925.3999999999999,2876.6,2758.6,1807.3999999999999,13000,True
53,Fixed_50pct,7,QUALITY_CRITICAL,1,8,0.5,0.44036760926246643,0.6942672089884369,1064,429.0,3827.7999999999997,4779.0,4350.0,3398.7999999999997,14000,True
53,Fixed_50pct,8,BANDWIDTH_EFFICIENT,1,8,0.5,0.589348316192627,0.6291886994259107,1064,811.0,2876.6,3827.7999999999997,3016.7999999999997,2065.6,13000,True
53,Fixed_50pct,9,BALANCED,1,8,0.5,0.9980086088180542,0.5004983439944045,1064,23.0,23.0,974.1999999999999,951.1999999999999,0.0,10000,True
53,Fixed_50pct,10,BANDWIDTH_EFFICIENT,1,8,0.5,0.21076752245426178,0.8259223851437395,1064,464.0,8583.8,9535.0,9071.0,8119.799999999999,14000,True
53,Fixed_75pct,1,BALANCED,2,12,0.75,0.07709917426109314,0.9284196143646806,1580,448.0,10935.0,12299.0,11851.0,10487.0,13000,True
53,Fixed_75pct,2,QUALITY_CRITICAL,2,12,0.75,0.17106977105140686,0.8539200863345509,1580,212.0,8207.0,9571.0,9359.0,7995.0,12000,True
53,Fixed_75pct,3,BALANCED,2,12,0.75,0.057334333658218384,0.9457746411583456,1580,811.0,5479.0,6843.0,6032.0,4668.0,3000,False
53,Fixed_75pct,4,BALANCED,2,12,0.75,0.08872111141681671,0.9185088720275124,1580,742.0,1387.0,2751.0,2009.0,645.0,10000,True
53,Fixed_75pct,5,BALANCED,2,12,0.75,0.16541804373264313,0.8580611956179808,1580,51.0,2751.0,4115.0,4064.0,2700.0,7000,True
53,Fixed_75pct,6,BANDWIDTH_EFFICIENT,2,12,0.75,0.34794506430625916,0.7418699963968232,1580,118.0,6843.0,8207.0,8089.0,6725.0,13000,True
53,Fixed_75pct,7,QUALITY_CRITICAL,2,12,0.75,0.16162239015102386,0.8608649492973262,1580,429.0,9571.0,10935.0,10506.0,9142.0,14000,True
53,Fixed_75pct,8,BANDWIDTH_EFFICIENT,2,12,0.75,0.3084927201271057,0.76423810741787,1580,811.0,4115.0,5479.0,4668.0,3304.0,13000,True
53,Fixed_75pct,9,BALANCED,2,12,0.75,0.40580809116363525,0.711334645379844,1580,23.0,23.0,1387.0,1364.0,0.0,10000,True
53,Fixed_75pct,10,BANDWIDTH_EFFICIENT,2,12,0.75,0.09936937689781189,0.9096123841668109,1580,464.0,12299.0,13663.0,13199.0,11835.0,14000,True
53,Fixed_100pct,1,BALANCED,3,16,1.0,0.05080413073301315,0.9516521402541751,2096,448.0,10683.8,12460.599999999999,12012.599999999999,10235.8,13000,True
53,Fixed_100pct,2,QUALITY_CRITICAL,3,16,1.0,0.08997227996587753,0.9174545246520451,2096,212.0,1799.8,3576.6,3364.6,1587.8,12000,True
53,Fixed_100pct,3,BALANCED,3,16,1.0,0.0457933284342289,0.9562118755310945,2096,811.0,16014.199999999997,17790.999999999996,16979.999999999996,15203.199999999997,3000,False
53,Fixed_100pct,4,BALANCED,3,16,1.0,0.03689415380358696,0.9644185921308843,2096,742.0,14237.399999999998,16014.199999999997,15272.199999999997,13495.399999999998,10000,False
53,Fixed_100pct,5,BALANCED,3,16,1.0,0.08258058875799179,0.9237187608797478,2096,51.0,5353.4,7130.2,7079.2,5302.4,7000,False
53,Fixed_100pct,6,BANDWIDTH_EFFICIENT,3,16,1.0,0.10651781409978867,0.9037360151436454,2096,118.0,3576.6,5353.4,5235.4,3458.6,13000,True
53,Fixed_100pct,7,QUALITY_CRITICAL,3,16,1.0,0.11176460981369019,0.899470977195056,2096,429.0,8907.0,10683.8,10254.8,8478.0,14000,True
53,Fixed_100pct,8,BANDWIDTH_EFFICIENT,3,16,1.0,0.21026764810085297,0.8262635141649832,2096,811.0,12460.599999999999,14237.399999999998,13426.399999999998,11649.599999999999,13000,False
53,Fixed_100pct,9,BALANCED,3,16,1.0,0.26867663860321045,0.7882229163618726,2096,23.0,23.0,1799.8,1776.8,0.0,10000,True
53,Fixed_100pct,10,BANDWIDTH_EFFICIENT,3,16,1.0,0.07147304713726044,0.9332945916575124,2096,464.0,7130.2,8907.0,8443.0,6666.2,14000,True
53,PPO_Raw,1,BALANCED,0,4,0.25,0.8015332221984863,0.5550827415659081,548,448.0,2715.0,3253.4,2805.4,2267.0,13000,True
53,PPO_Raw,2,QUALITY_CRITICAL,0,4,0.25,0.6094495058059692,0.6213304588883183,548,212.0,1638.1999999999998,2176.6,1964.6,1426.1999999999998,12000,True
53,PPO_Raw,3,BALANCED,0,4,0.25,0.597659170627594,0.6259157261978342,548,811.0,4330.2,4868.599999999999,4057.5999999999995,3519.2,3000,False
53,PPO_Raw,4,BALANCED,0,4,0.25,0.6161125898361206,0.6187687703747197,548,742.0,3791.8,4330.2,3588.2,3049.8,10000,True
53,PPO_Raw,5,BALANCED,0,4,0.25,0.7728551626205444,0.5640618709775765,548,51.0,561.4,1099.8,1048.8,510.4,7000,True
53,PPO_Raw,6,BANDWIDTH_EFFICIENT,0,4,0.25,1.109876275062561,0.47396144116097444,548,118.0,1099.8,1638.1999999999998,1520.1999999999998,981.8,13000,True
53,PPO_Raw,7,QUALITY_CRITICAL,0,4,0.25,0.8778380155563354,0.5325272956004867,548,429.0,2176.6,2715.0,2286.0,1747.6,14000,True
53,PPO_Raw,8,BANDWIDTH_EFFICIENT,0,4,0.25,1.0485256910324097,0.4881559476542484,548,811.0,4868.599999999999,5406.999999999999,4595.999999999999,4057.5999999999995,13000,True
53,PPO_Raw,9,BALANCED,0,4,0.25,1.548720359802246,0.39235375358228375,548,23.0,23.0,561.4,538.4,0.0,10000,True
53,PPO_Raw,10,BANDWIDTH_EFFICIENT,0,4,0.25,0.4643052816390991,0.6829177033908054,548,464.0,3253.4,3791.8,3327.8,2789.4,14000,True
53,PPO_Orchestrated,1,BALANCED,0,4,0.25,0.8015332221984863,0.5550827415659081,548,448.0,5317.4,5855.799999999999,5407.799999999999,4869.4,13000,True
53,PPO_Orchestrated,2,QUALITY_CRITICAL,2,12,0.75,0.17106977105140686,0.8539200863345509,1580,212.0,2589.4,3953.4,3741.4,2377.4,12000,True
53,PPO_Orchestrated,3,BALANCED,0,4,0.25,0.597659170627594,0.6259157261978342,548,811.0,6932.5999999999985,7470.999999999998,6659.999999999998,6121.5999999999985,3000,False
53,PPO_Orchestrated,4,BALANCED,0,4,0.25,0.6161125898361206,0.6187687703747197,548,742.0,6394.199999999999,6932.5999999999985,6190.5999999999985,5652.199999999999,10000,True
53,PPO_Orchestrated,5,BALANCED,1,8,0.5,0.3561612665653229,0.7373754321509614,1064,51.0,561.4,1512.6,1461.6,510.4,7000,True
53,PPO_Orchestrated,6,BANDWIDTH_EFFICIENT,0,4,0.25,1.109876275062561,0.47396144116097444,548,118.0,1512.6,2051.0,1933.0,1394.6,13000,True
53,PPO_Orchestrated,7,QUALITY_CRITICAL,2,12,0.75,0.16162239015102386,0.8608649492973262,1580,429.0,3953.4,5317.4,4888.4,3524.4,14000,True
53,PPO_Orchestrated,8,BANDWIDTH_EFFICIENT,0,4,0.25,1.0485256910324097,0.4881559476542484,548,811.0,2051.0,2589.4,1778.4,1240.0,13000,True
53,PPO_Orchestrated,9,BALANCED,0,4,0.25,1.548720359802246,0.39235375358228375,548,23.0,23.0,561.4,538.4,0.0,10000,True
53,PPO_Orchestrated,10,BANDWIDTH_EFFICIENT,0,4,0.25,0.4643052816390991,0.6829177033908054,548,464.0,5855.799999999999,6394.199999999999,5930.199999999999,5391.799999999999,14000,True
54,Fixed_25pct,1,BALANCED,0,4,0.25,0.8766964077949524,0.5328512357387428,548,829.0,4332.2,4870.599999999999,4041.5999999999995,3503.2,7000,True
54,Fixed_25pct,2,BALANCED,0,4,0.25,0.7227476835250854,0.580468056676646,548,60.0,1101.8,1640.1999999999998,1580.1999999999998,1041.8,14000,True
54,Fixed_25pct,3,BALANCED,0,4,0.25,0.5395848155021667,0.6495257617059764,548,136.0,1640.1999999999998,2178.6,2042.6,1504.1999999999998,9000,True
54,Fixed_25pct,4,QUALITY_CRITICAL,0,4,0.25,0.6566244959831238,0.6036370960496694,548,941.0,4870.599999999999,5408.999999999999,4467.999999999999,3929.5999999999995,2000,False
54,Fixed_25pct,5,LATENCY_CRITICAL,0,4,0.25,0.9026509523391724,0.5255824767914326,548,736.0,2178.6,2717.0,1981.0,1442.6,2000,True
54,Fixed_25pct,6,BALANCED,0,4,0.25,0.6540209054946899,0.6045872798088466,548,475.0,3255.4,3793.8,3318.8,2780.4,4000,True
54,Fixed_25pct,7,LATENCY_CRITICAL,0,4,0.25,0.5905320644378662,0.628720427810693,548,56.0,563.4,1101.8,1045.8,507.4,2000,True
54,Fixed_25pct,8,BALANCED,0,4,0.25,0.950737714767456,0.5126265783604887,548,25.0,25.0,563.4,538.4,0.0,8000,True
54,Fixed_25pct,9,BALANCED,0,4,0.25,0.4898880422115326,0.6711913725514828,548,331.0,2717.0,3255.4,2924.4,2386.0,12000,True
54,Fixed_25pct,10,LATENCY_CRITICAL,0,4,0.25,1.4676194190979004,0.4052488776269944,548,574.0,3793.8,4332.2,3758.2,3219.8,5000,True
54,Fixed_50pct,1,BALANCED,1,8,0.5,0.5194377303123474,0.6581381915496018,1064,829.0,1927.3999999999999,2878.6,2049.6,1098.3999999999999,7000,True
54,Fixed_50pct,2,BALANCED,1,8,0.5,0.2971919775009155,0.7708959177550064,1064,60.0,5732.2,6683.4,6623.4,5672.2,14000,True
54,Fixed_50pct,3,BALANCED,1,8,0.5,0.23698171973228455,0.8084193840927789,1064,136.0,3829.7999999999997,4781.0,4645.0,3693.7999999999997,9000,True
54,Fixed_50pct,4,QUALITY_CRITICAL,1,8,0.5,0.4341609477996826,0.6972718100672168,1064,941.0,2878.6,3829.7999999999997,2888.7999999999997,1937.6,2000,False
54,Fixed_50pct,5,LATENCY_CRITICAL,1,8,0.5,0.2711246609687805,0.7867049005546439,1064,736.0,976.1999999999999,1927.3999999999999,1191.3999999999999,240.19999999999993,2000,True
54,Fixed_50pct,6,BALANCED,1,8,0.5,0.29396042227745056,0.7728211642207248,1064,475.0,7634.599999999999,8585.8,8110.799999999999,7159.599999999999,4000,False
54,Fixed_50pct,7,LATENCY_CRITICAL,1,8,0.5,0.33739978075027466,0.7477195782393541,1064,56.0,8585.8,9537.0,9481.0,8529.8,2000,False
54,Fixed_50pct,8,BALANCED,1,8,0.5,0.6323340535163879,0.6126197011241611,1064,25.0,25.0,976.1999999999999,951.1999999999999,0.0,8000,True
54,Fixed_50pct,9,BALANCED,1,8,0.5,0.19733822345733643,0.8351858985278875,1064,331.0,6683.4,7634.599999999999,7303.599999999999,6352.4,12000,True
54,Fixed_50pct,10,LATENCY_CRITICAL,1,8,0.5,0.7973257303237915,0.55638217554469,1064,574.0,4781.0,5732.2,5158.2,4207.0,5000,False
54,Fixed_75pct,1,BALANCED,2,12,0.75,0.21355262398719788,0.824026894453445,1580,829.0,2753.0,4117.0,3288.0,1924.0,7000,True
54,Fixed_75pct,2,BALANCED,2,12,0.75,0.120635986328125,0.8923504261866507,1580,60.0,8209.0,9573.0,9513.0,8149.0,14000,True
54,Fixed_75pct,3,BALANCED,2,12,0.75,0.07060076296329498,0.9340550040634377,1580,136.0,5481.0,6845.0,6709.0,5345.0,9000,True
54,Fixed_75pct,4,QUALITY_CRITICAL,2,12,0.75,0.15861397981643677,0.8631002365071009,1580,941.0,4117.0,5481.0,4540.0,3176.0,2000,False
54,Fixed_75pct,5,LATENCY_CRITICAL,2,12,0.75,0.07894978672266006,0.9268271909460474,1580,736.0,1389.0,2753.0,2017.0,653.0,2000,False
54,Fixed_75pct,6,BALANCED,2,12,0.75,0.13737726211547852,0.8792157477634448,1580,475.0,12301.0,13665.0,13190.0,11826.0,4000,False
54,Fixed_75pct,7,LATENCY_CRITICAL,2,12,0.75,0.14028991758823395,0.8769699570044839,1580,56.0,10937.0,12301.0,12245.0,10881.0,2000,False
54,Fixed_75pct,8,BALANCED,2,12,0.75,0.3314824104309082,0.7510425914499085,1580,25.0,25.0,1389.0,1364.0,0.0,8000,True
54,Fixed_75pct,9,BALANCED,2,12,0.75,0.08368974924087524,0.9227733312975417,1580,331.0,9573.0,10937.0,10606.0,9242.0,12000,True
54,Fixed_75pct,10,LATENCY_CRITICAL,2,12,0.75,0.35421866178512573,0.7384331852891496,1580,574.0,6845.0,8209.0,7635.0,6271.0,5000,False
54,Fixed_100pct,1,BALANCED,3,16,1.0,0.11526808887720108,0.8966453985128836,2096,829.0,12462.599999999999,14239.399999999998,13410.399999999998,11633.599999999999,7000,False
54,Fixed_100pct,2,BALANCED,3,16,1.0,0.09175509214401245,0.9159563414869705,2096,60.0,5355.4,7132.2,7072.2,5295.4,14000,True
54,Fixed_100pct,3,BALANCED,3,16,1.0,0.05880275368690491,0.9444629762416605,2096,136.0,7132.2,8909.0,8773.0,6996.2,9000,True
54,Fixed_100pct,4,QUALITY_CRITICAL,3,16,1.0,0.11170198023319244,0.8995216503889274,2096,941.0,1801.8,3578.6,2637.6,860.8,2000,False
54,Fixed_100pct,5,LATENCY_CRITICAL,3,16,1.0,0.040259964764118195,0.9612981695654823,2096,736.0,16016.199999999997,17792.999999999996,17056.999999999996,15280.199999999997,2000,False
54,Fixed_100pct,6,BALANCED,3,16,1.0,0.07714163511991501,0.9283830161190204,2096,475.0,10685.8,12462.599999999999,11987.599999999999,10210.8,4000,False
54,Fixed_100pct,7,LATENCY_CRITICAL,3,16,1.0,0.09753779321908951,0.9111303557638684,2096,56.0,3578.6,5355.4,5299.4,3522.6,2000,False
54,Fixed_100pct,8,BALANCED,3,16,1.0,0.19788236916065216,0.8348065100087357,2096,25.0,25.0,1801.8,1776.8,0.0,8000,True
54,Fixed_100pct,9,BALANCED,3,16,1.0,0.08038675040006638,0.9255944684898262,2096,331.0,8909.0,10685.8,10354.8,8578.0,12000,True
54,Fixed_100pct,10,LATENCY_CRITICAL,3,16,1.0,0.20264247059822083,0.8315023163139899,2096,574.0,14239.399999999998,16016.199999999997,15442.199999999997,13665.399999999998,5000,False
54,PPO_Raw,1,BALANCED,0,4,0.25,0.8766964077949524,0.5328512357387428,548,829.0,4619.4,5157.799999999999,4328.799999999999,3790.3999999999996,7000,True
54,PPO_Raw,2,BALANCED,0,4,0.25,0.7227476835250854,0.580468056676646,548,60.0,1101.8,1640.1999999999998,1580.1999999999998,1041.8,14000,True
54,PPO_Raw,3,BALANCED,0,4,0.25,0.5395848155021667,0.6495257617059764,548,136.0,3542.6,4081.0,3945.0,3406.6,9000,True
54,PPO_Raw,4,QUALITY_CRITICAL,2,12,0.75,0.15861397981643677,0.8631002365071009,1580,941.0,1640.1999999999998,3004.2,2063.2,699.1999999999998,2000,False
54,PPO_Raw,5,LATENCY_CRITICAL,0,4,0.25,0.9026509523391724,0.5255824767914326,548,736.0,6521.799999999999,7060.199999999999,6324.199999999999,5785.799999999999,2000,False
54,PPO_Raw,6,BALANCED,0,4,0.25,0.6540209054946899,0.6045872798088466,548,475.0,3004.2,3542.6,3067.6,2529.2,4000,True
54,PPO_Raw,7,LATENCY_CRITICAL,0,4,0.25,0.5905320644378662,0.628720427810693,548,56.0,563.4,1101.8,1045.8,507.4,2000,True
54,PPO_Raw,8,BALANCED,0,4,0.25,0.950737714767456,0.5126265783604887,548,25.0,25.0,563.4,538.4,0.0,8000,True
54,PPO_Raw,9,BALANCED,0,4,0.25,0.4898880422115326,0.6711913725514828,548,331.0,4081.0,4619.4,4288.4,3750.0,12000,True
54,PPO_Raw,10,LATENCY_CRITICAL,2,12,0.75,0.35421866178512573,0.7384331852891496,1580,574.0,5157.799999999999,6521.799999999999,5947.799999999999,4583.799999999999,5000,False
54,PPO_Orchestrated,1,BALANCED,1,8,0.5,0.5194377303123474,0.6581381915496018,1064,829.0,5157.799999999999,6108.999999999999,5279.999999999999,4328.799999999999,7000,True
54,PPO_Orchestrated,2,BALANCED,0,4,0.25,0.7227476835250854,0.580468056676646,548,60.0,1101.8,1640.1999999999998,1580.1999999999998,1041.8,14000,True
54,PPO_Orchestrated,3,BALANCED,0,4,0.25,0.5395848155021667,0.6495257617059764,548,136.0,2178.6,2717.0,2581.0,2042.6,9000,True
54,PPO_Orchestrated,4,QUALITY_CRITICAL,2,12,0.75,0.15861397981643677,0.8631002365071009,1580,941.0,3255.4,4619.4,3678.3999999999996,2314.4,2000,False
54,PPO_Orchestrated,5,LATENCY_CRITICAL,0,4,0.25,0.9026509523391724,0.5255824767914326,548,736.0,4619.4,5157.799999999999,4421.799999999999,3883.3999999999996,2000,False
54,PPO_Orchestrated,6,BALANCED,0,4,0.25,0.6540209054946899,0.6045872798088466,548,475.0,1640.1999999999998,2178.6,1703.6,1165.1999999999998,4000,True
54,PPO_Orchestrated,7,LATENCY_CRITICAL,0,4,0.25,0.5905320644378662,0.628720427810693,548,56.0,563.4,1101.8,1045.8,507.4,2000,True
54,PPO_Orchestrated,8,BALANCED,0,4,0.25,0.950737714767456,0.5126265783604887,548,25.0,25.0,563.4,538.4,0.0,8000,True
54,PPO_Orchestrated,9,BALANCED,0,4,0.25,0.4898880422115326,0.6711913725514828,548,331.0,2717.0,3255.4,2924.4,2386.0,12000,True
54,PPO_Orchestrated,10,LATENCY_CRITICAL,2,12,0.75,0.35421866178512573,0.7384331852891496,1580,574.0,6108.999999999999,7472.999999999999,6898.999999999999,5534.999999999999,5000,False
55,Fixed_25pct,1,BALANCED,0,4,0.25,0.8481481671333313,0.541082158770367,548,921.0,4511.2,5049.599999999999,4128.599999999999,3590.2,10000,True
55,Fixed_25pct,2,BANDWIDTH_EFFICIENT,0,4,0.25,0.6141602396965027,0.6195171801456476,548,204.0,204.0,742.4,538.4,0.0,6000,True
55,Fixed_25pct,3,BANDWIDTH_EFFICIENT,0,4,0.25,0.7629790902137756,0.5672217019197555,548,554.0,3434.4,3972.8,3418.8,2880.4,11000,True
55,Fixed_25pct,4,LATENCY_CRITICAL,0,4,0.25,1.2016806602478027,0.45419847576235167,548,216.0,1280.8,1819.1999999999998,1603.1999999999998,1064.8,10000,True
55,Fixed_25pct,5,BANDWIDTH_EFFICIENT,0,4,0.25,2.150639057159424,0.317395925670263,548,291.0,1819.1999999999998,2357.6,2066.6,1528.1999999999998,14000,True
55,Fixed_25pct,6,BANDWIDTH_EFFICIENT,0,4,0.25,1.044778823852539,0.48905044806553405,548,298.0,2357.6,2896.0,2598.0,2059.6,13000,True
55,Fixed_25pct,7,BALANCED,0,4,0.25,0.6623183488845825,0.6015694891841873,548,787.0,3972.8,4511.2,3724.2,3185.8,10000,True
55,Fixed_25pct,8,BALANCED,0,4,0.25,0.3492961823940277,0.7411271246804546,548,942.0,5049.599999999999,5587.999999999999,4645.999999999999,4107.599999999999,14000,True
55,Fixed_25pct,9,BANDWIDTH_EFFICIENT,0,4,0.25,1.3514399528503418,0.42527133163142494,548,212.0,742.4,1280.8,1068.8,530.4,12000,True
55,Fixed_25pct,10,BALANCED,0,4,0.25,0.5978078246116638,0.6258574933709835,548,534.0,2896.0,3434.4,2900.4,2362.0,9000,True
55,Fixed_50pct,1,BALANCED,1,8,0.5,0.3988240957260132,0.7148861697874765,1064,921.0,7813.5999999999985,8764.8,7843.799999999999,6892.5999999999985,10000,True
55,Fixed_50pct,2,BANDWIDTH_EFFICIENT,1,8,0.5,0.2532377243041992,0.797933209802795,1064,204.0,204.0,1155.1999999999998,951.1999999999998,0.0,6000,True
55,Fixed_50pct,3,BANDWIDTH_EFFICIENT,1,8,0.5,0.32085373997688293,0.7570860949506049,1064,554.0,4959.999999999999,5911.199999999999,5357.199999999999,4405.999999999999,11000,True
55,Fixed_50pct,4,LATENCY_CRITICAL,1,8,0.5,0.5669675469398499,0.6381753099819535,1064,216.0,3057.5999999999995,4008.7999999999993,3792.7999999999993,2841.5999999999995,10000,True
55,Fixed_50pct,5,BANDWIDTH_EFFICIENT,1,8,0.5,1.1633234024047852,0.4622517367899704,1064,291.0,4008.7999999999993,4959.999999999999,4668.999999999999,3717.7999999999993,14000,True
55,Fixed_50pct,6,BANDWIDTH_EFFICIENT,1,8,0.5,0.3333892226219177,0.7499685635928901,1064,298.0,6862.399999999999,7813.5999999999985,7515.5999999999985,6564.399999999999,13000,True
55,Fixed_50pct,7,BALANCED,1,8,0.5,0.3064197599887848,0.7654507614065671,1064,787.0,8764.8,9716.0,8929.0,7977.799999999999,10000,True
55,Fixed_50pct,8,BALANCED,1,8,0.5,0.16677947342395782,0.8570599867217947,1064,942.0,5911.199999999999,6862.399999999999,5920.399999999999,4969.199999999999,14000,True
55,Fixed_50pct,9,BANDWIDTH_EFFICIENT,1,8,0.5,0.7511524558067322,0.5710525069842155,1064,212.0,1155.1999999999998,2106.3999999999996,1894.3999999999996,943.1999999999998,12000,True
55,Fixed_50pct,10,BALANCED,1,8,0.5,0.2690739035606384,0.7879761747478234,1064,534.0,2106.3999999999996,3057.5999999999995,2523.5999999999995,1572.3999999999996,9000,True
55,Fixed_75pct,1,BALANCED,2,12,0.75,0.16679199039936066,0.8570507924533555,1580,921.0,7024.0,8388.0,7467.0,6103.0,10000,True
55,Fixed_75pct,2,BANDWIDTH_EFFICIENT,2,12,0.75,0.1607414335012436,0.8615183116050356,1580,204.0,204.0,1568.0,1364.0,0.0,6000,True
55,Fixed_75pct,3,BANDWIDTH_EFFICIENT,2,12,0.75,0.160146102309227,0.8619604013749111,1580,554.0,5660.0,7024.0,6470.0,5106.0,11000,True
55,Fixed_75pct,4,LATENCY_CRITICAL,2,12,0.75,0.2057427167892456,0.8293643296165911,1580,216.0,1568.0,2932.0,2716.0,1352.0,10000,True
55,Fixed_75pct,5,BANDWIDTH_EFFICIENT,2,12,0.75,0.6290197968482971,0.6138660818823218,1580,291.0,9752.0,11116.0,10825.0,9461.0,14000,True
55,Fixed_75pct,6,BANDWIDTH_EFFICIENT,2,12,0.75,0.16891276836395264,0.8554958308819157,1580,298.0,4296.0,5660.0,5362.0,3998.0,13000,True
55,Fixed_75pct,7,BALANCED,2,12,0.75,0.13965387642383575,0.8774593941960158,1580,787.0,8388.0,9752.0,8965.0,7601.0,10000,True
55,Fixed_75pct,8,BALANCED,2,12,0.75,0.0569208562374115,0.9461446371301186,1580,942.0,11116.0,12480.0,11538.0,10174.0,14000,True
55,Fixed_75pct,9,BANDWIDTH_EFFICIENT,2,12,0.75,0.4304753839969635,0.699068303577409,1580,212.0,12480.0,13844.0,13632.0,12268.0,12000,False
55,Fixed_75pct,10,BALANCED,2,12,0.75,0.1058998852968216,0.904240983560281,1580,534.0,2932.0,4296.0,3762.0,2398.0,9000,True
55,Fixed_100pct,1,BALANCED,3,16,1.0,0.11597954481840134,0.8960737718205452,2096,921.0,16195.199999999997,17971.999999999996,17050.999999999996,15274.199999999997,10000,False
55,Fixed_100pct,2,BANDWIDTH_EFFICIENT,3,16,1.0,0.10358669608831406,0.9061363312411438,2096,204.0,204.0,1980.8,1776.8,0.0,6000,True
55,Fixed_100pct,3,BANDWIDTH_EFFICIENT,3,16,1.0,0.0993388444185257,0.9096376472796528,2096,554.0,7311.2,9088.0,8534.0,6757.2,11000,True
55,Fixed_100pct,4,LATENCY_CRITICAL,3,16,1.0,0.10831185430288315,0.9022731247686507,2096,216.0,3757.6,5534.4,5318.4,3541.6,10000,True
55,Fixed_100pct,5,BANDWIDTH_EFFICIENT,3,16,1.0,0.4139236509799957,0.7072517666048632,2096,291.0,1980.8,3757.6,3466.6,1689.8,14000,True
55,Fixed_100pct,6,BANDWIDTH_EFFICIENT,3,16,1.0,0.09670398384332657,0.9118230759913593,2096,298.0,10864.8,12641.599999999999,12343.599999999999,10566.8,13000,True
55,Fixed_100pct,7,BALANCED,3,16,1.0,0.06110671907663345,0.9424122776926641,2096,787.0,14418.399999999998,16195.199999999997,15408.199999999997,13631.399999999998,10000,False
55,Fixed_100pct,8,BALANCED,3,16,1.0,0.05231306329369545,0.9502875473863664,2096,942.0,12641.599999999999,14418.399999999998,13476.399999999998,11699.599999999999,14000,True
55,Fixed_100pct,9,BANDWIDTH_EFFICIENT,3,16,1.0,0.14282816648483276,0.8750221855975507,2096,212.0,9088.0,10864.8,10652.8,8876.0,12000,True
55,Fixed_100pct,10,BALANCED,3,16,1.0,0.06507959961891174,0.9388969616522583,2096,534.0,5534.4,7311.2,6777.2,5000.4,9000,True
55,PPO_Raw,1,BALANCED,0,4,0.25,0.8481481671333313,0.541082158770367,548,921.0,4511.2,5049.599999999999,4128.599999999999,3590.2,10000,True
55,PPO_Raw,2,BANDWIDTH_EFFICIENT,0,4,0.25,0.6141602396965027,0.6195171801456476,548,204.0,204.0,742.4,538.4,0.0,6000,True
55,PPO_Raw,3,BANDWIDTH_EFFICIENT,0,4,0.25,0.7629790902137756,0.5672217019197555,548,554.0,3434.4,3972.8,3418.8,2880.4,11000,True
55,PPO_Raw,4,LATENCY_CRITICAL,0,4,0.25,1.2016806602478027,0.45419847576235167,548,216.0,1280.8,1819.1999999999998,1603.1999999999998,1064.8,10000,True
55,PPO_Raw,5,BANDWIDTH_EFFICIENT,0,4,0.25,2.150639057159424,0.317395925670263,548,291.0,1819.1999999999998,2357.6,2066.6,1528.1999999999998,14000,True
55,PPO_Raw,6,BANDWIDTH_EFFICIENT,0,4,0.25,1.044778823852539,0.48905044806553405,548,298.0,2357.6,2896.0,2598.0,2059.6,13000,True
55,PPO_Raw,7,BALANCED,0,4,0.25,0.6623183488845825,0.6015694891841873,548,787.0,3972.8,4511.2,3724.2,3185.8,10000,True
55,PPO_Raw,8,BALANCED,0,4,0.25,0.3492961823940277,0.7411271246804546,548,942.0,5049.599999999999,5587.999999999999,4645.999999999999,4107.599999999999,14000,True
55,PPO_Raw,9,BANDWIDTH_EFFICIENT,0,4,0.25,1.3514399528503418,0.42527133163142494,548,212.0,742.4,1280.8,1068.8,530.4,12000,True
55,PPO_Raw,10,BALANCED,0,4,0.25,0.5978078246116638,0.6258574933709835,548,534.0,2896.0,3434.4,2900.4,2362.0,9000,True
55,PPO_Orchestrated,1,BALANCED,0,4,0.25,0.8481481671333313,0.541082158770367,548,921.0,4924.0,5462.4,4541.4,4003.0,10000,True
55,PPO_Orchestrated,2,BANDWIDTH_EFFICIENT,0,4,0.25,0.6141602396965027,0.6195171801456476,548,204.0,204.0,742.4,538.4,0.0,6000,True
55,PPO_Orchestrated,3,BANDWIDTH_EFFICIENT,0,4,0.25,0.7629790902137756,0.5672217019197555,548,554.0,3847.2000000000003,4385.6,3831.6000000000004,3293.2000000000003,11000,True
55,PPO_Orchestrated,4,LATENCY_CRITICAL,1,8,0.5,0.5669675469398499,0.6381753099819535,1064,216.0,1280.8,2232.0,2016.0,1064.8,10000,True
55,PPO_Orchestrated,5,BANDWIDTH_EFFICIENT,0,4,0.25,2.150639057159424,0.317395925670263,548,291.0,2232.0,2770.4,2479.4,1941.0,14000,True
55,PPO_Orchestrated,6,BANDWIDTH_EFFICIENT,0,4,0.25,1.044778823852539,0.48905044806553405,548,298.0,2770.4,3308.8,3010.8,2472.4,13000,True
55,PPO_Orchestrated,7,BALANCED,0,4,0.25,0.6623183488845825,0.6015694891841873,548,787.0,4385.6,4924.0,4137.0,3598.6000000000004,10000,True
55,PPO_Orchestrated,8,BALANCED,0,4,0.25,0.3492961823940277,0.7411271246804546,548,942.0,5462.4,6000.799999999999,5058.799999999999,4520.4,14000,True
55,PPO_Orchestrated,9,BANDWIDTH_EFFICIENT,0,4,0.25,1.3514399528503418,0.42527133163142494,548,212.0,742.4,1280.8,1068.8,530.4,12000,True
55,PPO_Orchestrated,10,BALANCED,0,4,0.25,0.5978078246116638,0.6258574933709835,548,534.0,3308.8,3847.2000000000003,3313.2000000000003,2774.8,9000,True
56,Fixed_25pct,1,BALANCED,0,4,0.25,0.5746196508407593,0.6350739999123316,548,950.0,4496.2,5034.599999999999,4084.5999999999995,3546.2,12000,True
56,Fixed_25pct,2,BANDWIDTH_EFFICIENT,0,4,0.25,0.5786263346672058,0.6334621297261029,548,845.0,2881.0,3419.4,2574.4,2036.0,10000,True
56,Fixed_25pct,3,BALANCED,0,4,0.25,1.0083431005477905,0.49792288963337117,548,189.0,189.0,727.4,538.4,0.0,13000,True
56,Fixed_25pct,4,BANDWIDTH_EFFICIENT,0,4,0.25,0.7947471737861633,0.5571815432311948,548,838.0,5034.599999999999,5572.999999999999,4734.999999999999,4196.599999999999,4000,False
56,Fixed_25pct,5,BALANCED,0,4,0.25,0.8378711342811584,0.5441077893587611,548,219.0,727.4,1265.8,1046.8,508.4,15000,True
56,Fixed_25pct,6,BALANCED,0,4,0.25,1.2006311416625977,0.45441509077459047,548,285.0,2342.6,2881.0,2596.0,2057.6,7000,True
56,Fixed_25pct,7,BALANCED,0,4,0.25,0.5350905060768127,0.6514273888356404,548,232.0,1265.8,1804.1999999999998,1572.1999999999998,1033.8,5000,True
56,Fixed_25pct,8,BALANCED,0,4,0.25,0.6340336799621582,0.6119824898732555,548,233.0,1804.1999999999998,2342.6,2109.6,1571.1999999999998,5000,True
56,Fixed_25pct,9,BALANCED,0,4,0.25,1.3142238855361938,0.432110309745725,548,537.0,3419.4,3957.8,3420.8,2882.4,5000,True
56,Fixed_25pct,10,BALANCED,0,4,0.25,0.4580312669277191,0.6858563479966677,548,657.0,3957.8,4496.2,3839.2,3300.8,9000,True
56,Fixed_50pct,1,BALANCED,1,8,0.5,0.17201465368270874,0.8532316527423922,1064,950.0,7798.5999999999985,8749.8,7799.799999999999,6848.5999999999985,12000,True
56,Fixed_50pct,2,BANDWIDTH_EFFICIENT,1,8,0.5,0.23813284933567047,0.8076677721106887,1064,845.0,5896.199999999999,6847.399999999999,6002.399999999999,5051.199999999999,10000,True
56,Fixed_50pct,3,BALANCED,1,8,0.5,0.3419598639011383,0.745178769425305,1064,189.0,189.0,1140.1999999999998,951.1999999999998,0.0,13000,True
56,Fixed_50pct,4,BANDWIDTH_EFFICIENT,1,8,0.5,0.4455120265483856,0.6917963888462515,1064,838.0,6847.399999999999,7798.5999999999985,6960.5999999999985,6009.399999999999,4000,False
56,Fixed_50pct,5,BALANCED,1,8,0.5,0.4588674306869507,0.6854632429000903,1064,219.0,3993.7999999999993,4944.999999999999,4725.999999999999,3774.7999999999993,15000,True
56,Fixed_50pct,6,BALANCED,1,8,0.5,0.7081690430641174,0.5854221536565244,1064,285.0,1140.1999999999998,2091.3999999999996,1806.3999999999996,855.1999999999998,7000,True
56,Fixed_50pct,7,BALANCED,1,8,0.5,0.22580939531326294,0.8157875146196314,1064,232.0,8749.8,9701.0,9469.0,8517.8,5000,False
56,Fixed_50pct,8,BALANCED,1,8,0.5,0.3816327154636383,0.7237813557884862,1064,233.0,4944.999999999999,5896.199999999999,5663.199999999999,4711.999999999999,5000,False
56,Fixed_50pct,9,BALANCED,1,8,0.5,0.4388919174671173,0.6949792321860427,1064,537.0,2091.3999999999996,3042.5999999999995,2505.5999999999995,1554.3999999999996,5000,True
56,Fixed_50pct,10,BALANCED,1,8,0.5,0.13037218153476715,0.8846643754468959,1064,657.0,3042.5999999999995,3993.7999999999993,3336.7999999999993,2385.5999999999995,9000,True
56,Fixed_75pct,1,BALANCED,2,12,0.75,0.05267214775085449,0.9499633880658911,1580,950.0,1553.0,2917.0,1967.0,603.0,12000,True
56,Fixed_75pct,2,BANDWIDTH_EFFICIENT,2,12,0.75,0.07558248192071915,0.9297287905008011,1580,845.0,8373.0,9737.0,8892.0,7528.0,10000,True
56,Fixed_75pct,3,BALANCED,2,12,0.75,0.20382976531982422,0.8306822349872099,1580,189.0,189.0,1553.0,1364.0,0.0,13000,True
56,Fixed_75pct,4,BANDWIDTH_EFFICIENT,2,12,0.75,0.18242265284061432,0.8457212804555393,1580,838.0,12465.0,13829.0,12991.0,11627.0,4000,False
56,Fixed_75pct,5,BALANCED,2,12,0.75,0.29067736864089966,0.7747869640365765,1580,219.0,7009.0,8373.0,8154.0,6790.0,15000,True
56,Fixed_75pct,6,BALANCED,2,12,0.75,0.38375139236450195,0.7226731662334502,1580,285.0,5645.0,7009.0,6724.0,5360.0,7000,True
56,Fixed_75pct,7,BALANCED,2,12,0.75,0.0626625269651413,0.9410325240844812,1580,232.0,9737.0,11101.0,10869.0,9505.0,5000,False
56,Fixed_75pct,8,BALANCED,2,12,0.75,0.14924295246601105,0.8701380311745485,1580,233.0,2917.0,4281.0,4048.0,2684.0,5000,True
56,Fixed_75pct,9,BALANCED,2,12,0.75,0.1135166585445404,0.8980557159397002,1580,537.0,4281.0,5645.0,5108.0,3744.0,5000,False
56,Fixed_75pct,10,BALANCED,2,12,0.75,0.07131187617778778,0.9334349989358717,1580,657.0,11101.0,12465.0,11808.0,10444.0,9000,False
56,Fixed_100pct,1,BALANCED,3,16,1.0,0.041930776089429855,0.9597566584540249,2096,950.0,1965.8,3742.6,2792.6,1015.8,12000,True
56,Fixed_100pct,2,BANDWIDTH_EFFICIENT,3,16,1.0,0.02919541299343109,0.9716327797181725,2096,845.0,16180.199999999997,17956.999999999996,17111.999999999996,15335.199999999997,10000,False
56,Fixed_100pct,3,BALANCED,3,16,1.0,0.12363448739051819,0.8899691236091892,2096,189.0,189.0,1965.8,1776.8,0.0,13000,True
56,Fixed_100pct,4,BANDWIDTH_EFFICIENT,3,16,1.0,0.08028585463762283,0.925680916497278,2096,838.0,14403.399999999998,16180.199999999997,15342.199999999997,13565.399999999998,4000,False
56,Fixed_100pct,5,BALANCED,3,16,1.0,0.2185056358575821,0.8206773695356787,2096,219.0,5519.4,7296.2,7077.2,5300.4,15000,True
56,Fixed_100pct,6,BALANCED,3,16,1.0,0.23236286640167236,0.811449311938342,2096,285.0,9073.0,10849.8,10564.8,8788.0,7000,False
56,Fixed_100pct,7,BALANCED,3,16,1.0,0.03831987455487251,0.9630943454960831,2096,232.0,7296.2,9073.0,8841.0,7064.2,5000,False
56,Fixed_100pct,8,BALANCED,3,16,1.0,0.06788185983896255,0.9364331745000339,2096,233.0,3742.6,5519.4,5286.4,3509.6,5000,False
56,Fixed_100pct,9,BALANCED,3,16,1.0,0.09186433255672455,0.9158647005698833,2096,537.0,10849.8,12626.599999999999,12089.599999999999,10312.8,5000,False
56,Fixed_100pct,10,BALANCED,3,16,1.0,0.04655970633029938,0.9555116578168691,2096,657.0,12626.599999999999,14403.399999999998,13746.399999999998,11969.599999999999,9000,False
56,PPO_Raw,1,BALANCED,0,4,0.25,0.5746196508407593,0.6350739999123316,548,950.0,4496.2,5034.599999999999,4084.5999999999995,3546.2,12000,True
56,PPO_Raw,2,BANDWIDTH_EFFICIENT,0,4,0.25,0.5786263346672058,0.6334621297261029,548,845.0,2881.0,3419.4,2574.4,2036.0,10000,True
56,PPO_Raw,3,BALANCED,0,4,0.25,1.0083431005477905,0.49792288963337117,548,189.0,189.0,727.4,538.4,0.0,13000,True
56,PPO_Raw,4,BANDWIDTH_EFFICIENT,0,4,0.25,0.7947471737861633,0.5571815432311948,548,838.0,5034.599999999999,5572.999999999999,4734.999999999999,4196.599999999999,4000,False
56,PPO_Raw,5,BALANCED,0,4,0.25,0.8378711342811584,0.5441077893587611,548,219.0,727.4,1265.8,1046.8,508.4,15000,True
56,PPO_Raw,6,BALANCED,0,4,0.25,1.2006311416625977,0.45441509077459047,548,285.0,2342.6,2881.0,2596.0,2057.6,7000,True
56,PPO_Raw,7,BALANCED,0,4,0.25,0.5350905060768127,0.6514273888356404,548,232.0,1265.8,1804.1999999999998,1572.1999999999998,1033.8,5000,True
56,PPO_Raw,8,BALANCED,0,4,0.25,0.6340336799621582,0.6119824898732555,548,233.0,1804.1999999999998,2342.6,2109.6,1571.1999999999998,5000,True
56,PPO_Raw,9,BALANCED,0,4,0.25,1.3142238855361938,0.432110309745725,548,537.0,3419.4,3957.8,3420.8,2882.4,5000,True
56,PPO_Raw,10,BALANCED,0,4,0.25,0.4580312669277191,0.6858563479966677,548,657.0,3957.8,4496.2,3839.2,3300.8,9000,True
56,PPO_Orchestrated,1,BALANCED,0,4,0.25,0.5746196508407593,0.6350739999123316,548,950.0,4908.999999999999,5447.399999999999,4497.399999999999,3958.999999999999,12000,True
56,PPO_Orchestrated,2,BANDWIDTH_EFFICIENT,0,4,0.25,0.5786263346672058,0.6334621297261029,548,845.0,3293.7999999999997,3832.2,2987.2,2448.7999999999997,10000,True
56,PPO_Orchestrated,3,BALANCED,0,4,0.25,1.0083431005477905,0.49792288963337117,548,189.0,189.0,727.4,538.4,0.0,13000,True
56,PPO_Orchestrated,4,BANDWIDTH_EFFICIENT,0,4,0.25,0.7947471737861633,0.5571815432311948,548,838.0,5447.399999999999,5985.799999999998,5147.799999999998,4609.399999999999,4000,False
56,PPO_Orchestrated,5,BALANCED,0,4,0.25,0.8378711342811584,0.5441077893587611,548,219.0,727.4,1265.8,1046.8,508.4,15000,True
56,PPO_Orchestrated,6,BALANCED,0,4,0.25,1.2006311416625977,0.45441509077459047,548,285.0,3832.2,4370.599999999999,4085.5999999999995,3547.2,7000,True
56,PPO_Orchestrated,7,BALANCED,1,8,0.5,0.22580939531326294,0.8157875146196314,1064,232.0,1804.1999999999998,2755.3999999999996,2523.3999999999996,1572.1999999999998,5000,True
56,PPO_Orchestrated,8,BALANCED,0,4,0.25,0.6340336799621582,0.6119824898732555,548,233.0,2755.3999999999996,3293.7999999999997,3060.7999999999997,2522.3999999999996,5000,True
56,PPO_Orchestrated,9,BALANCED,0,4,0.25,1.3142238855361938,0.432110309745725,548,537.0,1265.8,1804.1999999999998,1267.1999999999998,728.8,5000,True
56,PPO_Orchestrated,10,BALANCED,0,4,0.25,0.4580312669277191,0.6858563479966677,548,657.0,4370.599999999999,4908.999999999999,4251.999999999999,3713.5999999999995,9000,True
57,Fixed_25pct,1,BALANCED,0,4,0.25,1.1562401056289673,0.46377024404167816,548,187.0,2162.6,2701.0,2514.0,1975.6,8000,True
57,Fixed_25pct,2,BALANCED,0,4,0.25,0.4827185273170471,0.6744368412320862,548,51.0,547.4,1085.8,1034.8,496.4,2000,True
57,Fixed_25pct,3,BALANCED,0,4,0.25,0.3413335978984833,0.745526691918205,548,729.0,2701.0,3239.4,2510.4,1972.0,6000,True
57,Fixed_25pct,4,BANDWIDTH_EFFICIENT,0,4,0.25,1.0484920740127563,0.48816395859473205,548,496.0,4316.2,4854.599999999999,4358.599999999999,3820.2,12000,True
57,Fixed_25pct,5,BALANCED,0,4,0.25,0.41364049911499023,0.7073934289701307,548,140.0,1624.1999999999998,2162.6,2022.6,1484.1999999999998,14000,True
57,Fixed_25pct,6,BANDWIDTH_EFFICIENT,0,4,0.25,0.38526830077171326,0.7218818184483932,548,9.0,9.0,547.4,538.4,0.0,8000,True
57,Fixed_25pct,7,BALANCED,0,4,0.25,0.6664766669273376,0.6000684077046261,548,834.0,3239.4,3777.8,2943.8,2405.4,3000,True
57,Fixed_25pct,8,BALANCED,0,4,0.25,0.3727700412273407,0.7284541255765886,548,707.0,4854.599999999999,5392.999999999999,4685.999999999999,4147.599999999999,2000,False
57,Fixed_25pct,9,BALANCED,0,4,0.25,0.5089583992958069,0.6627087933416024,548,363.0,3777.8,4316.2,3953.2,3414.8,7000,True
57,Fixed_25pct,10,BALANCED,0,4,0.25,0.573786199092865,0.6354103248436178,548,125.0,1085.8,1624.1999999999998,1499.1999999999998,960.8,11000,True
57,Fixed_50pct,1,BALANCED,1,8,0.5,0.6403558850288391,0.6096238073254567,1064,187.0,1911.3999999999999,2862.6,2675.6,1724.3999999999999,8000,True
57,Fixed_50pct,2,BALANCED,1,8,0.5,0.2790817618370056,0.781810850436808,1064,51.0,8569.8,9521.0,9470.0,8518.8,2000,False
57,Fixed_50pct,3,BALANCED,1,8,0.5,0.08766474574804306,0.9194009495198343,1064,729.0,4765.0,5716.2,4987.2,4036.0,6000,True
57,Fixed_50pct,4,BANDWIDTH_EFFICIENT,1,8,0.5,0.49938443303108215,0.6669403643056697,1064,496.0,3813.7999999999997,4765.0,4269.0,3317.7999999999997,12000,True
57,Fixed_50pct,5,BALANCED,1,8,0.5,0.2778698205947876,0.7825523256622083,1064,140.0,6667.4,7618.599999999999,7478.599999999999,6527.4,14000,True
57,Fixed_50pct,6,BANDWIDTH_EFFICIENT,1,8,0.5,0.13498930633068085,0.8810655698888572,1064,9.0,9.0,960.1999999999999,951.1999999999999,0.0,8000,True
57,Fixed_50pct,7,BALANCED,1,8,0.5,0.3925379812717438,0.7181132676085028,1064,834.0,2862.6,3813.7999999999997,2979.7999999999997,2028.6,3000,True
57,Fixed_50pct,8,BALANCED,1,8,0.5,0.11065109074115753,0.9003727708336215,1064,707.0,960.1999999999999,1911.3999999999999,1204.3999999999999,253.19999999999993,2000,True
57,Fixed_50pct,9,BALANCED,1,8,0.5,0.07600921392440796,0.9293600715116667,1064,363.0,7618.599999999999,8569.8,8206.8,7255.599999999999,7000,False
57,Fixed_50pct,10,BALANCED,1,8,0.5,0.31845659017562866,0.758462589858034,1064,125.0,5716.2,6667.4,6542.4,5591.2,11000,True
57,Fixed_75pct,1,BALANCED,2,12,0.75,0.3284914195537567,0.7527335030405408,1580,187.0,5465.0,6829.0,6642.0,5278.0,8000,True
57,Fixed_75pct,2,BALANCED,2,12,0.75,0.2031979113817215,0.8311184640036698,1580,51.0,4101.0,5465.0,5414.0,4050.0,2000,False
57,Fixed_75pct,3,BALANCED,2,12,0.75,0.04590835049748421,0.9561067176912318,1580,729.0,8193.0,9557.0,8828.0,7464.0,6000,False
57,Fixed_75pct,4,BANDWIDTH_EFFICIENT,2,12,0.75,0.3551129698753357,0.7379458556078874,1580,496.0,9557.0,10921.0,10425.0,9061.0,12000,True
57,Fixed_75pct,5,BALANCED,2,12,0.75,0.1347602754831314,0.8812433970463441,1580,140.0,2737.0,4101.0,3961.0,2597.0,14000,True
57,Fixed_75pct,6,BANDWIDTH_EFFICIENT,2,12,0.75,0.07101666182279587,0.9336922903683585,1580,9.0,9.0,1373.0,1364.0,0.0,8000,True
57,Fixed_75pct,7,BALANCED,2,12,0.75,0.19628076255321503,0.8359241670539831,1580,834.0,6829.0,8193.0,7359.0,5995.0,3000,False
57,Fixed_75pct,8,BALANCED,2,12,0.75,0.04077000916004181,0.9608270714939745,1580,707.0,12285.0,13649.0,12942.0,11578.0,2000,False
57,Fixed_75pct,9,BALANCED,2,12,0.75,0.037521351128816605,0.9638355865274545,1580,363.0,10921.0,12285.0,11922.0,10558.0,7000,False
57,Fixed_75pct,10,BALANCED,2,12,0.75,0.1417749524116516,0.8758293373731879,1580,125.0,1373.0,2737.0,2612.0,1248.0,11000,True
57,Fixed_100pct,1,BALANCED,3,16,1.0,0.10785777866840363,0.9026429377983481,2096,187.0,10669.8,12446.599999999999,12259.599999999999,10482.8,8000,False
57,Fixed_100pct,2,BALANCED,3,16,1.0,0.16619741916656494,0.8574877491279824,2096,51.0,5339.4,7116.2,7065.2,5288.4,2000,False
57,Fixed_100pct,3,BALANCED,3,16,1.0,0.027052557095885277,0.9736600070668442,2096,729.0,16000.199999999997,17776.999999999996,17047.999999999996,15271.199999999997,6000,False
57,Fixed_100pct,4,BANDWIDTH_EFFICIENT,3,16,1.0,0.2243887037038803,0.8167340951242973,2096,496.0,12446.599999999999,14223.399999999998,13727.399999999998,11950.599999999999,12000,False
57,Fixed_100pct,5,BALANCED,3,16,1.0,0.04729275777935982,0.9548428484508595,2096,140.0,8893.0,10669.8,10529.8,8753.0,14000,True
57,Fixed_100pct,6,BANDWIDTH_EFFICIENT,3,16,1.0,0.07021065801382065,0.9343954786022006,2096,9.0,9.0,1785.8,1776.8,0.0,8000,True
57,Fixed_100pct,7,BALANCED,3,16,1.0,0.10969013720750809,0.9011524627194227,2096,834.0,1785.8,3562.6,2728.6,951.8,3000,True
57,Fixed_100pct,8,BALANCED,3,16,1.0,0.028456037864089012,0.9723313036080892,2096,707.0,14223.399999999998,16000.199999999997,15293.199999999997,13516.399999999998,2000,False
57,Fixed_100pct,9,BALANCED,3,16,1.0,0.03014851175248623,0.9707338200186324,2096,363.0,7116.2,8893.0,8530.0,6753.2,7000,False
57,Fixed_100pct,10,BALANCED,3,16,1.0,0.09722398966550827,0.9113909369634297,2096,125.0,3562.6,5339.4,5214.4,3437.6,11000,True
57,PPO_Raw,1,BALANCED,0,4,0.25,1.1562401056289673,0.46377024404167816,548,187.0,2162.6,2701.0,2514.0,1975.6,8000,True
57,PPO_Raw,2,BALANCED,0,4,0.25,0.4827185273170471,0.6744368412320862,548,51.0,547.4,1085.8,1034.8,496.4,2000,True
57,PPO_Raw,3,BALANCED,0,4,0.25,0.3413335978984833,0.745526691918205,548,729.0,2701.0,3239.4,2510.4,1972.0,6000,True
57,PPO_Raw,4,BANDWIDTH_EFFICIENT,0,4,0.25,1.0484920740127563,0.48816395859473205,548,496.0,4316.2,4854.599999999999,4358.599999999999,3820.2,12000,True
57,PPO_Raw,5,BALANCED,0,4,0.25,0.41364049911499023,0.7073934289701307,548,140.0,1624.1999999999998,2162.6,2022.6,1484.1999999999998,14000,True
57,PPO_Raw,6,BANDWIDTH_EFFICIENT,0,4,0.25,0.38526830077171326,0.7218818184483932,548,9.0,9.0,547.4,538.4,0.0,8000,True
57,PPO_Raw,7,BALANCED,1,8,0.5,0.3925379812717438,0.7181132676085028,1064,834.0,4854.599999999999,5805.799999999999,4971.799999999999,4020.5999999999995,3000,False
57,PPO_Raw,8,BALANCED,0,4,0.25,0.3727700412273407,0.7284541255765886,548,707.0,3239.4,3777.8,3070.8,2532.4,2000,False
57,PPO_Raw,9,BALANCED,0,4,0.25,0.5089583992958069,0.6627087933416024,548,363.0,3777.8,4316.2,3953.2,3414.8,7000,True
57,PPO_Raw,10,BALANCED,0,4,0.25,0.573786199092865,0.6354103248436178,548,125.0,1085.8,1624.1999999999998,1499.1999999999998,960.8,11000,True
57,PPO_Orchestrated,1,BALANCED,0,4,0.25,1.1562401056289673,0.46377024404167816,548,187.0,2162.6,2701.0,2514.0,1975.6,8000,True
57,PPO_Orchestrated,2,BALANCED,0,4,0.25,0.4827185273170471,0.6744368412320862,548,51.0,547.4,1085.8,1034.8,496.4,2000,True
57,PPO_Orchestrated,3,BALANCED,0,4,0.25,0.3413335978984833,0.745526691918205,548,729.0,2701.0,3239.4,2510.4,1972.0,6000,True
57,PPO_Orchestrated,4,BANDWIDTH_EFFICIENT,0,4,0.25,1.0484920740127563,0.48816395859473205,548,496.0,4316.2,4854.599999999999,4358.599999999999,3820.2,12000,True
57,PPO_Orchestrated,5,BALANCED,0,4,0.25,0.41364049911499023,0.7073934289701307,548,140.0,1624.1999999999998,2162.6,2022.6,1484.1999999999998,14000,True
57,PPO_Orchestrated,6,BANDWIDTH_EFFICIENT,0,4,0.25,0.38526830077171326,0.7218818184483932,548,9.0,9.0,547.4,538.4,0.0,8000,True
57,PPO_Orchestrated,7,BALANCED,1,8,0.5,0.3925379812717438,0.7181132676085028,1064,834.0,4854.599999999999,5805.799999999999,4971.799999999999,4020.5999999999995,3000,False
57,PPO_Orchestrated,8,BALANCED,0,4,0.25,0.3727700412273407,0.7284541255765886,548,707.0,3239.4,3777.8,3070.8,2532.4,2000,False
57,PPO_Orchestrated,9,BALANCED,0,4,0.25,0.5089583992958069,0.6627087933416024,548,363.0,3777.8,4316.2,3953.2,3414.8,7000,True
57,PPO_Orchestrated,10,BALANCED,0,4,0.25,0.573786199092865,0.6354103248436178,548,125.0,1085.8,1624.1999999999998,1499.1999999999998,960.8,11000,True
58,Fixed_25pct,1,BANDWIDTH_EFFICIENT,0,4,0.25,1.302231788635254,0.4343611294642025,548,690.0,3327.4,3865.8,3175.8,2637.4,14000,True
58,Fixed_25pct,2,BALANCED,0,4,0.25,0.6532257199287415,0.6048780804372573,548,486.0,2789.0,3327.4,2841.4,2303.0,11000,True
58,Fixed_25pct,3,BANDWIDTH_EFFICIENT,0,4,0.25,1.0878883600234985,0.47895281143707574,548,458.0,2250.6,2789.0,2331.0,1792.6,15000,True
58,Fixed_25pct,4,BALANCED,0,4,0.25,0.38944581151008606,0.719711407034416,548,369.0,635.4,1173.8,804.8,266.4,6000,True
58,Fixed_25pct,5,QUALITY_CRITICAL,0,4,0.25,0.39508339762687683,0.7168030253252686,548,731.0,4942.599999999999,5480.999999999999,4749.999999999999,4211.599999999999,2000,False
58,Fixed_25pct,6,BALANCED,0,4,0.25,0.6967613101005554,0.5893580871081607,548,694.0,3865.8,4404.2,3710.2,3171.8,3000,False
58,Fixed_25pct,7,BALANCED,0,4,0.25,0.4730410873889923,0.6788676898161264,548,97.0,97.0,635.4,538.4,0.0,7000,True
58,Fixed_25pct,8,BALANCED,0,4,0.25,1.7636806964874268,0.36183630086897395,548,708.0,4404.2,4942.599999999999,4234.599999999999,3696.2,8000,True
58,Fixed_25pct,9,BALANCED,0,4,0.25,1.4571080207824707,0.4069825142166717,548,438.0,1712.1999999999998,2250.6,1812.6,1274.1999999999998,6000,True
58,Fixed_25pct,10,BALANCED,0,4,0.25,0.49344736337661743,0.6695917275176306,548,377.0,1173.8,1712.1999999999998,1335.1999999999998,796.8,4000,True
58,Fixed_50pct,1,BANDWIDTH_EFFICIENT,1,8,0.5,0.7502440214157104,0.5713489020754576,1064,690.0,5804.199999999999,6755.399999999999,6065.399999999999,5114.199999999999,14000,True
58,Fixed_50pct,2,BALANCED,1,8,0.5,0.41391894221305847,0.7072541219617621,1064,486.0,4852.999999999999,5804.199999999999,5318.199999999999,4366.999999999999,11000,True
58,Fixed_50pct,3,BANDWIDTH_EFFICIENT,1,8,0.5,0.38027864694595337,0.724491393250653,1064,458.0,7706.5999999999985,8657.8,8199.8,7248.5999999999985,15000,True
58,Fixed_50pct,4,BALANCED,1,8,0.5,0.1448691487312317,0.8734622651926827,1064,369.0,8657.8,9609.0,9240.0,8288.8,6000,False
58,Fixed_50pct,5,QUALITY_CRITICAL,1,8,0.5,0.22260098159313202,0.8179283470694847,1064,731.0,1999.3999999999996,2950.5999999999995,2219.5999999999995,1268.3999999999996,2000,False
58,Fixed_50pct,6,BALANCED,1,8,0.5,0.38807326555252075,0.7204230675835049,1064,694.0,3901.7999999999993,4852.999999999999,4158.999999999999,3207.7999999999993,3000,False
58,Fixed_50pct,7,BALANCED,1,8,0.5,0.15378497540950775,0.8667126209067461,1064,97.0,97.0,1048.1999999999998,951.1999999999998,0.0,7000,True
58,Fixed_50pct,8,BALANCED,1,8,0.5,0.8563615679740906,0.5386881614293133,1064,708.0,1048.1999999999998,1999.3999999999996,1291.3999999999996,340.1999999999998,8000,True
58,Fixed_50pct,9,BALANCED,1,8,0.5,0.9874364733695984,0.5031607366571825,1064,438.0,2950.5999999999995,3901.7999999999993,3463.7999999999993,2512.5999999999995,6000,True
58,Fixed_50pct,10,BALANCED,1,8,0.5,0.16937194764614105,0.8551599018711932,1064,377.0,6755.399999999999,7706.5999999999985,7329.5999999999985,6378.399999999999,4000,False
58,Fixed_75pct,1,BANDWIDTH_EFFICIENT,2,12,0.75,0.2846199870109558,0.7784403248518595,1580,690.0,8281.0,9645.0,8955.0,7591.0,14000,True
58,Fixed_75pct,2,BALANCED,2,12,0.75,0.2438565492630005,0.8039512278104027,1580,486.0,5553.0,6917.0,6431.0,5067.0,11000,True
58,Fixed_75pct,3,BANDWIDTH_EFFICIENT,2,12,0.75,0.06813990324735641,0.9362069490708121,1580,458.0,9645.0,11009.0,10551.0,9187.0,15000,True
58,Fixed_75pct,4,BALANCED,2,12,0.75,0.04858628660440445,0.9536649608858232,1580,369.0,4189.0,5553.0,5184.0,3820.0,6000,True
58,Fixed_75pct,5,QUALITY_CRITICAL,2,12,0.75,0.10713201016187668,0.9032346556882475,1580,731.0,6917.0,8281.0,7550.0,6186.0,2000,False
58,Fixed_75pct,6,BALANCED,2,12,0.75,0.2355605959892273,0.8093492162554518,1580,694.0,1461.0,2825.0,2131.0,767.0,3000,True
58,Fixed_75pct,7,BALANCED,2,12,0.75,0.0626213401556015,0.9410689981565477,1580,97.0,97.0,1461.0,1364.0,0.0,7000,True
58,Fixed_75pct,8,BALANCED,2,12,0.75,0.36553168296813965,0.7323154874198051,1580,708.0,12373.0,13737.0,13029.0,11665.0,8000,False
58,Fixed_75pct,9,BALANCED,2,12,0.75,0.637782633304596,0.6105816362103403,1580,438.0,2825.0,4189.0,3751.0,2387.0,6000,True
58,Fixed_75pct,10,BALANCED,2,12,0.75,0.045706186443567276,0.9562915596789062,1580,377.0,11009.0,12373.0,11996.0,10632.0,4000,False
58,Fixed_100pct,1,BANDWIDTH_EFFICIENT,3,16,1.0,0.17593428492546082,0.850387655857306,2096,690.0,10757.8,12534.599999999999,11844.599999999999,10067.8,14000,True
58,Fixed_100pct,2,BALANCED,3,16,1.0,0.10132397711277008,0.9079980285379776,2096,486.0,7204.2,8981.0,8495.0,6718.2,11000,True
58,Fixed_100pct,3,BANDWIDTH_EFFICIENT,3,16,1.0,0.043055493384599686,0.9587217615384112,2096,458.0,12534.599999999999,14311.399999999998,13853.399999999998,12076.599999999999,15000,True
58,Fixed_100pct,4,BALANCED,3,16,1.0,0.0419306717813015,0.9597567545356773,2096,369.0,3650.6,5427.4,5058.4,3281.6,6000,True
58,Fixed_100pct,5,QUALITY_CRITICAL,3,16,1.0,0.05841841176152229,0.9448059376968918,2096,731.0,1873.8,3650.6,2919.6,1142.8,2000,False
58,Fixed_100pct,6,BALANCED,3,16,1.0,0.1267516314983368,0.8875070353084074,2096,694.0,16088.199999999997,17864.999999999996,17170.999999999996,15394.199999999997,3000,False
58,Fixed_100pct,7,BALANCED,3,16,1.0,0.05004791542887688,0.9523374936576723,2096,97.0,97.0,1873.8,1776.8,0.0,7000,True
58,Fixed_100pct,8,BALANCED,3,16,1.0,0.17421530187129974,0.8516325740316449,2096,708.0,8981.0,10757.8,10049.8,8273.0,8000,False
58,Fixed_100pct,9,BALANCED,3,16,1.0,0.40205368399620056,0.7132394511098549,2096,438.0,14311.399999999998,16088.199999999997,15650.199999999997,13873.399999999998,6000,False
58,Fixed_100pct,10,BALANCED,3,16,1.0,0.028045548126101494,0.9727195471278269,2096,377.0,5427.4,7204.2,6827.2,5050.4,4000,False
58,PPO_Raw,1,BANDWIDTH_EFFICIENT,0,4,0.25,1.302231788635254,0.4343611294642025,548,690.0,3201.8,3740.2000000000003,3050.2000000000003,2511.8,14000,True
58,PPO_Raw,2,BALANCED,0,4,0.25,0.6532257199287415,0.6048780804372573,548,486.0,2663.4,3201.8,2715.8,2177.4,11000,True
58,PPO_Raw,3,BANDWIDTH_EFFICIENT,0,4,0.25,1.0878883600234985,0.47895281143707574,548,458.0,4817.0,5355.4,4897.4,4359.0,15000,True
58,PPO_Raw,4,BALANCED,1,8,0.5,0.1448691487312317,0.8734622651926827,1064,369.0,635.4,1586.6,1217.6,266.4,6000,True
58,PPO_Raw,5,QUALITY_CRITICAL,0,4,0.25,0.39508339762687683,0.7168030253252686,548,731.0,1586.6,2125.0,1394.0,855.5999999999999,2000,True
58,PPO_Raw,6,BALANCED,0,4,0.25,0.6967613101005554,0.5893580871081607,548,694.0,3740.2000000000003,4278.6,3584.6000000000004,3046.2000000000003,3000,False
58,PPO_Raw,7,BALANCED,0,4,0.25,0.4730410873889923,0.6788676898161264,548,97.0,97.0,635.4,538.4,0.0,7000,True
58,PPO_Raw,8,BALANCED,0,4,0.25,1.7636806964874268,0.36183630086897395,548,708.0,2125.0,2663.4,1955.4,1417.0,8000,True
58,PPO_Raw,9,BALANCED,0,4,0.25,1.4571080207824707,0.4069825142166717,548,438.0,4278.6,4817.0,4379.0,3840.6000000000004,6000,True
58,PPO_Raw,10,BALANCED,2,12,0.75,0.045706186443567276,0.9562915596789062,1580,377.0,5355.4,6719.4,6342.4,4978.4,4000,False
58,PPO_Orchestrated,1,BANDWIDTH_EFFICIENT,0,4,0.25,1.302231788635254,0.4343611294642025,548,690.0,4440.2,4978.599999999999,4288.599999999999,3750.2,14000,True
58,PPO_Orchestrated,2,BALANCED,0,4,0.25,0.6532257199287415,0.6048780804372573,548,486.0,3901.7999999999997,4440.2,3954.2,3415.7999999999997,11000,True
58,PPO_Orchestrated,3,BANDWIDTH_EFFICIENT,0,4,0.25,1.0878883600234985,0.47895281143707574,548,458.0,6055.399999999999,6593.799999999998,6135.799999999998,5597.399999999999,15000,True
58,PPO_Orchestrated,4,BALANCED,1,8,0.5,0.1448691487312317,0.8734622651926827,1064,369.0,635.4,1586.6,1217.6,266.4,6000,True
58,PPO_Orchestrated,5,QUALITY_CRITICAL,2,12,0.75,0.10713201016187668,0.9032346556882475,1580,731.0,1586.6,2950.6,2219.6,855.5999999999999,2000,False
58,PPO_Orchestrated,6,BALANCED,0,4,0.25,0.6967613101005554,0.5893580871081607,548,694.0,4978.599999999999,5516.999999999999,4822.999999999999,4284.599999999999,3000,False
58,PPO_Orchestrated,7,BALANCED,0,4,0.25,0.4730410873889923,0.6788676898161264,548,97.0,97.0,635.4,538.4,0.0,7000,True
58,PPO_Orchestrated,8,BALANCED,1,8,0.5,0.8563615679740906,0.5386881614293133,1064,708.0,2950.6,3901.7999999999997,3193.7999999999997,2242.6,8000,True
58,PPO_Orchestrated,9,BALANCED,0,4,0.25,1.4571080207824707,0.4069825142166717,548,438.0,5516.999999999999,6055.399999999999,5617.399999999999,5078.999999999999,6000,True
58,PPO_Orchestrated,10,BALANCED,2,12,0.75,0.045706186443567276,0.9562915596789062,1580,377.0,6593.799999999998,7957.799999999998,7580.799999999998,6216.799999999998,4000,False
59,Fixed_25pct,1,BALANCED,0,4,0.25,0.9449551105499268,0.5141506837745241,548,785.0,3790.8,4329.2,3544.2,3005.8,4000,True
59,Fixed_25pct,2,BANDWIDTH_EFFICIENT,0,4,0.25,1.0322251319885254,0.4920714660297028,548,755.0,3252.4,3790.8,3035.8,2497.4,12000,True
59,Fixed_25pct,3,BALANCED,0,4,0.25,0.6120724678039551,0.6203195079451047,548,747.0,2714.0,3252.4,2505.4,1967.0,13000,True
59,Fixed_25pct,4,QUALITY_CRITICAL,0,4,0.25,0.8508181571960449,0.5403015937097686,548,323.0,1098.8,1637.1999999999998,1314.1999999999998,775.8,13000,True
59,Fixed_25pct,5,BALANCED,0,4,0.25,0.8781318664550781,0.5324439768371921,548,509.0,1637.1999999999998,2175.6,1666.6,1128.1999999999998,6000,True
59,Fixed_25pct,6,BALANCED,0,4,0.25,0.9833259582519531,0.5042035555675233,548,22.0,22.0,560.4,538.4,0.0,8000,True
59,Fixed_25pct,7,BALANCED,0,4,0.25,1.2606929540634155,0.4423422465233855,548,606.0,2175.6,2714.0,2108.0,1569.6,15000,True
59,Fixed_25pct,8,BALANCED,0,4,0.25,2.0770766735076904,0.32498377717057586,548,925.0,4329.2,4867.599999999999,3942.5999999999995,3404.2,5000,True
59,Fixed_25pct,9,BALANCED,0,4,0.25,0.9882509112358093,0.5029546292919559,548,27.0,560.4,1098.8,1071.8,533.4,2000,True
59,Fixed_25pct,10,BALANCED,0,4,0.25,0.6961323618888855,0.5895766288465585,548,965.0,4867.599999999999,5405.999999999999,4440.999999999999,3902.5999999999995,15000,True
59,Fixed_50pct,1,BALANCED,1,8,0.5,0.5511367321014404,0.6446884915459552,1064,785.0,5729.2,6680.4,5895.4,4944.2,4000,False
59,Fixed_50pct,2,BANDWIDTH_EFFICIENT,1,8,0.5,0.4799230396747589,0.6757108127864331,1064,755.0,8582.8,9534.0,8779.0,7827.799999999999,12000,True
59,Fixed_50pct,3,BALANCED,1,8,0.5,0.35351794958114624,0.7388154699458959,1064,747.0,6680.4,7631.599999999999,6884.599999999999,5933.4,13000,True
59,Fixed_50pct,4,QUALITY_CRITICAL,1,8,0.5,0.27230367064476013,0.7859758822304066,1064,323.0,4778.0,5729.2,5406.2,4455.0,13000,True
59,Fixed_50pct,5,BALANCED,1,8,0.5,0.21115119755268097,0.8256607449347821,1064,509.0,3826.7999999999997,4778.0,4269.0,3317.7999999999997,6000,True
59,Fixed_50pct,6,BALANCED,1,8,0.5,0.42819690704345703,0.7001835636726891,1064,22.0,22.0,973.1999999999999,951.1999999999999,0.0,8000,True
59,Fixed_50pct,7,BALANCED,1,8,0.5,0.6030207872390747,0.6238222286077316,1064,606.0,7631.599999999999,8582.8,7976.799999999999,7025.599999999999,15000,True
59,Fixed_50pct,8,BALANCED,1,8,0.5,1.2844324111938477,0.4377454964742855,1064,925.0,973.1999999999999,1924.3999999999999,999.3999999999999,48.19999999999993,5000,True
59,Fixed_50pct,9,BALANCED,1,8,0.5,0.4280586242675781,0.7002513643393873,1064,27.0,1924.3999999999999,2875.6,2848.6,1897.3999999999999,2000,False
59,Fixed_50pct,10,BALANCED,1,8,0.5,0.2958780527114868,0.7716775493709508,1064,965.0,2875.6,3826.7999999999997,2861.7999999999997,1910.6,15000,True
59,Fixed_75pct,1,BALANCED,2,12,0.75,0.2747385501861572,0.7844745888119289,1580,785.0,12298.0,13662.0,12877.0,11513.0,4000,False
59,Fixed_75pct,2,BANDWIDTH_EFFICIENT,2,12,0.75,0.28183409571647644,0.7801321585544607,1580,755.0,5478.0,6842.0,6087.0,4723.0,12000,True
59,Fixed_75pct,3,BALANCED,2,12,0.75,0.2283947914838791,0.8140705308527219,1580,747.0,4114.0,5478.0,4731.0,3367.0,13000,True
59,Fixed_75pct,4,QUALITY_CRITICAL,2,12,0.75,0.1428309977054596,0.8750200178397057,1580,323.0,1386.0,2750.0,2427.0,1063.0,13000,True
59,Fixed_75pct,5,BALANCED,2,12,0.75,0.10347210615873337,0.9062304288606557,1580,509.0,2750.0,4114.0,3605.0,2241.0,6000,True
59,Fixed_75pct,6,BALANCED,2,12,0.75,0.24675309658050537,0.802083429945127,1580,22.0,22.0,1386.0,1364.0,0.0,8000,True
59,Fixed_75pct,7,BALANCED,2,12,0.75,0.25918370485305786,0.7941652962517461,1580,606.0,8206.0,9570.0,8964.0,7600.0,15000,True
59,Fixed_75pct,8,BALANCED,2,12,0.75,0.791466236114502,0.5582019799429169,1580,925.0,9570.0,10934.0,10009.0,8645.0,5000,False
59,Fixed_75pct,9,BALANCED,2,12,0.75,0.274612158536911,0.784552377993844,1580,27.0,10934.0,12298.0,12271.0,10907.0,2000,False
59,Fixed_75pct,10,BALANCED,2,12,0.75,0.16205549240112305,0.8605441018429574,1580,965.0,6842.0,8206.0,7241.0,5877.0,15000,True
59,Fixed_100pct,1,BALANCED,3,16,1.0,0.16106446087360382,0.8612786229350123,2096,785.0,14236.399999999998,16013.199999999997,15228.199999999997,13451.399999999998,4000,False
59,Fixed_100pct,2,BANDWIDTH_EFFICIENT,3,16,1.0,0.09235307574272156,0.9154549222283939,2096,755.0,10682.8,12459.599999999999,11704.599999999999,9927.8,12000,True
59,Fixed_100pct,3,BALANCED,3,16,1.0,0.12813323736190796,0.8864201203205907,2096,747.0,5352.4,7129.2,6382.2,4605.4,13000,True
59,Fixed_100pct,4,QUALITY_CRITICAL,3,16,1.0,0.07209984213113785,0.9327489480944082,2096,323.0,3575.6,5352.4,5029.4,3252.6,13000,True
59,Fixed_100pct,5,BALANCED,3,16,1.0,0.04387078806757927,0.9579729708225736,2096,509.0,1798.8,3575.6,3066.6,1289.8,6000,True
59,Fixed_100pct,6,BALANCED,3,16,1.0,0.13375426828861237,0.8820253453241568,2096,22.0,22.0,1798.8,1776.8,0.0,8000,True
59,Fixed_100pct,7,BALANCED,3,16,1.0,0.1546163260936737,0.8660885676051581,2096,606.0,8906.0,10682.8,10076.8,8300.0,15000,True
59,Fixed_100pct,8,BALANCED,3,16,1.0,0.4036734700202942,0.7124163997952758,2096,925.0,16013.199999999997,17789.999999999996,16864.999999999996,15088.199999999997,5000,False
59,Fixed_100pct,9,BALANCED,3,16,1.0,0.1405736654996872,0.8767517874980029,2096,27.0,7129.2,8906.0,8879.0,7102.2,2000,False
59,Fixed_100pct,10,BALANCED,3,16,1.0,0.04452108219265938,0.9573765595049545,2096,965.0,12459.599999999999,14236.399999999998,13271.399999999998,11494.599999999999,15000,True
59,PPO_Raw,1,BALANCED,0,4,0.25,0.9449551105499268,0.5141506837745241,548,785.0,3790.8,4329.2,3544.2,3005.8,4000,True
59,PPO_Raw,2,BANDWIDTH_EFFICIENT,0,4,0.25,1.0322251319885254,0.4920714660297028,548,755.0,3252.4,3790.8,3035.8,2497.4,12000,True
59,PPO_Raw,3,BALANCED,0,4,0.25,0.6120724678039551,0.6203195079451047,548,747.0,2714.0,3252.4,2505.4,1967.0,13000,True
59,PPO_Raw,4,QUALITY_CRITICAL,0,4,0.25,0.8508181571960449,0.5403015937097686,548,323.0,1098.8,1637.1999999999998,1314.1999999999998,775.8,13000,True
59,PPO_Raw,5,BALANCED,0,4,0.25,0.8781318664550781,0.5324439768371921,548,509.0,1637.1999999999998,2175.6,1666.6,1128.1999999999998,6000,True
59,PPO_Raw,6,BALANCED,0,4,0.25,0.9833259582519531,0.5042035555675233,548,22.0,22.0,560.4,538.4,0.0,8000,True
59,PPO_Raw,7,BALANCED,0,4,0.25,1.2606929540634155,0.4423422465233855,548,606.0,2175.6,2714.0,2108.0,1569.6,15000,True
59,PPO_Raw,8,BALANCED,0,4,0.25,2.0770766735076904,0.32498377717057586,548,925.0,4329.2,4867.599999999999,3942.5999999999995,3404.2,5000,True
59,PPO_Raw,9,BALANCED,0,4,0.25,0.9882509112358093,0.5029546292919559,548,27.0,560.4,1098.8,1071.8,533.4,2000,True
59,PPO_Raw,10,BALANCED,0,4,0.25,0.6961323618888855,0.5895766288465585,548,965.0,4867.599999999999,5405.999999999999,4440.999999999999,3902.5999999999995,15000,True
59,PPO_Orchestrated,1,BALANCED,0,4,0.25,0.9449551105499268,0.5141506837745241,548,785.0,4616.400000000001,5154.8,4369.8,3831.4000000000005,4000,False
59,PPO_Orchestrated,2,BANDWIDTH_EFFICIENT,0,4,0.25,1.0322251319885254,0.4920714660297028,548,755.0,4078.0000000000005,4616.400000000001,3861.4000000000005,3323.0000000000005,12000,True
59,PPO_Orchestrated,3,BALANCED,0,4,0.25,0.6120724678039551,0.6203195079451047,548,747.0,3539.6000000000004,4078.0000000000005,3331.0000000000005,2792.6000000000004,13000,True
59,PPO_Orchestrated,4,QUALITY_CRITICAL,2,12,0.75,0.1428309977054596,0.8750200178397057,1580,323.0,1098.8,2462.8,2139.8,775.8,13000,True
59,PPO_Orchestrated,5,BALANCED,0,4,0.25,0.8781318664550781,0.5324439768371921,548,509.0,2462.8,3001.2000000000003,2492.2000000000003,1953.8000000000002,6000,True
59,PPO_Orchestrated,6,BALANCED,0,4,0.25,0.9833259582519531,0.5042035555675233,548,22.0,22.0,560.4,538.4,0.0,8000,True
59,PPO_Orchestrated,7,BALANCED,0,4,0.25,1.2606929540634155,0.4423422465233855,548,606.0,3001.2000000000003,3539.6000000000004,2933.6000000000004,2395.2000000000003,15000,True
59,PPO_Orchestrated,8,BALANCED,0,4,0.25,2.0770766735076904,0.32498377717057586,548,925.0,5154.8,5693.2,4768.2,4229.8,5000,True
59,PPO_Orchestrated,9,BALANCED,0,4,0.25,0.9882509112358093,0.5029546292919559,548,27.0,560.4,1098.8,1071.8,533.4,2000,True
59,PPO_Orchestrated,10,BALANCED,0,4,0.25,0.6961323618888855,0.5895766288465585,548,965.0,5693.2,6231.599999999999,5266.599999999999,4728.2,15000,True
60,Fixed_25pct,1,LATENCY_CRITICAL,0,4,0.25,0.4386218190193176,0.6951097131848604,548,909.0,4321.2,4859.599999999999,3950.5999999999995,3412.2,8000,True
60,Fixed_25pct,2,BALANCED,0,4,0.25,1.3888094425201416,0.41861857300137845,548,649.0,2706.0,3244.4,2595.4,2057.0,3000,True
60,Fixed_25pct,3,QUALITY_CRITICAL,0,4,0.25,0.6353365182876587,0.6114949362514622,548,705.0,3782.8,4321.2,3616.2,3077.8,14000,True
60,Fixed_25pct,4,BALANCED,0,4,0.25,0.2619667947292328,0.7924138766381407,548,14.0,14.0,552.4,538.4,0.0,12000,True
60,Fixed_25pct,5,BANDWIDTH_EFFICIENT,0,4,0.25,0.8557993173599243,0.5388513675188804,548,52.0,1090.8,1629.1999999999998,1577.1999999999998,1038.8,3000,True
60,Fixed_25pct,6,BALANCED,0,4,0.25,0.6841529607772827,0.5937702947946442,548,20.0,552.4,1090.8,1070.8,532.4,12000,True
60,Fixed_25pct,7,BANDWIDTH_EFFICIENT,0,4,0.25,0.5502889752388,0.6450410316863436,548,679.0,3244.4,3782.8,3103.8,2565.4,15000,True
60,Fixed_25pct,8,BALANCED,0,4,0.25,0.6340380311012268,0.6119808602778176,548,945.0,4859.599999999999,5397.999999999999,4452.999999999999,3914.5999999999995,8000,True
60,Fixed_25pct,9,BANDWIDTH_EFFICIENT,0,4,0.25,0.3783704936504364,0.7254943461185309,548,567.0,1629.1999999999998,2167.6,1600.6,1062.1999999999998,14000,True
60,Fixed_25pct,10,BANDWIDTH_EFFICIENT,0,4,0.25,0.8318191170692444,0.5459054284791587,548,646.0,2167.6,2706.0,2060.0,1521.6,7000,True
60,Fixed_50pct,1,LATENCY_CRITICAL,1,8,0.5,0.23195604979991913,0.8117172687795227,1064,909.0,8574.8,9526.0,8617.0,7665.799999999999,8000,False
60,Fixed_50pct,2,BALANCED,1,8,0.5,0.8957544565200806,0.527494474065823,1064,649.0,1916.3999999999999,2867.6,2218.6,1267.3999999999999,3000,True
60,Fixed_50pct,3,QUALITY_CRITICAL,1,8,0.5,0.4084485173225403,0.7100011024194192,1064,705.0,7623.599999999999,8574.8,7869.799999999999,6918.599999999999,14000,True
60,Fixed_50pct,4,BALANCED,1,8,0.5,0.13698284327983856,0.8795207473098837,1064,14.0,14.0,965.1999999999999,951.1999999999999,0.0,12000,True
60,Fixed_50pct,5,BANDWIDTH_EFFICIENT,1,8,0.5,0.39417776465415955,0.7172686477667792,1064,52.0,2867.6,3818.7999999999997,3766.7999999999997,2815.6,3000,False
60,Fixed_50pct,6,BALANCED,1,8,0.5,0.32929345965385437,0.7522793351141577,1064,20.0,965.1999999999999,1916.3999999999999,1896.3999999999999,945.1999999999999,12000,True
60,Fixed_50pct,7,BANDWIDTH_EFFICIENT,1,8,0.5,0.26803675293922424,0.7886206749781243,1064,679.0,6672.4,7623.599999999999,6944.599999999999,5993.4,15000,True
60,Fixed_50pct,8,BALANCED,1,8,0.5,0.3844512104988098,0.7223078664070117,1064,945.0,5721.2,6672.4,5727.4,4776.2,8000,True
60,Fixed_50pct,9,BANDWIDTH_EFFICIENT,1,8,0.5,0.233960822224617,0.8103985004946702,1064,567.0,4770.0,5721.2,5154.2,4203.0,14000,True
60,Fixed_50pct,10,BANDWIDTH_EFFICIENT,1,8,0.5,0.3853910267353058,0.7218178699745982,1064,646.0,3818.7999999999997,4770.0,4124.0,3172.7999999999997,7000,True
60,Fixed_75pct,1,LATENCY_CRITICAL,2,12,0.75,0.09305848181247711,0.9148641327423119,1580,909.0,12290.0,13654.0,12745.0,11381.0,8000,False
60,Fixed_75pct,2,BALANCED,2,12,0.75,0.3257238566875458,0.75430489913533,1580,649.0,4106.0,5470.0,4821.0,3457.0,3000,False
60,Fixed_75pct,3,QUALITY_CRITICAL,2,12,0.75,0.20529304444789886,0.8296737499701277,1580,705.0,9562.0,10926.0,10221.0,8857.0,14000,True
60,Fixed_75pct,4,BALANCED,2,12,0.75,0.06908828020095825,0.9353764497465339,1580,14.0,14.0,1378.0,1364.0,0.0,12000,True
60,Fixed_75pct,5,BANDWIDTH_EFFICIENT,2,12,0.75,0.18023750185966492,0.8472870913052075,1580,52.0,2742.0,4106.0,4054.0,2690.0,3000,False
60,Fixed_75pct,6,BALANCED,2,12,0.75,0.1689220815896988,0.8554890148366692,1580,20.0,5470.0,6834.0,6814.0,5450.0,12000,True
60,Fixed_75pct,7,BANDWIDTH_EFFICIENT,2,12,0.75,0.1333465874195099,0.8823426223719228,1580,679.0,8198.0,9562.0,8883.0,7519.0,15000,True
60,Fixed_75pct,8,BALANCED,2,12,0.75,0.23567059636116028,0.8092771673493162,1580,945.0,6834.0,8198.0,7253.0,5889.0,8000,True
60,Fixed_75pct,9,BANDWIDTH_EFFICIENT,2,12,0.75,0.17505094408988953,0.8510269320914665,1580,567.0,1378.0,2742.0,2175.0,811.0,14000,True
60,Fixed_75pct,10,BANDWIDTH_EFFICIENT,2,12,0.75,0.26100268959999084,0.7930197201381189,1580,646.0,10926.0,12290.0,11644.0,10280.0,7000,False
60,Fixed_100pct,1,LATENCY_CRITICAL,3,16,1.0,0.06697449833154678,0.9372295228833712,2096,909.0,16005.199999999997,17781.999999999996,16872.999999999996,15096.199999999997,8000,False
60,Fixed_100pct,2,BALANCED,3,16,1.0,0.15656223893165588,0.8646313759333211,2096,649.0,14228.399999999998,16005.199999999997,15356.199999999997,13579.399999999998,3000,False
60,Fixed_100pct,3,QUALITY_CRITICAL,3,16,1.0,0.07875029742717743,0.9269985856643589,2096,705.0,12451.599999999999,14228.399999999998,13523.399999999998,11746.599999999999,14000,True
60,Fixed_100pct,4,BALANCED,3,16,1.0,0.03810970112681389,0.9632893314786984,2096,14.0,14.0,1790.8,1776.8,0.0,12000,True
60,Fixed_100pct,5,BANDWIDTH_EFFICIENT,3,16,1.0,0.08242536336183548,0.9238512269281682,2096,52.0,7121.2,8898.0,8846.0,7069.2,3000,False
60,Fixed_100pct,6,BALANCED,3,16,1.0,0.03903822600841522,0.9624284987489007,2096,20.0,5344.4,7121.2,7101.2,5324.4,12000,True
60,Fixed_100pct,7,BANDWIDTH_EFFICIENT,3,16,1.0,0.08973785489797592,0.9176518880255129,2096,679.0,10674.8,12451.599999999999,11772.599999999999,9995.8,15000,True
60,Fixed_100pct,8,BALANCED,3,16,1.0,0.11291787773370743,0.8985388949239921,2096,945.0,8898.0,10674.8,9729.8,7953.0,8000,False
60,Fixed_100pct,9,BANDWIDTH_EFFICIENT,3,16,1.0,0.14925818145275116,0.8701265008493764,2096,567.0,1790.8,3567.6,3000.6,1223.8,14000,True
60,Fixed_100pct,10,BANDWIDTH_EFFICIENT,3,16,1.0,0.16345782577991486,0.8595068749738805,2096,646.0,3567.6,5344.4,4698.4,2921.6,7000,True
60,PPO_Raw,1,LATENCY_CRITICAL,1,8,0.5,0.23195604979991913,0.8117172687795227,1064,909.0,4321.2,5272.4,4363.4,3412.2,8000,True
60,PPO_Raw,2,BALANCED,0,4,0.25,1.3888094425201416,0.41861857300137845,548,649.0,2706.0,3244.4,2595.4,2057.0,3000,True
60,PPO_Raw,3,QUALITY_CRITICAL,0,4,0.25,0.6353365182876587,0.6114949362514622,548,705.0,3782.8,4321.2,3616.2,3077.8,14000,True
60,PPO_Raw,4,BALANCED,0,4,0.25,0.2619667947292328,0.7924138766381407,548,14.0,14.0,552.4,538.4,0.0,12000,True
60,PPO_Raw,5,BANDWIDTH_EFFICIENT,0,4,0.25,0.8557993173599243,0.5388513675188804,548,52.0,1090.8,1629.1999999999998,1577.1999999999998,1038.8,3000,True
60,PPO_Raw,6,BALANCED,0,4,0.25,0.6841529607772827,0.5937702947946442,548,20.0,552.4,1090.8,1070.8,532.4,12000,True
60,PPO_Raw,7,BANDWIDTH_EFFICIENT,0,4,0.25,0.5502889752388,0.6450410316863436,548,679.0,3244.4,3782.8,3103.8,2565.4,15000,True
60,PPO_Raw,8,BALANCED,0,4,0.25,0.6340380311012268,0.6119808602778176,548,945.0,5272.4,5810.799999999999,4865.799999999999,4327.4,8000,True
60,PPO_Raw,9,BANDWIDTH_EFFICIENT,0,4,0.25,0.3783704936504364,0.7254943461185309,548,567.0,1629.1999999999998,2167.6,1600.6,1062.1999999999998,14000,True
60,PPO_Raw,10,BANDWIDTH_EFFICIENT,0,4,0.25,0.8318191170692444,0.5459054284791587,548,646.0,2167.6,2706.0,2060.0,1521.6,7000,True
60,PPO_Orchestrated,1,LATENCY_CRITICAL,1,8,0.5,0.23195604979991913,0.8117172687795227,1064,909.0,3782.8,4734.0,3825.0,2873.8,8000,True
60,PPO_Orchestrated,2,BALANCED,0,4,0.25,1.3888094425201416,0.41861857300137845,548,649.0,2706.0,3244.4,2595.4,2057.0,3000,True
60,PPO_Orchestrated,3,QUALITY_CRITICAL,2,12,0.75,0.20529304444789886,0.8296737499701277,1580,705.0,5272.4,6636.4,5931.4,4567.4,14000,True
60,PPO_Orchestrated,4,BALANCED,0,4,0.25,0.2619667947292328,0.7924138766381407,548,14.0,14.0,552.4,538.4,0.0,12000,True
60,PPO_Orchestrated,5,BANDWIDTH_EFFICIENT,0,4,0.25,0.8557993173599243,0.5388513675188804,548,52.0,1090.8,1629.1999999999998,1577.1999999999998,1038.8,3000,True
60,PPO_Orchestrated,6,BALANCED,0,4,0.25,0.6841529607772827,0.5937702947946442,548,20.0,552.4,1090.8,1070.8,532.4,12000,True
60,PPO_Orchestrated,7,BANDWIDTH_EFFICIENT,0,4,0.25,0.5502889752388,0.6450410316863436,548,679.0,3244.4,3782.8,3103.8,2565.4,15000,True
60,PPO_Orchestrated,8,BALANCED,0,4,0.25,0.6340380311012268,0.6119808602778176,548,945.0,4734.0,5272.4,4327.4,3789.0,8000,True
60,PPO_Orchestrated,9,BANDWIDTH_EFFICIENT,0,4,0.25,0.3783704936504364,0.7254943461185309,548,567.0,1629.1999999999998,2167.6,1600.6,1062.1999999999998,14000,True
60,PPO_Orchestrated,10,BANDWIDTH_EFFICIENT,0,4,0.25,0.8318191170692444,0.5459054284791587,548,646.0,2167.6,2706.0,2060.0,1521.6,7000,True
61,Fixed_25pct,1,BALANCED,0,4,0.25,0.3871634006500244,0.7208956057602156,548,655.0,2357.6,2896.0,2241.0,1702.6,9000,True
61,Fixed_25pct,2,BALANCED,0,4,0.25,0.39934730529785156,0.7146188771108182,548,583.0,1819.1999999999998,2357.6,1774.6,1236.1999999999998,10000,True
61,Fixed_25pct,3,BALANCED,0,4,0.25,0.4226531386375427,0.7029120260175911,548,204.0,204.0,742.4,538.4,0.0,2000,True
61,Fixed_25pct,4,BALANCED,0,4,0.25,0.7080477476119995,0.5854637268765394,548,667.0,2896.0,3434.4,2767.4,2229.0,14000,True
61,Fixed_25pct,5,BALANCED,0,4,0.25,0.7410699725151062,0.5743594546952211,548,728.0,3972.8,4511.2,3783.2,3244.8,3000,False
61,Fixed_25pct,6,BALANCED,0,4,0.25,0.6135818958282471,0.6197392289696599,548,256.0,742.4,1280.8,1024.8,486.4,10000,True
61,Fixed_25pct,7,BANDWIDTH_EFFICIENT,0,4,0.25,0.6997122764587402,0.5883348692894345,548,358.0,1280.8,1819.1999999999998,1461.1999999999998,922.8,9000,True
61,Fixed_25pct,8,BALANCED,0,4,0.25,1.2521713972091675,0.4440159400120142,548,689.0,3434.4,3972.8,3283.8,2745.4,9000,True
61,Fixed_25pct,9,BANDWIDTH_EFFICIENT,0,4,0.25,1.8192663192749023,0.35470221211921327,548,887.0,4511.2,5049.599999999999,4162.599999999999,3624.2,10000,True
61,Fixed_25pct,10,BANDWIDTH_EFFICIENT,0,4,0.25,0.9274492859840393,0.5188203950535903,548,913.0,5049.599999999999,5587.999999999999,4674.999999999999,4136.599999999999,12000,True
61,Fixed_50pct,1,BALANCED,1,8,0.5,0.19246399402618408,0.838599743899724,1064,655.0,8764.8,9716.0,9061.0,8109.799999999999,9000,False
61,Fixed_50pct,2,BALANCED,1,8,0.5,0.23709803819656372,0.8083433722502671,1064,583.0,6862.399999999999,7813.5999999999985,7230.5999999999985,6279.399999999999,10000,True
61,Fixed_50pct,3,BALANCED,1,8,0.5,0.217889204621315,0.8210927531055138,1064,204.0,204.0,1155.1999999999998,951.1999999999998,0.0,2000,True
61,Fixed_50pct,4,BALANCED,1,8,0.5,0.3045145869255066,0.7665686608816006,1064,667.0,7813.5999999999985,8764.8,8097.799999999999,7146.5999999999985,14000,True
61,Fixed_50pct,5,BALANCED,1,8,0.5,0.326316237449646,0.7539679993082836,1064,728.0,4008.7999999999993,4959.999999999999,4231.999999999999,3280.7999999999993,3000,False
61,Fixed_50pct,6,BALANCED,1,8,0.5,0.2078552395105362,0.8279137824539585,1064,256.0,2106.3999999999996,3057.5999999999995,2801.5999999999995,1850.3999999999996,10000,True
61,Fixed_50pct,7,BANDWIDTH_EFFICIENT,1,8,0.5,0.3810812532901764,0.7240703598124156,1064,358.0,1155.1999999999998,2106.3999999999996,1748.3999999999996,797.1999999999998,9000,True
61,Fixed_50pct,8,BALANCED,1,8,0.5,0.5352008938789368,0.6513805482964097,1064,689.0,3057.5999999999995,4008.7999999999993,3319.7999999999993,2368.5999999999995,9000,True
61,Fixed_50pct,9,BANDWIDTH_EFFICIENT,1,8,0.5,1.2529643774032593,0.44385965886979023,1064,887.0,4959.999999999999,5911.199999999999,5024.199999999999,4072.999999999999,10000,True
61,Fixed_50pct,10,BANDWIDTH_EFFICIENT,1,8,0.5,0.4849657714366913,0.6734161953325758,1064,913.0,5911.199999999999,6862.399999999999,5949.399999999999,4998.199999999999,12000,True
61,Fixed_75pct,1,BALANCED,2,12,0.75,0.11764157563447952,0.8947412317158164,1580,655.0,12480.0,13844.0,13189.0,11825.0,9000,False
61,Fixed_75pct,2,BALANCED,2,12,0.75,0.16677485406398773,0.8570633798945058,1580,583.0,2932.0,4296.0,3713.0,2349.0,10000,True
61,Fixed_75pct,3,BALANCED,2,12,0.75,0.09761767834424973,0.9110640432727856,1580,204.0,204.0,1568.0,1364.0,0.0,2000,True
61,Fixed_75pct,4,BALANCED,2,12,0.75,0.09541469812393188,0.9128962772844436,1580,667.0,4296.0,5660.0,4993.0,3629.0,14000,True
61,Fixed_75pct,5,BALANCED,2,12,0.75,0.14519545435905457,0.8732133857095007,1580,728.0,8388.0,9752.0,9024.0,7660.0,3000,False
61,Fixed_75pct,6,BALANCED,2,12,0.75,0.061502255499362946,0.9420611165160168,1580,256.0,11116.0,12480.0,12224.0,10860.0,10000,False
61,Fixed_75pct,7,BANDWIDTH_EFFICIENT,2,12,0.75,0.2121843844652176,0.8249570055641102,1580,358.0,1568.0,2932.0,2574.0,1210.0,9000,True
61,Fixed_75pct,8,BALANCED,2,12,0.75,0.24011020362377167,0.8063799467804258,1580,689.0,5660.0,7024.0,6335.0,4971.0,9000,True
61,Fixed_75pct,9,BANDWIDTH_EFFICIENT,2,12,0.75,0.5728366374969482,0.6357939382639415,1580,887.0,7024.0,8388.0,7501.0,6137.0,10000,True
61,Fixed_75pct,10,BANDWIDTH_EFFICIENT,2,12,0.75,0.2355492264032364,0.8093566639275592,1580,913.0,9752.0,11116.0,10203.0,8839.0,12000,True
61,Fixed_100pct,1,BALANCED,3,16,1.0,0.06113417074084282,0.9423878973776132,2096,655.0,14418.399999999998,16195.199999999997,15540.199999999997,13763.399999999998,9000,False
61,Fixed_100pct,2,BALANCED,3,16,1.0,0.05977318063378334,0.9435981380487126,2096,583.0,3757.6,5534.4,4951.4,3174.6,10000,True
61,Fixed_100pct,3,BALANCED,3,16,1.0,0.04546605795621872,0.9565112060690901,2096,204.0,204.0,1980.8,1776.8,0.0,2000,True
61,Fixed_100pct,4,BALANCED,3,16,1.0,0.045958634465932846,0.9560607533113398,2096,667.0,12641.599999999999,14418.399999999998,13751.399999999998,11974.599999999999,14000,True
61,Fixed_100pct,5,BALANCED,3,16,1.0,0.08249945193529129,0.9237879965779208,2096,728.0,10864.8,12641.599999999999,11913.599999999999,10136.8,3000,False
61,Fixed_100pct,6,BALANCED,3,16,1.0,0.03770599886775017,0.9636640831710604,2096,256.0,5534.4,7311.2,7055.2,5278.4,10000,True
61,Fixed_100pct,7,BANDWIDTH_EFFICIENT,3,16,1.0,0.07582896947860718,0.9295157765500988,2096,358.0,1980.8,3757.6,3399.6,1622.8,9000,True
61,Fixed_100pct,8,BALANCED,3,16,1.0,0.11294430494308472,0.8985175588378965,2096,689.0,16195.199999999997,17971.999999999996,17282.999999999996,15506.199999999997,9000,False
61,Fixed_100pct,9,BANDWIDTH_EFFICIENT,3,16,1.0,0.31289950013160706,0.7616729230986519,2096,887.0,9088.0,10864.8,9977.8,8201.0,10000,True
61,Fixed_100pct,10,BANDWIDTH_EFFICIENT,3,16,1.0,0.10703152418136597,0.90331664289279,2096,913.0,7311.2,9088.0,8175.0,6398.2,12000,True
61,PPO_Raw,1,BALANCED,0,4,0.25,0.3871634006500244,0.7208956057602156,548,655.0,2357.6,2896.0,2241.0,1702.6,9000,True
61,PPO_Raw,2,BALANCED,0,4,0.25,0.39934730529785156,0.7146188771108182,548,583.0,1819.1999999999998,2357.6,1774.6,1236.1999999999998,10000,True
61,PPO_Raw,3,BALANCED,0,4,0.25,0.4226531386375427,0.7029120260175911,548,204.0,204.0,742.4,538.4,0.0,2000,True
61,PPO_Raw,4,BALANCED,0,4,0.25,0.7080477476119995,0.5854637268765394,548,667.0,2896.0,3434.4,2767.4,2229.0,14000,True
61,PPO_Raw,5,BALANCED,0,4,0.25,0.7410699725151062,0.5743594546952211,548,728.0,3972.8,4511.2,3783.2,3244.8,3000,False
61,PPO_Raw,6,BALANCED,0,4,0.25,0.6135818958282471,0.6197392289696599,548,256.0,742.4,1280.8,1024.8,486.4,10000,True
61,PPO_Raw,7,BANDWIDTH_EFFICIENT,0,4,0.25,0.6997122764587402,0.5883348692894345,548,358.0,1280.8,1819.1999999999998,1461.1999999999998,922.8,9000,True
61,PPO_Raw,8,BALANCED,0,4,0.25,1.2521713972091675,0.4440159400120142,548,689.0,3434.4,3972.8,3283.8,2745.4,9000,True
61,PPO_Raw,9,BANDWIDTH_EFFICIENT,0,4,0.25,1.8192663192749023,0.35470221211921327,548,887.0,4511.2,5049.599999999999,4162.599999999999,3624.2,10000,True
61,PPO_Raw,10,BANDWIDTH_EFFICIENT,0,4,0.25,0.9274492859840393,0.5188203950535903,548,913.0,5049.599999999999,5587.999999999999,4674.999999999999,4136.599999999999,12000,True
61,PPO_Orchestrated,1,BALANCED,0,4,0.25,0.3871634006500244,0.7208956057602156,548,655.0,2357.6,2896.0,2241.0,1702.6,9000,True
61,PPO_Orchestrated,2,BALANCED,0,4,0.25,0.39934730529785156,0.7146188771108182,548,583.0,1819.1999999999998,2357.6,1774.6,1236.1999999999998,10000,True
61,PPO_Orchestrated,3,BALANCED,0,4,0.25,0.4226531386375427,0.7029120260175911,548,204.0,204.0,742.4,538.4,0.0,2000,True
61,PPO_Orchestrated,4,BALANCED,0,4,0.25,0.7080477476119995,0.5854637268765394,548,667.0,2896.0,3434.4,2767.4,2229.0,14000,True
61,PPO_Orchestrated,5,BALANCED,0,4,0.25,0.7410699725151062,0.5743594546952211,548,728.0,3972.8,4511.2,3783.2,3244.8,3000,False
61,PPO_Orchestrated,6,BALANCED,0,4,0.25,0.6135818958282471,0.6197392289696599,548,256.0,742.4,1280.8,1024.8,486.4,10000,True
61,PPO_Orchestrated,7,BANDWIDTH_EFFICIENT,0,4,0.25,0.6997122764587402,0.5883348692894345,548,358.0,1280.8,1819.1999999999998,1461.1999999999998,922.8,9000,True
61,PPO_Orchestrated,8,BALANCED,0,4,0.25,1.2521713972091675,0.4440159400120142,548,689.0,3434.4,3972.8,3283.8,2745.4,9000,True
61,PPO_Orchestrated,9,BANDWIDTH_EFFICIENT,0,4,0.25,1.8192663192749023,0.35470221211921327,548,887.0,4511.2,5049.599999999999,4162.599999999999,3624.2,10000,True
61,PPO_Orchestrated,10,BANDWIDTH_EFFICIENT,0,4,0.25,0.9274492859840393,0.5188203950535903,548,913.0,5049.599999999999,5587.999999999999,4674.999999999999,4136.599999999999,12000,True
62,Fixed_25pct,1,BANDWIDTH_EFFICIENT,0,4,0.25,1.7616811990737915,0.3620982756211609,548,237.0,1078.8,1617.1999999999998,1380.1999999999998,841.8,10000,True
62,Fixed_25pct,2,BALANCED,0,4,0.25,0.6933010220527649,0.5905624498990227,548,381.0,3770.8,4309.2,3928.2,3389.8,6000,True
62,Fixed_25pct,3,BANDWIDTH_EFFICIENT,0,4,0.25,0.5643454194068909,0.6392450079082547,548,633.0,4847.599999999999,5385.999999999999,4752.999999999999,4214.599999999999,9000,True
62,Fixed_25pct,4,QUALITY_CRITICAL,0,4,0.25,0.6047258973121643,0.6231593829668668,548,80.0,540.4,1078.8,998.8,460.4,2000,True
62,Fixed_25pct,5,BALANCED,0,4,0.25,0.6348857283592224,0.6116635448298908,548,747.0,2694.0,3232.4,2485.4,1947.0,4000,True
62,Fixed_25pct,6,LATENCY_CRITICAL,0,4,0.25,0.5896614193916321,0.629064773039974,548,362.0,2155.6,2694.0,2332.0,1793.6,3000,True
62,Fixed_25pct,7,BALANCED,0,4,0.25,0.6353393197059631,0.6114938887299559,548,2.0,2.0,540.4,538.4,0.0,8000,True
62,Fixed_25pct,8,BALANCED,0,4,0.25,1.0801050662994385,0.48074494707088344,548,962.0,3232.4,3770.8,2808.8,2270.4,4000,True
62,Fixed_25pct,9,BANDWIDTH_EFFICIENT,0,4,0.25,1.0412440299987793,0.4898973299143454,548,481.0,4309.2,4847.599999999999,4366.599999999999,3828.2,10000,True
62,Fixed_25pct,10,BALANCED,0,4,0.25,0.6255485415458679,0.6151769537740274,548,357.0,1617.1999999999998,2155.6,1798.6,1260.1999999999998,14000,True
62,Fixed_50pct,1,BANDWIDTH_EFFICIENT,1,8,0.5,0.8330478668212891,0.5455394908667128,1064,237.0,4758.0,5709.2,5472.2,4521.0,10000,True
62,Fixed_50pct,2,BALANCED,1,8,0.5,0.1443818062543869,0.8738342348110593,1064,381.0,3806.7999999999997,4758.0,4377.0,3425.7999999999997,6000,True
62,Fixed_50pct,3,BANDWIDTH_EFFICIENT,1,8,0.5,0.24207757413387299,0.8051026931206944,1064,633.0,5709.2,6660.4,6027.4,5076.2,9000,True
62,Fixed_50pct,4,QUALITY_CRITICAL,1,8,0.5,0.2818843424320221,0.7801015792912922,1064,80.0,8562.8,9514.0,9434.0,8482.8,2000,False
62,Fixed_50pct,5,BALANCED,1,8,0.5,0.20708848536014557,0.828439681206669,1064,747.0,1904.3999999999999,2855.6,2108.6,1157.3999999999999,4000,True
62,Fixed_50pct,6,LATENCY_CRITICAL,1,8,0.5,0.29704007506370544,0.7709862009860289,1064,362.0,953.1999999999999,1904.3999999999999,1542.3999999999999,591.1999999999999,3000,True
62,Fixed_50pct,7,BALANCED,1,8,0.5,0.3498668670654297,0.7408137975665483,1064,2.0,2.0,953.1999999999999,951.1999999999999,0.0,8000,True
62,Fixed_50pct,8,BALANCED,1,8,0.5,0.6961908340454102,0.589556304590447,1064,962.0,2855.6,3806.7999999999997,2844.7999999999997,1893.6,4000,True
62,Fixed_50pct,9,BANDWIDTH_EFFICIENT,1,8,0.5,0.6052393913269043,0.6229600428465636,1064,481.0,7611.599999999999,8562.8,8081.799999999999,7130.599999999999,10000,True
62,Fixed_50pct,10,BALANCED,1,8,0.5,0.20784777402877808,0.8279188996345943,1064,357.0,6660.4,7611.599999999999,7254.599999999999,6303.4,14000,True
62,Fixed_75pct,1,BANDWIDTH_EFFICIENT,2,12,0.75,0.4161655902862549,0.706132112557449,1580,237.0,8186.0,9550.0,9313.0,7949.0,10000,True
62,Fixed_75pct,2,BALANCED,2,12,0.75,0.05369795113801956,0.9490385730749268,1580,381.0,1366.0,2730.0,2349.0,985.0,6000,True
62,Fixed_75pct,3,BANDWIDTH_EFFICIENT,2,12,0.75,0.1347220540046692,0.8812730804612396,1580,633.0,4094.0,5458.0,4825.0,3461.0,9000,True
62,Fixed_75pct,4,QUALITY_CRITICAL,2,12,0.75,0.14329023659229279,0.8746685382187941,1580,80.0,10914.0,12278.0,12198.0,10834.0,2000,False
62,Fixed_75pct,5,BALANCED,2,12,0.75,0.10345515608787537,0.9062443493810305,1580,747.0,6822.0,8186.0,7439.0,6075.0,4000,False
62,Fixed_75pct,6,LATENCY_CRITICAL,2,12,0.75,0.1366005688905716,0.8798165576989755,1580,362.0,12278.0,13642.0,13280.0,11916.0,3000,False
62,Fixed_75pct,7,BALANCED,2,12,0.75,0.15642717480659485,0.8647323599665874,1580,2.0,2.0,1366.0,1364.0,0.0,8000,True
62,Fixed_75pct,8,BALANCED,2,12,0.75,0.41766566038131714,0.7053849352117513,1580,962.0,5458.0,6822.0,5860.0,4496.0,4000,False
62,Fixed_75pct,9,BANDWIDTH_EFFICIENT,2,12,0.75,0.28292950987815857,0.7794660519539933,1580,481.0,2730.0,4094.0,3613.0,2249.0,10000,True
62,Fixed_75pct,10,BALANCED,2,12,0.75,0.07047814875841141,0.9341619921526141,1580,357.0,9550.0,10914.0,10557.0,9193.0,14000,True
62,Fixed_100pct,1,BANDWIDTH_EFFICIENT,3,16,1.0,0.18289031088352203,0.8453869228610741,2096,237.0,8886.0,10662.8,10425.8,8649.0,10000,False
62,Fixed_100pct,2,BALANCED,3,16,1.0,0.044976621866226196,0.9569592075793023,2096,381.0,3555.6,5332.4,4951.4,3174.6,6000,True
62,Fixed_100pct,3,BANDWIDTH_EFFICIENT,3,16,1.0,0.09223927557468414,0.9155503032738388,2096,633.0,15993.199999999997,17769.999999999996,17136.999999999996,15360.199999999997,9000,False
62,Fixed_100pct,4,QUALITY_CRITICAL,3,16,1.0,0.049984611570835114,0.952394910344395,2096,80.0,5332.4,7109.2,7029.2,5252.4,2000,False
62,Fixed_100pct,5,BALANCED,3,16,1.0,0.06335920095443726,0.940415994052087,2096,747.0,7109.2,8886.0,8139.0,6362.2,4000,False
62,Fixed_100pct,6,LATENCY_CRITICAL,3,16,1.0,0.04498160257935524,0.9569546464087731,2096,362.0,12439.599999999999,14216.399999999998,13854.399999999998,12077.599999999999,3000,False
62,Fixed_100pct,7,BALANCED,3,16,1.0,0.11107085645198822,0.9000326074552314,2096,2.0,2.0,1778.8,1776.8,0.0,8000,True
62,Fixed_100pct,8,BALANCED,3,16,1.0,0.25648537278175354,0.7958707850184389,2096,962.0,1778.8,3555.6,2593.6,816.8,4000,True
62,Fixed_100pct,9,BANDWIDTH_EFFICIENT,3,16,1.0,0.16719143092632294,0.8567574893917494,2096,481.0,14216.399999999998,15993.199999999997,15512.199999999997,13735.399999999998,10000,False
62,Fixed_100pct,10,BALANCED,3,16,1.0,0.04561619460582733,0.9563738637167689,2096,357.0,10662.8,12439.599999999999,12082.599999999999,10305.8,14000,True
62,PPO_Raw,1,BANDWIDTH_EFFICIENT,0,4,0.25,1.7616811990737915,0.3620982756211609,548,237.0,1078.8,1617.1999999999998,1380.1999999999998,841.8,10000,True
62,PPO_Raw,2,BALANCED,0,4,0.25,0.6933010220527649,0.5905624498990227,548,381.0,3770.8,4309.2,3928.2,3389.8,6000,True
62,PPO_Raw,3,BANDWIDTH_EFFICIENT,0,4,0.25,0.5643454194068909,0.6392450079082547,548,633.0,4847.599999999999,5385.999999999999,4752.999999999999,4214.599999999999,9000,True
62,PPO_Raw,4,QUALITY_CRITICAL,0,4,0.25,0.6047258973121643,0.6231593829668668,548,80.0,540.4,1078.8,998.8,460.4,2000,True
62,PPO_Raw,5,BALANCED,0,4,0.25,0.6348857283592224,0.6116635448298908,548,747.0,2694.0,3232.4,2485.4,1947.0,4000,True
62,PPO_Raw,6,LATENCY_CRITICAL,0,4,0.25,0.5896614193916321,0.629064773039974,548,362.0,2155.6,2694.0,2332.0,1793.6,3000,True
62,PPO_Raw,7,BALANCED,0,4,0.25,0.6353393197059631,0.6114938887299559,548,2.0,2.0,540.4,538.4,0.0,8000,True
62,PPO_Raw,8,BALANCED,0,4,0.25,1.0801050662994385,0.48074494707088344,548,962.0,3232.4,3770.8,2808.8,2270.4,4000,True
62,PPO_Raw,9,BANDWIDTH_EFFICIENT,0,4,0.25,1.0412440299987793,0.4898973299143454,548,481.0,4309.2,4847.599999999999,4366.599999999999,3828.2,10000,True
62,PPO_Raw,10,BALANCED,0,4,0.25,0.6255485415458679,0.6151769537740274,548,357.0,1617.1999999999998,2155.6,1798.6,1260.1999999999998,14000,True
62,PPO_Orchestrated,1,BANDWIDTH_EFFICIENT,0,4,0.25,1.7616811990737915,0.3620982756211609,548,237.0,1904.4,2442.8,2205.8,1667.4,10000,True
62,PPO_Orchestrated,2,BALANCED,0,4,0.25,0.6933010220527649,0.5905624498990227,548,381.0,5134.8,5673.2,5292.2,4753.8,6000,True
62,PPO_Orchestrated,3,BANDWIDTH_EFFICIENT,0,4,0.25,0.5643454194068909,0.6392450079082547,548,633.0,2981.2000000000003,3519.6000000000004,2886.6000000000004,2348.2000000000003,9000,True
62,PPO_Orchestrated,4,QUALITY_CRITICAL,2,12,0.75,0.14329023659229279,0.8746685382187941,1580,80.0,540.4,1904.4,1824.4,460.4,2000,True
62,PPO_Orchestrated,5,BALANCED,0,4,0.25,0.6348857283592224,0.6116635448298908,548,747.0,3519.6000000000004,4058.0000000000005,3311.0000000000005,2772.6000000000004,4000,True
62,PPO_Orchestrated,6,LATENCY_CRITICAL,0,4,0.25,0.5896614193916321,0.629064773039974,548,362.0,5673.2,6211.599999999999,5849.599999999999,5311.2,3000,False
62,PPO_Orchestrated,7,BALANCED,0,4,0.25,0.6353393197059631,0.6114938887299559,548,2.0,2.0,540.4,538.4,0.0,8000,True
62,PPO_Orchestrated,8,BALANCED,0,4,0.25,1.0801050662994385,0.48074494707088344,548,962.0,4058.0000000000005,4596.400000000001,3634.4000000000005,3096.0000000000005,4000,True
62,PPO_Orchestrated,9,BANDWIDTH_EFFICIENT,0,4,0.25,1.0412440299987793,0.4898973299143454,548,481.0,2442.8,2981.2000000000003,2500.2000000000003,1961.8000000000002,10000,True
62,PPO_Orchestrated,10,BALANCED,0,4,0.25,0.6255485415458679,0.6151769537740274,548,357.0,4596.400000000001,5134.8,4777.8,4239.400000000001,14000,True
63,Fixed_25pct,1,BALANCED,0,4,0.25,0.9998719096183777,0.5000320246464302,548,916.0,4881.599999999999,5419.999999999999,4503.999999999999,3965.5999999999995,11000,True
63,Fixed_25pct,2,BALANCED,0,4,0.25,0.573239803314209,0.635631006724713,548,125.0,1112.8,1651.1999999999998,1526.1999999999998,987.8,6000,True
63,Fixed_25pct,3,BALANCED,0,4,0.25,0.5778533816337585,0.633772447833251,548,93.0,574.4,1112.8,1019.8,481.4,9000,True
63,Fixed_25pct,4,BALANCED,0,4,0.25,0.27618616819381714,0.7835847346749553,548,453.0,3266.4,3804.8,3351.8,2813.4,2000,False
63,Fixed_25pct,5,QUALITY_CRITICAL,0,4,0.25,0.9114453196525574,0.5231643247748095,548,36.0,36.0,574.4,538.4,0.0,15000,True
63,Fixed_25pct,6,BANDWIDTH_EFFICIENT,0,4,0.25,0.6081119775772095,0.6218472431917369,548,654.0,3804.8,4343.2,3689.2,3150.8,14000,True
63,Fixed_25pct,7,BALANCED,0,4,0.25,1.2926034927368164,0.43618532518514175,548,282.0,1651.1999999999998,2189.6,1907.6,1369.1999999999998,8000,True
63,Fixed_25pct,8,BANDWIDTH_EFFICIENT,0,4,0.25,1.2185847759246826,0.45073779052829327,548,408.0,2728.0,3266.4,2858.4,2320.0,3000,True
63,Fixed_25pct,9,BANDWIDTH_EFFICIENT,0,4,0.25,0.4738331735134125,0.6785028441286469,548,867.0,4343.2,4881.599999999999,4014.5999999999995,3476.2,8000,True
63,Fixed_25pct,10,BALANCED,0,4,0.25,1.5550193786621094,0.39138646397415283,548,383.0,2189.6,2728.0,2345.0,1806.6,3000,True
63,Fixed_50pct,1,BALANCED,1,8,0.5,0.6192941069602966,0.6175530409835048,1064,916.0,7645.599999999999,8596.8,7680.799999999999,6729.599999999999,11000,True
63,Fixed_50pct,2,BALANCED,1,8,0.5,0.18424783647060394,0.844417839917939,1064,125.0,4792.0,5743.2,5618.2,4667.0,6000,True
63,Fixed_50pct,3,BALANCED,1,8,0.5,0.2995831370353699,0.7694775128286261,1064,93.0,1938.3999999999999,2889.6,2796.6,1845.3999999999999,9000,True
63,Fixed_50pct,4,BALANCED,1,8,0.5,0.1153254359960556,0.8965992953500045,1064,453.0,3840.7999999999997,4792.0,4339.0,3387.7999999999997,2000,False
63,Fixed_50pct,5,QUALITY_CRITICAL,1,8,0.5,0.6646593809127808,0.6007234942271921,1064,36.0,36.0,987.1999999999999,951.1999999999999,0.0,15000,True
63,Fixed_50pct,6,BANDWIDTH_EFFICIENT,1,8,0.5,0.23337987065315247,0.8107802176716544,1064,654.0,6694.4,7645.599999999999,6991.599999999999,6040.4,14000,True
63,Fixed_50pct,7,BALANCED,1,8,0.5,0.9887908101081848,0.5028180917356525,1064,282.0,5743.2,6694.4,6412.4,5461.2,8000,True
63,Fixed_50pct,8,BANDWIDTH_EFFICIENT,1,8,0.5,0.38746947050094604,0.7207365792624971,1064,408.0,2889.6,3840.7999999999997,3432.7999999999997,2481.6,3000,False
63,Fixed_50pct,9,BANDWIDTH_EFFICIENT,1,8,0.5,0.20200157165527344,0.8319456676108189,1064,867.0,8596.8,9548.0,8681.0,7729.799999999999,8000,False
63,Fixed_50pct,10,BALANCED,1,8,0.5,0.6612160801887512,0.6019686493080284,1064,383.0,987.1999999999999,1938.3999999999999,1555.3999999999999,604.1999999999999,3000,True
63,Fixed_75pct,1,BALANCED,2,12,0.75,0.3931451439857483,0.717800298351562,1580,916.0,1400.0,2764.0,1848.0,484.0,11000,True
63,Fixed_75pct,2,BALANCED,2,12,0.75,0.040880948305130005,0.9607246646490201,1580,125.0,10948.0,12312.0,12187.0,10823.0,6000,False
63,Fixed_75pct,3,BALANCED,2,12,0.75,0.12538659572601318,0.8885835354693172,1580,93.0,6856.0,8220.0,8127.0,6763.0,9000,True
63,Fixed_75pct,4,BALANCED,2,12,0.75,0.07698456943035126,0.928518409998139,1580,453.0,12312.0,13676.0,13223.0,11859.0,2000,False
63,Fixed_75pct,5,QUALITY_CRITICAL,2,12,0.75,0.3091459572315216,0.7638567682053733,1580,36.0,36.0,1400.0,1364.0,0.0,15000,True
63,Fixed_75pct,6,BANDWIDTH_EFFICIENT,2,12,0.75,0.12889693677425385,0.8858204566108859,1580,654.0,8220.0,9584.0,8930.0,7566.0,14000,True
63,Fixed_75pct,7,BALANCED,2,12,0.75,0.5718727707862854,0.636183804812509,1580,282.0,2764.0,4128.0,3846.0,2482.0,8000,True
63,Fixed_75pct,8,BANDWIDTH_EFFICIENT,2,12,0.75,0.13997873663902283,0.8772093442271394,1580,408.0,5492.0,6856.0,6448.0,5084.0,3000,False
63,Fixed_75pct,9,BANDWIDTH_EFFICIENT,2,12,0.75,0.13285264372825623,0.8827273392848043,1580,867.0,9584.0,10948.0,10081.0,8717.0,8000,False
63,Fixed_75pct,10,BALANCED,2,12,0.75,0.28738200664520264,0.7767702164844658,1580,383.0,4128.0,5492.0,5109.0,3745.0,3000,False
63,Fixed_100pct,1,BALANCED,3,16,1.0,0.20251134037971497,0.8315929891224408,2096,916.0,1812.8,3589.6,2673.6,896.8,11000,True
63,Fixed_100pct,2,BALANCED,3,16,1.0,0.0242255050688982,0.9763474889572599,2096,125.0,5366.4,7143.2,7018.2,5241.4,6000,False
63,Fixed_100pct,3,BALANCED,3,16,1.0,0.04202013835310936,0.9596743509971686,2096,93.0,3589.6,5366.4,5273.4,3496.6,9000,True
63,Fixed_100pct,4,BALANCED,3,16,1.0,0.060842085629701614,0.9426473681107904,2096,453.0,14250.399999999998,16027.199999999997,15574.199999999997,13797.399999999998,2000,False
63,Fixed_100pct,5,QUALITY_CRITICAL,3,16,1.0,0.18155129253864288,0.8463449757237642,2096,36.0,36.0,1812.8,1776.8,0.0,15000,True
63,Fixed_100pct,6,BANDWIDTH_EFFICIENT,3,16,1.0,0.0532010979950428,0.9494862870003453,2096,654.0,12473.599999999999,14250.399999999998,13596.399999999998,11819.599999999999,14000,True
63,Fixed_100pct,7,BALANCED,3,16,1.0,0.2676251530647278,0.7888767413476354,2096,282.0,7143.2,8920.0,8638.0,6861.2,8000,False
63,Fixed_100pct,8,BANDWIDTH_EFFICIENT,3,16,1.0,0.09345811605453491,0.9145297705670202,2096,408.0,10696.8,12473.599999999999,12065.599999999999,10288.8,3000,False
63,Fixed_100pct,9,BANDWIDTH_EFFICIENT,3,16,1.0,0.079487644135952,0.9263653969846262,2096,867.0,16027.199999999997,17803.999999999996,16936.999999999996,15160.199999999997,8000,False
63,Fixed_100pct,10,BALANCED,3,16,1.0,0.17495399713516235,0.8510971514104,2096,383.0,8920.0,10696.8,10313.8,8537.0,3000,False
63,PPO_Raw,1,BALANCED,0,4,0.25,0.9998719096183777,0.5000320246464302,548,916.0,5294.4,5832.799999999999,4916.799999999999,4378.4,11000,True
63,PPO_Raw,2,BALANCED,1,8,0.5,0.18424783647060394,0.844417839917939,1064,125.0,1112.8,2064.0,1939.0,987.8,6000,True
63,PPO_Raw,3,BALANCED,0,4,0.25,0.5778533816337585,0.633772447833251,548,93.0,574.4,1112.8,1019.8,481.4,9000,True
63,PPO_Raw,4,BALANCED,0,4,0.25,0.27618616819381714,0.7835847346749553,548,453.0,3679.2000000000003,4217.6,3764.6000000000004,3226.2000000000003,2000,False
63,PPO_Raw,5,QUALITY_CRITICAL,0,4,0.25,0.9114453196525574,0.5231643247748095,548,36.0,36.0,574.4,538.4,0.0,15000,True
63,PPO_Raw,6,BANDWIDTH_EFFICIENT,0,4,0.25,0.6081119775772095,0.6218472431917369,548,654.0,4217.6,4756.0,4102.0,3563.6000000000004,14000,True
63,PPO_Raw,7,BALANCED,0,4,0.25,1.2926034927368164,0.43618532518514175,548,282.0,2064.0,2602.4,2320.4,1782.0,8000,True
63,PPO_Raw,8,BANDWIDTH_EFFICIENT,0,4,0.25,1.2185847759246826,0.45073779052829327,548,408.0,3140.8,3679.2000000000003,3271.2000000000003,2732.8,3000,False
63,PPO_Raw,9,BANDWIDTH_EFFICIENT,0,4,0.25,0.4738331735134125,0.6785028441286469,548,867.0,4756.0,5294.4,4427.4,3889.0,8000,True
63,PPO_Raw,10,BALANCED,0,4,0.25,1.5550193786621094,0.39138646397415283,548,383.0,2602.4,3140.8,2757.8,2219.4,3000,True
63,PPO_Orchestrated,1,BALANCED,0,4,0.25,0.9998719096183777,0.5000320246464302,548,916.0,4504.8,5043.2,4127.2,3588.8,11000,True
63,PPO_Orchestrated,2,BALANCED,1,8,0.5,0.18424783647060394,0.844417839917939,1064,125.0,1938.4,2889.6,2764.6,1813.4,6000,True
63,PPO_Orchestrated,3,BALANCED,0,4,0.25,0.5778533816337585,0.633772447833251,548,93.0,1400.0,1938.4,1845.4,1307.0,9000,True
63,PPO_Orchestrated,4,BALANCED,0,4,0.25,0.27618616819381714,0.7835847346749553,548,453.0,5043.2,5581.599999999999,5128.599999999999,4590.2,2000,False
63,PPO_Orchestrated,5,QUALITY_CRITICAL,2,12,0.75,0.3091459572315216,0.7638567682053733,1580,36.0,36.0,1400.0,1364.0,0.0,15000,True
63,PPO_Orchestrated,6,BANDWIDTH_EFFICIENT,0,4,0.25,0.6081119775772095,0.6218472431917369,548,654.0,5581.599999999999,6119.999999999999,5465.999999999999,4927.599999999999,14000,True
63,PPO_Orchestrated,7,BALANCED,0,4,0.25,1.2926034927368164,0.43618532518514175,548,282.0,2889.6,3428.0,3146.0,2607.6,8000,True
63,PPO_Orchestrated,8,BANDWIDTH_EFFICIENT,0,4,0.25,1.2185847759246826,0.45073779052829327,548,408.0,6119.999999999999,6658.399999999999,6250.399999999999,5711.999999999999,3000,False
63,PPO_Orchestrated,9,BANDWIDTH_EFFICIENT,0,4,0.25,0.4738331735134125,0.6785028441286469,548,867.0,3966.4,4504.8,3637.8,3099.4,8000,True
63,PPO_Orchestrated,10,BALANCED,0,4,0.25,1.5550193786621094,0.39138646397415283,548,383.0,3428.0,3966.4,3583.4,3045.0,3000,False
64,Fixed_25pct,1,BANDWIDTH_EFFICIENT,0,4,0.25,1.1813596487045288,0.4584296773775395,548,892.0,4877.599999999999,5415.999999999999,4523.999999999999,3985.5999999999995,10000,True
64,Fixed_25pct,2,BALANCED,0,4,0.25,0.8280773758888245,0.5470227973877707,548,362.0,2185.6,2724.0,2362.0,1823.6,15000,True
64,Fixed_25pct,3,BALANCED,0,4,0.25,0.6971387267112732,0.5892270232603829,548,453.0,3262.4,3800.8,3347.8,2809.4,14000,True
64,Fixed_25pct,4,BANDWIDTH_EFFICIENT,0,4,0.25,0.532609760761261,0.652481816051655,548,222.0,570.4,1108.8,886.8,348.4,13000,True
64,Fixed_25pct,5,BALANCED,0,4,0.25,1.0455045700073242,0.48887693269559374,548,225.0,1108.8,1647.1999999999998,1422.1999999999998,883.8,12000,True
64,Fixed_25pct,6,BALANCED,0,4,0.25,1.2297911643981934,0.4484724919384519,548,32.0,32.0,570.4,538.4,0.0,8000,True
64,Fixed_25pct,7,BALANCED,0,4,0.25,1.303313970565796,0.43415705057107595,548,488.0,3800.8,4339.2,3851.2,3312.8,10000,True
64,Fixed_25pct,8,BALANCED,0,4,0.25,0.4573708176612854,0.6861671634160681,548,232.0,1647.1999999999998,2185.6,1953.6,1415.1999999999998,7000,True
64,Fixed_25pct,9,BALANCED,0,4,0.25,1.4129247665405273,0.41443480288601203,548,532.0,4339.2,4877.599999999999,4345.599999999999,3807.2,9000,True
64,Fixed_25pct,10,BANDWIDTH_EFFICIENT,0,4,0.25,0.3454510271549225,0.7432451867940449,548,439.0,2724.0,3262.4,2823.4,2285.0,6000,True
64,Fixed_50pct,1,BANDWIDTH_EFFICIENT,1,8,0.5,0.7783556580543518,0.5623172144845714,1064,892.0,1934.3999999999999,2885.6,1993.6,1042.3999999999999,10000,True
64,Fixed_50pct,2,BALANCED,1,8,0.5,0.18993160128593445,0.8403844379956972,1064,362.0,6690.4,7641.599999999999,7279.599999999999,6328.4,15000,True
64,Fixed_50pct,3,BALANCED,1,8,0.5,0.31927624344825745,0.7579913645577749,1064,453.0,7641.599999999999,8592.8,8139.799999999999,7188.599999999999,14000,True
64,Fixed_50pct,4,BANDWIDTH_EFFICIENT,1,8,0.5,0.17931081354618073,0.8479528793541762,1064,222.0,3836.7999999999997,4788.0,4566.0,3614.7999999999997,13000,True
64,Fixed_50pct,5,BALANCED,1,8,0.5,0.5785833597183228,0.6334793749368021,1064,225.0,4788.0,5739.2,5514.2,4563.0,12000,True
64,Fixed_50pct,6,BALANCED,1,8,0.5,0.6838881373405457,0.5938636764668663,1064,32.0,32.0,983.1999999999999,951.1999999999999,0.0,8000,True
64,Fixed_50pct,7,BALANCED,1,8,0.5,0.5773852467536926,0.6339605382122286,1064,488.0,8592.8,9544.0,9056.0,8104.799999999999,10000,True
64,Fixed_50pct,8,BALANCED,1,8,0.5,0.31611958146095276,0.7598093775718726,1064,232.0,2885.6,3836.7999999999997,3604.7999999999997,2653.6,7000,True
64,Fixed_50pct,9,BALANCED,1,8,0.5,0.9990551471710205,0.500236324853348,1064,532.0,983.1999999999999,1934.3999999999999,1402.3999999999999,451.19999999999993,9000,True
64,Fixed_50pct,10,BANDWIDTH_EFFICIENT,1,8,0.5,0.1602977216243744,0.8618477666232393,1064,439.0,5739.2,6690.4,6251.4,5300.2,6000,False
64,Fixed_75pct,1,BANDWIDTH_EFFICIENT,2,12,0.75,0.45123717188835144,0.6890672450863417,1580,892.0,12308.0,13672.0,12780.0,11416.0,10000,False
64,Fixed_75pct,2,BALANCED,2,12,0.75,0.062177784740924835,0.9414619796853588,1580,362.0,6852.0,8216.0,7854.0,6490.0,15000,True
64,Fixed_75pct,3,BALANCED,2,12,0.75,0.16961154341697693,0.8549847217466211,1580,453.0,8216.0,9580.0,9127.0,7763.0,14000,True
64,Fixed_75pct,4,BANDWIDTH_EFFICIENT,2,12,0.75,0.07971107214689255,0.9261737012769579,1580,222.0,5488.0,6852.0,6630.0,5266.0,13000,True
64,Fixed_75pct,5,BALANCED,2,12,0.75,0.3621383309364319,0.7341398280103667,1580,225.0,2760.0,4124.0,3899.0,2535.0,12000,True
64,Fixed_75pct,6,BALANCED,2,12,0.75,0.3989420235157013,0.7148259064281203,1580,32.0,32.0,1396.0,1364.0,0.0,8000,True
64,Fixed_75pct,7,BALANCED,2,12,0.75,0.34177181124687195,0.7452832080819519,1580,488.0,9580.0,10944.0,10456.0,9092.0,10000,False
64,Fixed_75pct,8,BALANCED,2,12,0.75,0.19195832312107086,0.838955507589863,1580,232.0,1396.0,2760.0,2528.0,1164.0,7000,True
64,Fixed_75pct,9,BALANCED,2,12,0.75,0.49109289050102234,0.6706490295611227,1580,532.0,10944.0,12308.0,11776.0,10412.0,9000,False
64,Fixed_75pct,10,BANDWIDTH_EFFICIENT,2,12,0.75,0.06548255681991577,0.938541878137022,1580,439.0,4124.0,5488.0,5049.0,3685.0,6000,True
64,Fixed_100pct,1,BANDWIDTH_EFFICIENT,3,16,1.0,0.19492818415164948,0.8368703770343817,2096,892.0,16023.199999999997,17799.999999999996,16907.999999999996,15131.199999999997,10000,False
64,Fixed_100pct,2,BALANCED,3,16,1.0,0.024311112239956856,0.9762658903633356,2096,362.0,8916.0,10692.8,10330.8,8554.0,15000,True
64,Fixed_100pct,3,BALANCED,3,16,1.0,0.06509295850992203,0.9388851855701047,2096,453.0,10692.8,12469.599999999999,12016.599999999999,10239.8,14000,True
64,Fixed_100pct,4,BANDWIDTH_EFFICIENT,3,16,1.0,0.039136044681072235,0.9623379009116331,2096,222.0,7139.2,8916.0,8694.0,6917.2,13000,True
64,Fixed_100pct,5,BALANCED,3,16,1.0,0.21354617178440094,0.8240312756535648,2096,225.0,3585.6,5362.4,5137.4,3360.6,12000,True
64,Fixed_100pct,6,BALANCED,3,16,1.0,0.20161274075508118,0.8322148776248912,2096,32.0,32.0,1808.8,1776.8,0.0,8000,True
64,Fixed_100pct,7,BALANCED,3,16,1.0,0.21574270725250244,0.8225424623438075,2096,488.0,12469.599999999999,14246.399999999998,13758.399999999998,11981.599999999999,10000,False
64,Fixed_100pct,8,BALANCED,3,16,1.0,0.081875741481781,0.9243205681184415,2096,232.0,1808.8,3585.6,3353.6,1576.8,7000,True
64,Fixed_100pct,9,BALANCED,3,16,1.0,0.3297779858112335,0.7520052299481768,2096,532.0,14246.399999999998,16023.199999999997,15491.199999999997,13714.399999999998,9000,False
64,Fixed_100pct,10,BANDWIDTH_EFFICIENT,3,16,1.0,0.04284977912902832,0.9589108805634348,2096,439.0,5362.4,7139.2,6700.2,4923.4,6000,False
64,PPO_Raw,1,BANDWIDTH_EFFICIENT,0,4,0.25,1.1813596487045288,0.4584296773775395,548,892.0,5703.199999999999,6241.5999999999985,5349.5999999999985,4811.199999999999,10000,True
64,PPO_Raw,2,BALANCED,0,4,0.25,0.8280773758888245,0.5470227973877707,548,362.0,3011.2,3549.6,3187.6,2649.2,15000,True
64,PPO_Raw,3,BALANCED,0,4,0.25,0.6971387267112732,0.5892270232603829,548,453.0,4088.0,4626.4,4173.4,3635.0,14000,True
64,PPO_Raw,4,BANDWIDTH_EFFICIENT,0,4,0.25,0.532609760761261,0.652481816051655,548,222.0,983.1999999999999,1521.6,1299.6,761.1999999999999,13000,True
64,PPO_Raw,5,BALANCED,1,8,0.5,0.5785833597183228,0.6334793749368021,1064,225.0,1521.6,2472.7999999999997,2247.7999999999997,1296.6,12000,True
64,PPO_Raw,6,BALANCED,1,8,0.5,0.6838881373405457,0.5938636764668663,1064,32.0,32.0,983.1999999999999,951.1999999999999,0.0,8000,True
64,PPO_Raw,7,BALANCED,0,4,0.25,1.303313970565796,0.43415705057107595,548,488.0,4626.4,5164.799999999999,4676.799999999999,4138.4,10000,True
64,PPO_Raw,8,BALANCED,0,4,0.25,0.4573708176612854,0.6861671634160681,548,232.0,2472.7999999999997,3011.2,2779.2,2240.7999999999997,7000,True
64,PPO_Raw,9,BALANCED,0,4,0.25,1.4129247665405273,0.41443480288601203,548,532.0,5164.799999999999,5703.199999999999,5171.199999999999,4632.799999999999,9000,True
64,PPO_Raw,10,BANDWIDTH_EFFICIENT,0,4,0.25,0.3454510271549225,0.7432451867940449,548,439.0,3549.6,4088.0,3649.0,3110.6,6000,True
64,PPO_Orchestrated,1,BANDWIDTH_EFFICIENT,0,4,0.25,1.1813596487045288,0.4584296773775395,548,892.0,5703.199999999999,6241.5999999999985,5349.5999999999985,4811.199999999999,10000,True
64,PPO_Orchestrated,2,BALANCED,0,4,0.25,0.8280773758888245,0.5470227973877707,548,362.0,3011.2,3549.6,3187.6,2649.2,15000,True
64,PPO_Orchestrated,3,BALANCED,0,4,0.25,0.6971387267112732,0.5892270232603829,548,453.0,4088.0,4626.4,4173.4,3635.0,14000,True
64,PPO_Orchestrated,4,BANDWIDTH_EFFICIENT,0,4,0.25,0.532609760761261,0.652481816051655,548,222.0,983.1999999999999,1521.6,1299.6,761.1999999999999,13000,True
64,PPO_Orchestrated,5,BALANCED,1,8,0.5,0.5785833597183228,0.6334793749368021,1064,225.0,1521.6,2472.7999999999997,2247.7999999999997,1296.6,12000,True
64,PPO_Orchestrated,6,BALANCED,1,8,0.5,0.6838881373405457,0.5938636764668663,1064,32.0,32.0,983.1999999999999,951.1999999999999,0.0,8000,True
64,PPO_Orchestrated,7,BALANCED,0,4,0.25,1.303313970565796,0.43415705057107595,548,488.0,4626.4,5164.799999999999,4676.799999999999,4138.4,10000,True
64,PPO_Orchestrated,8,BALANCED,0,4,0.25,0.4573708176612854,0.6861671634160681,548,232.0,2472.7999999999997,3011.2,2779.2,2240.7999999999997,7000,True
64,PPO_Orchestrated,9,BALANCED,0,4,0.25,1.4129247665405273,0.41443480288601203,548,532.0,5164.799999999999,5703.199999999999,5171.199999999999,4632.799999999999,9000,True
64,PPO_Orchestrated,10,BANDWIDTH_EFFICIENT,0,4,0.25,0.3454510271549225,0.7432451867940449,548,439.0,3549.6,4088.0,3649.0,3110.6,6000,True
65,Fixed_25pct,1,BANDWIDTH_EFFICIENT,0,4,0.25,0.8750829100608826,0.5333097510699037,548,216.0,2175.6,2714.0,2498.0,1959.6,13000,True
65,Fixed_25pct,2,BANDWIDTH_EFFICIENT,0,4,0.25,0.6659166812896729,0.6002701162856764,548,734.0,4867.599999999999,5405.999999999999,4671.999999999999,4133.599999999999,12000,True
65,Fixed_25pct,3,QUALITY_CRITICAL,0,4,0.25,1.1185336112976074,0.4720246092236872,548,727.0,4329.2,4867.599999999999,4140.599999999999,3602.2,3000,False
65,Fixed_25pct,4,QUALITY_CRITICAL,0,4,0.25,1.540968894958496,0.39355066564729985,548,768.0,3252.4,3790.8,3022.8,2484.4,6000,True
65,Fixed_25pct,5,BALANCED,0,4,0.25,0.6161295175552368,0.6187622892456832,548,190.0,1637.1999999999998,2175.6,1985.6,1447.1999999999998,6000,True
65,Fixed_25pct,6,BALANCED,0,4,0.25,0.5887524485588074,0.6294246790348755,548,155.0,1098.8,1637.1999999999998,1482.1999999999998,943.8,7000,True
65,Fixed_25pct,7,BALANCED,0,4,0.25,0.859072744846344,0.5379025660895544,548,22.0,22.0,560.4,538.4,0.0,6000,True
65,Fixed_25pct,8,BALANCED,0,4,0.25,0.8196386098861694,0.549559673314778,548,578.0,3790.8,4329.2,3751.2,3212.8,2000,False
65,Fixed_25pct,9,BANDWIDTH_EFFICIENT,0,4,0.25,0.40292540192604065,0.7127962745753448,548,351.0,2714.0,3252.4,2901.4,2363.0,15000,True
65,Fixed_25pct,10,BALANCED,0,4,0.25,0.835436999797821,0.5448293785676942,548,140.0,560.4,1098.8,958.8,420.4,6000,True
65,Fixed_50pct,1,BANDWIDTH_EFFICIENT,1,8,0.5,0.11980395764112473,0.8930134539857382,1064,216.0,5729.2,6680.4,6464.4,5513.2,13000,True
65,Fixed_50pct,2,BANDWIDTH_EFFICIENT,1,8,0.5,0.30012401938438416,0.7691573919798094,1064,734.0,8582.8,9534.0,8800.0,7848.799999999999,12000,True
65,Fixed_50pct,3,QUALITY_CRITICAL,1,8,0.5,0.6167206764221191,0.6185360369195304,1064,727.0,4778.0,5729.2,5002.2,4051.0,3000,False
65,Fixed_50pct,4,QUALITY_CRITICAL,1,8,0.5,0.8763335347175598,0.5329542863766636,1064,768.0,1924.3999999999999,2875.6,2107.6,1156.3999999999999,6000,True
65,Fixed_50pct,5,BALANCED,1,8,0.5,0.17038290202617645,0.8544212310935095,1064,190.0,3826.7999999999997,4778.0,4588.0,3636.7999999999997,6000,True
65,Fixed_50pct,6,BALANCED,1,8,0.5,0.270083487033844,0.7873498161411439,1064,155.0,2875.6,3826.7999999999997,3671.7999999999997,2720.6,7000,True
65,Fixed_50pct,7,BALANCED,1,8,0.5,0.237644225358963,0.8079866406761302,1064,22.0,22.0,973.1999999999999,951.1999999999999,0.0,6000,True
65,Fixed_50pct,8,BALANCED,1,8,0.5,0.6376538276672363,0.6106296600084614,1064,578.0,6680.4,7631.599999999999,7053.599999999999,6102.4,2000,False
65,Fixed_50pct,9,BANDWIDTH_EFFICIENT,1,8,0.5,0.2783781588077545,0.7822411491546629,1064,351.0,7631.599999999999,8582.8,8231.8,7280.599999999999,15000,True
65,Fixed_50pct,10,BALANCED,1,8,0.5,0.43857133388519287,0.6951341073224849,1064,140.0,973.1999999999999,1924.3999999999999,1784.3999999999999,833.1999999999999,6000,True
65,Fixed_75pct,1,BANDWIDTH_EFFICIENT,2,12,0.75,0.04952363297343254,0.9528132274324058,1580,216.0,9570.0,10934.0,10718.0,9354.0,13000,True
65,Fixed_75pct,2,BANDWIDTH_EFFICIENT,2,12,0.75,0.09657631814479828,0.9119292323326958,1580,734.0,2750.0,4114.0,3380.0,2016.0,12000,True
65,Fixed_75pct,3,QUALITY_CRITICAL,2,12,0.75,0.37848713994026184,0.7254329554669158,1580,727.0,1386.0,2750.0,2023.0,659.0,3000,True
65,Fixed_75pct,4,QUALITY_CRITICAL,2,12,0.75,0.5023373961448669,0.6656294402083647,1580,768.0,5478.0,6842.0,6074.0,4710.0,6000,False
65,Fixed_75pct,5,BALANCED,2,12,0.75,0.06388445943593979,0.9399516941249328,1580,190.0,12298.0,13662.0,13472.0,12108.0,6000,False
65,Fixed_75pct,6,BALANCED,2,12,0.75,0.0880875363945961,0.9190437042533579,1580,155.0,6842.0,8206.0,8051.0,6687.0,7000,False
65,Fixed_75pct,7,BALANCED,2,12,0.75,0.1260378211736679,0.8880696378010653,1580,22.0,22.0,1386.0,1364.0,0.0,6000,True
65,Fixed_75pct,8,BALANCED,2,12,0.75,0.37023597955703735,0.7298013005929641,1580,578.0,8206.0,9570.0,8992.0,7628.0,2000,False
65,Fixed_75pct,9,BANDWIDTH_EFFICIENT,2,12,0.75,0.1273053139448166,0.8870711311567113,1580,351.0,10934.0,12298.0,11947.0,10583.0,15000,True
65,Fixed_75pct,10,BALANCED,2,12,0.75,0.25065091252326965,0.7995836328000072,1580,140.0,4114.0,5478.0,5338.0,3974.0,6000,True
65,Fixed_100pct,1,BANDWIDTH_EFFICIENT,3,16,1.0,0.027455376461148262,0.9732782784633309,2096,216.0,10682.8,12459.599999999999,12243.599999999999,10466.8,13000,True
65,Fixed_100pct,2,BANDWIDTH_EFFICIENT,3,16,1.0,0.04560956731438637,0.9563799254137153,2096,734.0,7129.2,8906.0,8172.0,6395.2,12000,True
65,Fixed_100pct,3,QUALITY_CRITICAL,3,16,1.0,0.26068010926246643,0.793222636458529,2096,727.0,16013.199999999997,17789.999999999996,17062.999999999996,15286.199999999997,3000,False
65,Fixed_100pct,4,QUALITY_CRITICAL,3,16,1.0,0.2915515899658203,0.774262528705078,2096,768.0,1798.8,3575.6,2807.6,1030.8,6000,True
65,Fixed_100pct,5,BALANCED,3,16,1.0,0.03635960817337036,0.9649160311858779,2096,190.0,3575.6,5352.4,5162.4,3385.6,6000,True
65,Fixed_100pct,6,BALANCED,3,16,1.0,0.06432133913040161,0.9395658653401096,2096,155.0,8906.0,10682.8,10527.8,8751.0,7000,False
65,Fixed_100pct,7,BALANCED,3,16,1.0,0.08176524192094803,0.9244149851073481,2096,22.0,22.0,1798.8,1776.8,0.0,6000,True
65,Fixed_100pct,8,BALANCED,3,16,1.0,0.1807374805212021,0.8469283109049601,2096,578.0,14236.399999999998,16013.199999999997,15435.199999999997,13658.399999999998,2000,False
65,Fixed_100pct,9,BANDWIDTH_EFFICIENT,3,16,1.0,0.05891949310898781,0.9443588549531748,2096,351.0,12459.599999999999,14236.399999999998,13885.399999999998,12108.599999999999,15000,True
65,Fixed_100pct,10,BALANCED,3,16,1.0,0.129632830619812,0.8852433931575054,2096,140.0,5352.4,7129.2,6989.2,5212.4,6000,False
65,PPO_Raw,1,BANDWIDTH_EFFICIENT,0,4,0.25,0.8750829100608826,0.5333097510699037,548,216.0,3001.2,3539.6,3323.6,2785.2,13000,True
65,PPO_Raw,2,BANDWIDTH_EFFICIENT,0,4,0.25,0.6659166812896729,0.6002701162856764,548,734.0,5154.799999999999,5693.199999999999,4959.199999999999,4420.799999999999,12000,True
65,PPO_Raw,3,QUALITY_CRITICAL,0,4,0.25,1.1185336112976074,0.4720246092236872,548,727.0,5693.199999999999,6231.5999999999985,5504.5999999999985,4966.199999999999,3000,False
65,PPO_Raw,4,QUALITY_CRITICAL,0,4,0.25,1.540968894958496,0.39355066564729985,548,768.0,4078.0,4616.4,3848.3999999999996,3310.0,6000,True
65,PPO_Raw,5,BALANCED,0,4,0.25,0.6161295175552368,0.6187622892456832,548,190.0,2462.7999999999997,3001.2,2811.2,2272.7999999999997,6000,True
65,PPO_Raw,6,BALANCED,0,4,0.25,0.5887524485588074,0.6294246790348755,548,155.0,1924.3999999999999,2462.7999999999997,2307.7999999999997,1769.3999999999999,7000,True
65,PPO_Raw,7,BALANCED,1,8,0.5,0.237644225358963,0.8079866406761302,1064,22.0,22.0,973.1999999999999,951.1999999999999,0.0,6000,True
65,PPO_Raw,8,BALANCED,0,4,0.25,0.8196386098861694,0.549559673314778,548,578.0,4616.4,5154.799999999999,4576.799999999999,4038.3999999999996,2000,False
65,PPO_Raw,9,BANDWIDTH_EFFICIENT,0,4,0.25,0.40292540192604065,0.7127962745753448,548,351.0,3539.6,4078.0,3727.0,3188.6,15000,True
65,PPO_Raw,10,BALANCED,1,8,0.5,0.43857133388519287,0.6951341073224849,1064,140.0,973.1999999999999,1924.3999999999999,1784.3999999999999,833.1999999999999,6000,True
65,PPO_Orchestrated,1,BANDWIDTH_EFFICIENT,0,4,0.25,0.8750829100608826,0.5333097510699037,548,216.0,3001.2,3539.6,3323.6,2785.2,13000,True
65,PPO_Orchestrated,2,BANDWIDTH_EFFICIENT,0,4,0.25,0.6659166812896729,0.6002701162856764,548,734.0,5980.4,6518.799999999999,5784.799999999999,5246.4,12000,True
65,PPO_Orchestrated,3,QUALITY_CRITICAL,2,12,0.75,0.37848713994026184,0.7254329554669158,1580,727.0,6518.799999999999,7882.799999999999,7155.799999999999,5791.799999999999,3000,False
65,PPO_Orchestrated,4,QUALITY_CRITICAL,2,12,0.75,0.5023373961448669,0.6656294402083647,1580,768.0,4078.0,5442.0,4674.0,3310.0,6000,True
65,PPO_Orchestrated,5,BALANCED,0,4,0.25,0.6161295175552368,0.6187622892456832,548,190.0,2462.7999999999997,3001.2,2811.2,2272.7999999999997,6000,True
65,PPO_Orchestrated,6,BALANCED,0,4,0.25,0.5887524485588074,0.6294246790348755,548,155.0,1924.3999999999999,2462.7999999999997,2307.7999999999997,1769.3999999999999,7000,True
65,PPO_Orchestrated,7,BALANCED,1,8,0.5,0.237644225358963,0.8079866406761302,1064,22.0,22.0,973.1999999999999,951.1999999999999,0.0,6000,True
65,PPO_Orchestrated,8,BALANCED,0,4,0.25,0.8196386098861694,0.549559673314778,548,578.0,3539.6,4078.0,3500.0,2961.6,2000,False
65,PPO_Orchestrated,9,BANDWIDTH_EFFICIENT,0,4,0.25,0.40292540192604065,0.7127962745753448,548,351.0,5442.0,5980.4,5629.4,5091.0,15000,True
65,PPO_Orchestrated,10,BALANCED,1,8,0.5,0.43857133388519287,0.6951341073224849,1064,140.0,973.1999999999999,1924.3999999999999,1784.3999999999999,833.1999999999999,6000,True
66,Fixed_25pct,1,BALANCED,0,4,0.25,0.623979389667511,0.6157713616086823,548,733.0,3565.4,4103.8,3370.8,2832.4,12000,True
66,Fixed_25pct,2,QUALITY_CRITICAL,0,4,0.25,1.1406971216201782,0.46713754594258244,548,820.0,4103.8,4642.2,3822.2,3283.8,14000,True
66,Fixed_25pct,3,BALANCED,0,4,0.25,0.6735832095146179,0.597520335000269,548,903.0,4642.2,5180.599999999999,4277.599999999999,3739.2,9000,True
66,Fixed_25pct,4,QUALITY_CRITICAL,0,4,0.25,0.5020989179611206,0.6657351177360235,548,442.0,1950.1999999999998,2488.6,2046.6,1508.1999999999998,8000,True
66,Fixed_25pct,5,BALANCED,0,4,0.25,1.2817209959030151,0.43826567831718594,548,942.0,5180.599999999999,5718.999999999999,4776.999999999999,4238.599999999999,13000,True
66,Fixed_25pct,6,BALANCED,0,4,0.25,0.7429125308990479,0.5737522579427261,548,688.0,2488.6,3027.0,2339.0,1800.6,8000,True
66,Fixed_25pct,7,QUALITY_CRITICAL,0,4,0.25,0.6299450397491455,0.6135176190688636,548,695.0,3027.0,3565.4,2870.4,2332.0,3000,True
66,Fixed_25pct,8,QUALITY_CRITICAL,0,4,0.25,0.8577272295951843,0.5382921583261225,548,402.0,873.4,1411.8,1009.8,471.4,11000,True
66,Fixed_25pct,9,BANDWIDTH_EFFICIENT,0,4,0.25,0.5358183979988098,0.6511186487302224,548,335.0,335.0,873.4,538.4,0.0,10000,True
66,Fixed_25pct,10,BANDWIDTH_EFFICIENT,0,4,0.25,0.43360671401023865,0.6975413760463584,548,420.0,1411.8,1950.1999999999998,1530.1999999999998,991.8,15000,True
66,Fixed_50pct,1,BALANCED,1,8,0.5,0.33889761567115784,0.7468830986742205,1064,733.0,6042.199999999999,6993.399999999999,6260.399999999999,5309.199999999999,12000,True
66,Fixed_50pct,2,QUALITY_CRITICAL,1,8,0.5,0.5654370188713074,0.6387992541028626,1064,820.0,7944.5999999999985,8895.8,8075.799999999999,7124.5999999999985,14000,True
66,Fixed_50pct,3,BALANCED,1,8,0.5,0.2083313912153244,0.8275875370532356,1064,903.0,6993.399999999999,7944.5999999999985,7041.5999999999985,6090.399999999999,9000,True
66,Fixed_50pct,4,QUALITY_CRITICAL,1,8,0.5,0.17215974628925323,0.8531260377825929,1064,442.0,3188.5999999999995,4139.799999999999,3697.7999999999993,2746.5999999999995,8000,True
66,Fixed_50pct,5,BALANCED,1,8,0.5,0.7815978527069092,0.5612938960835794,1064,942.0,8895.8,9847.0,8905.0,7953.799999999999,13000,True
66,Fixed_50pct,6,BALANCED,1,8,0.5,0.46628591418266296,0.6819952304850585,1064,688.0,1286.1999999999998,2237.3999999999996,1549.3999999999996,598.1999999999998,8000,True
66,Fixed_50pct,7,QUALITY_CRITICAL,1,8,0.5,0.30359697341918945,0.7671082553813481,1064,695.0,2237.3999999999996,3188.5999999999995,2493.5999999999995,1542.3999999999996,3000,True
66,Fixed_50pct,8,QUALITY_CRITICAL,1,8,0.5,0.4600744843482971,0.6848965657025019,1064,402.0,4139.799999999999,5090.999999999999,4688.999999999999,3737.7999999999993,11000,True
66,Fixed_50pct,9,BANDWIDTH_EFFICIENT,1,8,0.5,0.16635426878929138,0.8573724354248116,1064,335.0,335.0,1286.1999999999998,951.1999999999998,0.0,10000,True
66,Fixed_50pct,10,BANDWIDTH_EFFICIENT,1,8,0.5,0.18601952493190765,0.8431564396525534,1064,420.0,5090.999999999999,6042.199999999999,5622.199999999999,4670.999999999999,15000,True
66,Fixed_75pct,1,BALANCED,2,12,0.75,0.1432357281446457,0.874710241625231,1580,733.0,8519.0,9883.0,9150.0,7786.0,12000,True
66,Fixed_75pct,2,QUALITY_CRITICAL,2,12,0.75,0.28948283195495605,0.7755047025200966,1580,820.0,11247.0,12611.0,11791.0,10427.0,14000,True
66,Fixed_75pct,3,BALANCED,2,12,0.75,0.04182649031281471,0.9598527291235837,1580,903.0,9883.0,11247.0,10344.0,8980.0,9000,False
66,Fixed_75pct,4,QUALITY_CRITICAL,2,12,0.75,0.11053023487329483,0.900470755858434,1580,442.0,1699.0,3063.0,2621.0,1257.0,8000,True
66,Fixed_75pct,5,BALANCED,2,12,0.75,0.41904425621032715,0.7046996565636234,1580,942.0,12611.0,13975.0,13033.0,11669.0,13000,False
66,Fixed_75pct,6,BALANCED,2,12,0.75,0.26353511214256287,0.7914303214766314,1580,688.0,4427.0,5791.0,5103.0,3739.0,8000,True
66,Fixed_75pct,7,QUALITY_CRITICAL,2,12,0.75,0.1637060046195984,0.8593235714435349,1580,695.0,3063.0,4427.0,3732.0,2368.0,3000,False
66,Fixed_75pct,8,QUALITY_CRITICAL,2,12,0.75,0.2953376770019531,0.771999469910032,1580,402.0,5791.0,7155.0,6753.0,5389.0,11000,True
66,Fixed_75pct,9,BANDWIDTH_EFFICIENT,2,12,0.75,0.05083886533975601,0.9516206841823281,1580,335.0,335.0,1699.0,1364.0,0.0,10000,True
66,Fixed_75pct,10,BANDWIDTH_EFFICIENT,2,12,0.75,0.11540405452251434,0.8965360991341234,1580,420.0,7155.0,8519.0,8099.0,6735.0,15000,True
66,Fixed_100pct,1,BALANCED,3,16,1.0,0.06177613139152527,0.9418181200677739,2096,733.0,10995.8,12772.599999999999,12039.599999999999,10262.8,12000,False
66,Fixed_100pct,2,QUALITY_CRITICAL,3,16,1.0,0.17784756422042847,0.8490062979090687,2096,820.0,12772.599999999999,14549.399999999998,13729.399999999998,11952.599999999999,14000,True
66,Fixed_100pct,3,BALANCED,3,16,1.0,0.026045365259051323,0.9746157761236264,2096,903.0,14549.399999999998,16326.199999999997,15423.199999999997,13646.399999999998,9000,False
66,Fixed_100pct,4,QUALITY_CRITICAL,3,16,1.0,0.07882829010486603,0.9269315693443637,2096,442.0,2111.8,3888.6000000000004,3446.6000000000004,1669.8000000000002,8000,True
66,Fixed_100pct,5,BALANCED,3,16,1.0,0.2649722397327423,0.7905311821003088,2096,942.0,16326.199999999997,18102.999999999996,17160.999999999996,15384.199999999997,13000,False
66,Fixed_100pct,6,BALANCED,3,16,1.0,0.15917366743087769,0.8626835029960087,2096,688.0,9219.0,10995.8,10307.8,8531.0,8000,False
66,Fixed_100pct,7,QUALITY_CRITICAL,3,16,1.0,0.05446550250053406,0.9483477625665554,2096,695.0,5665.400000000001,7442.200000000001,6747.200000000001,4970.400000000001,3000,False
66,Fixed_100pct,8,QUALITY_CRITICAL,3,16,1.0,0.18880826234817505,0.8411785412937537,2096,402.0,7442.200000000001,9219.0,8817.0,7040.200000000001,11000,True
66,Fixed_100pct,9,BANDWIDTH_EFFICIENT,3,16,1.0,0.03451740741729736,0.9666342903755761,2096,335.0,335.0,2111.8,1776.8000000000002,0.0,10000,True
66,Fixed_100pct,10,BANDWIDTH_EFFICIENT,3,16,1.0,0.05444089323282242,0.9483698957597221,2096,420.0,3888.6000000000004,5665.400000000001,5245.400000000001,3468.6000000000004,15000,True
66,PPO_Raw,1,BALANCED,1,8,0.5,0.33889761567115784,0.7468830986742205,1064,733.0,3978.2000000000003,4929.400000000001,4196.400000000001,3245.2000000000003,12000,True
66,PPO_Raw,2,QUALITY_CRITICAL,0,4,0.25,1.1406971216201782,0.46713754594258244,548,820.0,4929.400000000001,5467.8,4647.8,4109.400000000001,14000,True
66,PPO_Raw,3,BALANCED,0,4,0.25,0.6735832095146179,0.597520335000269,548,903.0,5467.8,6006.2,5103.2,4564.8,9000,True
66,PPO_Raw,4,QUALITY_CRITICAL,0,4,0.25,0.5020989179611206,0.6657351177360235,548,442.0,2901.4,3439.8,2997.8,2459.4,8000,True
66,PPO_Raw,5,BALANCED,0,4,0.25,1.2817209959030151,0.43826567831718594,548,942.0,6006.2,6544.599999999999,5602.599999999999,5064.2,13000,True
66,PPO_Raw,6,BALANCED,0,4,0.25,0.7429125308990479,0.5737522579427261,548,688.0,3439.8,3978.2000000000003,3290.2000000000003,2751.8,8000,True
66,PPO_Raw,7,QUALITY_CRITICAL,0,4,0.25,0.6299450397491455,0.6135176190688636,548,695.0,1824.6,2363.0,1668.0,1129.6,3000,True
66,PPO_Raw,8,QUALITY_CRITICAL,1,8,0.5,0.4600744843482971,0.6848965657025019,1064,402.0,873.4,1824.6,1422.6,471.4,11000,True
66,PPO_Raw,9,BANDWIDTH_EFFICIENT,0,4,0.25,0.5358183979988098,0.6511186487302224,548,335.0,335.0,873.4,538.4,0.0,10000,True
66,PPO_Raw,10,BANDWIDTH_EFFICIENT,0,4,0.25,0.43360671401023865,0.6975413760463584,548,420.0,2363.0,2901.4,2481.4,1943.0,15000,True
66,PPO_Orchestrated,1,BALANCED,1,8,0.5,0.33889761567115784,0.7468830986742205,1064,733.0,5755.0,6706.2,5973.2,5022.0,12000,True
66,PPO_Orchestrated,2,QUALITY_CRITICAL,2,12,0.75,0.28948283195495605,0.7755047025200966,1580,820.0,8070.2,9434.2,8614.2,7250.2,14000,True
66,PPO_Orchestrated,3,BALANCED,0,4,0.25,0.6735832095146179,0.597520335000269,548,903.0,5216.6,5755.0,4852.0,4313.6,9000,True
66,PPO_Orchestrated,4,QUALITY_CRITICAL,2,12,0.75,0.11053023487329483,0.900470755858434,1580,442.0,6706.2,8070.2,7628.2,6264.2,8000,True
66,PPO_Orchestrated,5,BALANCED,0,4,0.25,1.2817209959030151,0.43826567831718594,548,942.0,3314.2000000000003,3852.6000000000004,2910.6000000000004,2372.2000000000003,13000,True
66,PPO_Orchestrated,6,BALANCED,0,4,0.25,0.7429125308990479,0.5737522579427261,548,688.0,873.4,1411.8,723.8,185.39999999999998,8000,True
66,PPO_Orchestrated,7,QUALITY_CRITICAL,2,12,0.75,0.1637060046195984,0.8593235714435349,1580,695.0,3852.6000000000004,5216.6,4521.6,3157.6000000000004,3000,False
66,PPO_Orchestrated,8,QUALITY_CRITICAL,2,12,0.75,0.2953376770019531,0.771999469910032,1580,402.0,1411.8,2775.8,2373.8,1009.8,11000,True
66,PPO_Orchestrated,9,BANDWIDTH_EFFICIENT,0,4,0.25,0.5358183979988098,0.6511186487302224,548,335.0,335.0,873.4,538.4,0.0,10000,True
66,PPO_Orchestrated,10,BANDWIDTH_EFFICIENT,0,4,0.25,0.43360671401023865,0.6975413760463584,548,420.0,2775.8,3314.2000000000003,2894.2000000000003,2355.8,15000,True
67,Fixed_25pct,1,LATENCY_CRITICAL,0,4,0.25,0.9439396262168884,0.5144192682290785,548,369.0,2273.6,2812.0,2443.0,1904.6,6000,True
67,Fixed_25pct,2,QUALITY_CRITICAL,0,4,0.25,0.4281385838985443,0.7002121581717874,548,971.0,4965.599999999999,5503.999999999999,4532.999999999999,3994.5999999999995,13000,True
67,Fixed_25pct,3,LATENCY_CRITICAL,0,4,0.25,0.39432644844055176,0.7171921619348354,548,120.0,120.0,658.4,538.4,0.0,14000,True
67,Fixed_25pct,4,BALANCED,0,4,0.25,1.1071661710739136,0.474571020419501,548,237.0,1196.8,1735.1999999999998,1498.1999999999998,959.8,14000,True
67,Fixed_25pct,5,BALANCED,0,4,0.25,0.6263598799705505,0.6148700618574701,548,271.0,1735.1999999999998,2273.6,2002.6,1464.1999999999998,6000,True
67,Fixed_25pct,6,BALANCED,0,4,0.25,0.8280544281005859,0.5470296642310787,548,833.0,4427.2,4965.599999999999,4132.599999999999,3594.2,13000,True
67,Fixed_25pct,7,BANDWIDTH_EFFICIENT,0,4,0.25,1.128291130065918,0.4698605307672488,548,376.0,2812.0,3350.4,2974.4,2436.0,10000,True
67,Fixed_25pct,8,BALANCED,0,4,0.25,0.4344351291656494,0.6971385318635204,548,790.0,3888.8,4427.2,3637.2,3098.8,11000,True
67,Fixed_25pct,9,BANDWIDTH_EFFICIENT,0,4,0.25,0.38673657178878784,0.721117492928072,548,425.0,3350.4,3888.8,3463.8,2925.4,11000,True
67,Fixed_25pct,10,BALANCED,0,4,0.25,0.9091315865516663,0.5237983631113828,548,162.0,658.4,1196.8,1034.8,496.4,15000,True
67,Fixed_50pct,1,LATENCY_CRITICAL,1,8,0.5,0.4588388204574585,0.6854766859620742,1064,369.0,1071.1999999999998,2022.3999999999996,1653.3999999999996,702.1999999999998,6000,True
67,Fixed_50pct,2,QUALITY_CRITICAL,1,8,0.5,0.13523320853710175,0.8808762750066415,1064,971.0,8680.8,9632.0,8661.0,7709.799999999999,13000,True
67,Fixed_50pct,3,LATENCY_CRITICAL,1,8,0.5,0.23622380197048187,0.8089150187903256,1064,120.0,120.0,1071.1999999999998,951.1999999999998,0.0,14000,True
67,Fixed_50pct,4,BALANCED,1,8,0.5,0.6985047459602356,0.5887531385345988,1064,237.0,2022.3999999999996,2973.5999999999995,2736.5999999999995,1785.3999999999996,14000,True
67,Fixed_50pct,5,BALANCED,1,8,0.5,0.3110902011394501,0.7627240285457965,1064,271.0,3924.7999999999993,4875.999999999999,4604.999999999999,3653.7999999999993,6000,True
67,Fixed_50pct,6,BALANCED,1,8,0.5,0.5449103713035583,0.6472867414024958,1064,833.0,7729.5999999999985,8680.8,7847.799999999999,6896.5999999999985,13000,True
67,Fixed_50pct,7,BANDWIDTH_EFFICIENT,1,8,0.5,0.8416075706481934,0.54300384942924,1064,376.0,5827.199999999999,6778.399999999999,6402.399999999999,5451.199999999999,10000,True
67,Fixed_50pct,8,BALANCED,1,8,0.5,0.13494972884655,0.8810962940326005,1064,790.0,6778.399999999999,7729.5999999999985,6939.5999999999985,5988.399999999999,11000,True
67,Fixed_50pct,9,BANDWIDTH_EFFICIENT,1,8,0.5,0.21301765739917755,0.8243903078411017,1064,425.0,2973.5999999999995,3924.7999999999993,3499.7999999999993,2548.5999999999995,11000,True
67,Fixed_50pct,10,BALANCED,1,8,0.5,0.3623673915863037,0.7340163939446811,1064,162.0,4875.999999999999,5827.199999999999,5665.199999999999,4713.999999999999,15000,True
67,Fixed_75pct,1,LATENCY_CRITICAL,2,12,0.75,0.2511040270328522,0.7992940462126268,1580,369.0,2848.0,4212.0,3843.0,2479.0,6000,True
67,Fixed_75pct,2,QUALITY_CRITICAL,2,12,0.75,0.05989324301481247,0.943491249322008,1580,971.0,11032.0,12396.0,11425.0,10061.0,13000,True
67,Fixed_75pct,3,LATENCY_CRITICAL,2,12,0.75,0.08619331568479538,0.9206464314959861,1580,120.0,120.0,1484.0,1364.0,0.0,14000,True
67,Fixed_75pct,4,BALANCED,2,12,0.75,0.43363139033317566,0.6975293696433364,1580,237.0,9668.0,11032.0,10795.0,9431.0,14000,True
67,Fixed_75pct,5,BALANCED,2,12,0.75,0.11136478930711746,0.8997945675635918,1580,271.0,1484.0,2848.0,2577.0,1213.0,6000,True
67,Fixed_75pct,6,BALANCED,2,12,0.75,0.35768356919288635,0.7365486499880665,1580,833.0,8304.0,9668.0,8835.0,7471.0,13000,True
67,Fixed_75pct,7,BANDWIDTH_EFFICIENT,2,12,0.75,0.25258055329322815,0.7983518484067513,1580,376.0,4212.0,5576.0,5200.0,3836.0,10000,True
67,Fixed_75pct,8,BALANCED,2,12,0.75,0.06559326499700546,0.9384443697688069,1580,790.0,12396.0,13760.0,12970.0,11606.0,11000,False
67,Fixed_75pct,9,BANDWIDTH_EFFICIENT,2,12,0.75,0.11631202697753906,0.8958068853809104,1580,425.0,5576.0,6940.0,6515.0,5151.0,11000,True
67,Fixed_75pct,10,BALANCED,2,12,0.75,0.19985584914684296,0.8334334501190702,1580,162.0,6940.0,8304.0,8142.0,6778.0,15000,True
67,Fixed_100pct,1,LATENCY_CRITICAL,3,16,1.0,0.1607075184583664,0.8615434845534423,2096,369.0,10780.8,12557.599999999999,12188.599999999999,10411.8,6000,False
67,Fixed_100pct,2,QUALITY_CRITICAL,3,16,1.0,0.049460433423519135,0.9528706067915579,2096,971.0,16111.199999999997,17887.999999999996,16916.999999999996,15140.199999999997,13000,False
67,Fixed_100pct,3,LATENCY_CRITICAL,3,16,1.0,0.056560929864645004,0.9464669492635025,2096,120.0,120.0,1896.8,1776.8,0.0,14000,True
67,Fixed_100pct,4,BALANCED,3,16,1.0,0.23610731959342957,0.8089912454599103,2096,237.0,3673.6,5450.4,5213.4,3436.6,14000,True
67,Fixed_100pct,5,BALANCED,3,16,1.0,0.07787862420082092,0.927748243213782,2096,271.0,1896.8,3673.6,3402.6,1625.8,6000,True
67,Fixed_100pct,6,BALANCED,3,16,1.0,0.19898341596126556,0.8340398930357733,2096,833.0,14334.399999999998,16111.199999999997,15278.199999999997,13501.399999999998,13000,False
67,Fixed_100pct,7,BANDWIDTH_EFFICIENT,3,16,1.0,0.189372718334198,0.8407793323194531,2096,376.0,5450.4,7227.2,6851.2,5074.4,10000,True
67,Fixed_100pct,8,BALANCED,3,16,1.0,0.051370710134506226,0.9511392987845989,2096,790.0,12557.599999999999,14334.399999999998,13544.399999999998,11767.599999999999,11000,False
67,Fixed_100pct,9,BANDWIDTH_EFFICIENT,3,16,1.0,0.06409665197134018,0.9397642574548138,2096,425.0,7227.2,9004.0,8579.0,6802.2,11000,True
67,Fixed_100pct,10,BALANCED,3,16,1.0,0.10699369013309479,0.9033475158108346,2096,162.0,9004.0,10780.8,10618.8,8842.0,15000,True
67,PPO_Raw,1,LATENCY_CRITICAL,0,4,0.25,0.9439396262168884,0.5144192682290785,548,369.0,2273.6,2812.0,2443.0,1904.6,6000,True
67,PPO_Raw,2,QUALITY_CRITICAL,0,4,0.25,0.4281385838985443,0.7002121581717874,548,971.0,4965.599999999999,5503.999999999999,4532.999999999999,3994.5999999999995,13000,True
67,PPO_Raw,3,LATENCY_CRITICAL,0,4,0.25,0.39432644844055176,0.7171921619348354,548,120.0,120.0,658.4,538.4,0.0,14000,True
67,PPO_Raw,4,BALANCED,0,4,0.25,1.1071661710739136,0.474571020419501,548,237.0,1196.8,1735.1999999999998,1498.1999999999998,959.8,14000,True
67,PPO_Raw,5,BALANCED,0,4,0.25,0.6263598799705505,0.6148700618574701,548,271.0,1735.1999999999998,2273.6,2002.6,1464.1999999999998,6000,True
67,PPO_Raw,6,BALANCED,0,4,0.25,0.8280544281005859,0.5470296642310787,548,833.0,4427.2,4965.599999999999,4132.599999999999,3594.2,13000,True
67,PPO_Raw,7,BANDWIDTH_EFFICIENT,0,4,0.25,1.128291130065918,0.4698605307672488,548,376.0,2812.0,3350.4,2974.4,2436.0,10000,True
67,PPO_Raw,8,BALANCED,0,4,0.25,0.4344351291656494,0.6971385318635204,548,790.0,3888.8,4427.2,3637.2,3098.8,11000,True
67,PPO_Raw,9,BANDWIDTH_EFFICIENT,0,4,0.25,0.38673657178878784,0.721117492928072,548,425.0,3350.4,3888.8,3463.8,2925.4,11000,True
67,PPO_Raw,10,BALANCED,0,4,0.25,0.9091315865516663,0.5237983631113828,548,162.0,658.4,1196.8,1034.8,496.4,15000,True
67,PPO_Orchestrated,1,LATENCY_CRITICAL,0,4,0.25,0.9439396262168884,0.5144192682290785,548,369.0,2273.6,2812.0,2443.0,1904.6,6000,True
67,PPO_Orchestrated,2,QUALITY_CRITICAL,2,12,0.75,0.05989324301481247,0.943491249322008,1580,971.0,4965.599999999999,6329.599999999999,5358.599999999999,3994.5999999999995,13000,True
67,PPO_Orchestrated,3,LATENCY_CRITICAL,0,4,0.25,0.39432644844055176,0.7171921619348354,548,120.0,120.0,658.4,538.4,0.0,14000,True
67,PPO_Orchestrated,4,BALANCED,0,4,0.25,1.1071661710739136,0.474571020419501,548,237.0,1196.8,1735.1999999999998,1498.1999999999998,959.8,14000,True
67,PPO_Orchestrated,5,BALANCED,0,4,0.25,0.6263598799705505,0.6148700618574701,548,271.0,1735.1999999999998,2273.6,2002.6,1464.1999999999998,6000,True
67,PPO_Orchestrated,6,BALANCED,0,4,0.25,0.8280544281005859,0.5470296642310787,548,833.0,4427.2,4965.599999999999,4132.599999999999,3594.2,13000,True
67,PPO_Orchestrated,7,BANDWIDTH_EFFICIENT,0,4,0.25,1.128291130065918,0.4698605307672488,548,376.0,2812.0,3350.4,2974.4,2436.0,10000,True
67,PPO_Orchestrated,8,BALANCED,0,4,0.25,0.4344351291656494,0.6971385318635204,548,790.0,3888.8,4427.2,3637.2,3098.8,11000,True
67,PPO_Orchestrated,9,BANDWIDTH_EFFICIENT,0,4,0.25,0.38673657178878784,0.721117492928072,548,425.0,3350.4,3888.8,3463.8,2925.4,11000,True
67,PPO_Orchestrated,10,BALANCED,0,4,0.25,0.9091315865516663,0.5237983631113828,548,162.0,658.4,1196.8,1034.8,496.4,15000,True
68,Fixed_25pct,1,BALANCED,0,4,0.25,0.7824877500534058,0.5610136731486871,548,201.0,1682.1999999999998,2220.6,2019.6,1481.1999999999998,4000,True
68,Fixed_25pct,2,BALANCED,0,4,0.25,0.27936962246894836,0.7816349414879679,548,67.0,67.0,605.4,538.4,0.0,4000,True
68,Fixed_25pct,3,BALANCED,0,4,0.25,0.7646315693855286,0.5666905303911202,548,989.0,4912.599999999999,5450.999999999999,4461.999999999999,3923.5999999999995,3000,False
68,Fixed_25pct,4,BANDWIDTH_EFFICIENT,0,4,0.25,0.8000677227973938,0.5555346542439807,548,96.0,605.4,1143.8,1047.8,509.4,10000,True
68,Fixed_25pct,5,BALANCED,0,4,0.25,0.961593747138977,0.5097895532438965,548,860.0,4374.2,4912.599999999999,4052.5999999999995,3514.2,7000,True
68,Fixed_25pct,6,BANDWIDTH_EFFICIENT,0,4,0.25,1.2956136465072632,0.43561337140571665,548,230.0,2220.6,2759.0,2529.0,1990.6,5000,True
68,Fixed_25pct,7,BALANCED,0,4,0.25,0.8674022555351257,0.5355032623720584,548,504.0,2759.0,3297.4,2793.4,2255.0,4000,True
68,Fixed_25pct,8,LATENCY_CRITICAL,0,4,0.25,0.6648937463760376,0.6006389309688338,548,695.0,3835.8,4374.2,3679.2,3140.8,13000,True
68,Fixed_25pct,9,BALANCED,0,4,0.25,0.5508222579956055,0.6448192207999852,548,120.0,1143.8,1682.1999999999998,1562.1999999999998,1023.8,9000,True
68,Fixed_25pct,10,BALANCED,0,4,0.25,0.38081130385398865,0.7242119160010463,548,651.0,3297.4,3835.8,3184.8,2646.4,9000,True
68,Fixed_50pct,1,BALANCED,1,8,0.5,0.3589010238647461,0.7358887677897076,1064,201.0,1018.1999999999999,1969.3999999999999,1768.3999999999999,817.1999999999999,4000,True
68,Fixed_50pct,2,BALANCED,1,8,0.5,0.16283836960792542,0.8599647432834284,1064,67.0,67.0,1018.1999999999999,951.1999999999999,0.0,4000,True
68,Fixed_50pct,3,BALANCED,1,8,0.5,0.23289597034454346,0.8110984414366618,1064,989.0,4823.0,5774.2,4785.2,3834.0,3000,False
68,Fixed_50pct,4,BANDWIDTH_EFFICIENT,1,8,0.5,0.28031742572784424,0.7810563067448002,1064,96.0,5774.2,6725.4,6629.4,5678.2,10000,True
68,Fixed_50pct,5,BALANCED,1,8,0.5,0.6862190365791321,0.5930427650898313,1064,860.0,8627.8,9579.0,8719.0,7767.799999999999,7000,False
68,Fixed_50pct,6,BANDWIDTH_EFFICIENT,1,8,0.5,0.7190425395965576,0.581719170390449,1064,230.0,1969.3999999999999,2920.6,2690.6,1739.3999999999999,5000,True
68,Fixed_50pct,7,BALANCED,1,8,0.5,0.33716097474098206,0.7478531148381049,1064,504.0,2920.6,3871.7999999999997,3367.7999999999997,2416.6,4000,True
68,Fixed_50pct,8,LATENCY_CRITICAL,1,8,0.5,0.2943499684333801,0.772588576805354,1064,695.0,7676.599999999999,8627.8,7932.799999999999,6981.599999999999,13000,True
68,Fixed_50pct,9,BALANCED,1,8,0.5,0.261075884103775,0.7929736922300142,1064,120.0,6725.4,7676.599999999999,7556.599999999999,6605.4,9000,True
68,Fixed_50pct,10,BALANCED,1,8,0.5,0.18676142394542694,0.8426293438789639,1064,651.0,3871.7999999999997,4823.0,4172.0,3220.7999999999997,9000,True
68,Fixed_75pct,1,BALANCED,2,12,0.75,0.13226577639579773,0.8831848677641542,1580,201.0,1431.0,2795.0,2594.0,1230.0,4000,True
68,Fixed_75pct,2,BALANCED,2,12,0.75,0.059715960174798965,0.943649088605829,1580,67.0,67.0,1431.0,1364.0,0.0,4000,True
68,Fixed_75pct,3,BALANCED,2,12,0.75,0.09987214207649231,0.9091965890799455,1580,989.0,9615.0,10979.0,9990.0,8626.0,3000,False
68,Fixed_75pct,4,BANDWIDTH_EFFICIENT,2,12,0.75,0.06596380472183228,0.9381181570803468,1580,96.0,6887.0,8251.0,8155.0,6791.0,10000,True
68,Fixed_75pct,5,BALANCED,2,12,0.75,0.37835219502449036,0.7255039775826179,1580,860.0,12343.0,13707.0,12847.0,11483.0,7000,False
68,Fixed_75pct,6,BANDWIDTH_EFFICIENT,2,12,0.75,0.42007431387901306,0.7041884993106056,1580,230.0,2795.0,4159.0,3929.0,2565.0,5000,True
68,Fixed_75pct,7,BALANCED,2,12,0.75,0.14370277523994446,0.8743530414099099,1580,504.0,4159.0,5523.0,5019.0,3655.0,4000,False
68,Fixed_75pct,8,LATENCY_CRITICAL,2,12,0.75,0.11740920692682266,0.8949272959279352,1580,695.0,8251.0,9615.0,8920.0,7556.0,13000,True
68,Fixed_75pct,9,BALANCED,2,12,0.75,0.0834183469414711,0.9230044911303523,1580,120.0,10979.0,12343.0,12223.0,10859.0,9000,False
68,Fixed_75pct,10,BALANCED,2,12,0.75,0.0548926517367363,0.9479637556993472,1580,651.0,5523.0,6887.0,6236.0,4872.0,9000,True
68,Fixed_100pct,1,BALANCED,3,16,1.0,0.08267616480588913,0.9236372172091625,2096,201.0,7174.2,8951.0,8750.0,6973.2,4000,False
68,Fixed_100pct,2,BALANCED,3,16,1.0,0.03675135225057602,0.96455143060986,2096,67.0,67.0,1843.8,1776.8,0.0,4000,True
68,Fixed_100pct,3,BALANCED,3,16,1.0,0.0704304575920105,0.9342036121146557,2096,989.0,1843.8,3620.6,2631.6,854.8,3000,True
68,Fixed_100pct,4,BANDWIDTH_EFFICIENT,3,16,1.0,0.04219791665673256,0.9595106495778659,2096,96.0,3620.6,5397.4,5301.4,3524.6,10000,True
68,Fixed_100pct,5,BALANCED,3,16,1.0,0.20925407111644745,0.8269560747285697,2096,860.0,16058.199999999997,17834.999999999996,16974.999999999996,15198.199999999997,7000,False
68,Fixed_100pct,6,BANDWIDTH_EFFICIENT,3,16,1.0,0.25044554471969604,0.7997149529803501,2096,230.0,8951.0,10727.8,10497.8,8721.0,5000,False
68,Fixed_100pct,7,BALANCED,3,16,1.0,0.0743032768368721,0.9308358464142015,2096,504.0,10727.8,12504.599999999999,12000.599999999999,10223.8,4000,False
68,Fixed_100pct,8,LATENCY_CRITICAL,3,16,1.0,0.08003518730401993,0.9258957594670564,2096,695.0,14281.399999999998,16058.199999999997,15363.199999999997,13586.399999999998,13000,False
68,Fixed_100pct,9,BALANCED,3,16,1.0,0.059363849461078644,0.9439627381175237,2096,120.0,5397.4,7174.2,7054.2,5277.4,9000,True
68,Fixed_100pct,10,BALANCED,3,16,1.0,0.026977699249982834,0.9737309785113298,2096,651.0,12504.599999999999,14281.399999999998,13630.399999999998,11853.599999999999,9000,False
68,PPO_Raw,1,BALANCED,0,4,0.25,0.7824877500534058,0.5610136731486871,548,201.0,1682.1999999999998,2220.6,2019.6,1481.1999999999998,4000,True
68,PPO_Raw,2,BALANCED,0,4,0.25,0.27936962246894836,0.7816349414879679,548,67.0,67.0,605.4,538.4,0.0,4000,True
68,PPO_Raw,3,BALANCED,0,4,0.25,0.7646315693855286,0.5666905303911202,548,989.0,4912.599999999999,5450.999999999999,4461.999999999999,3923.5999999999995,3000,False
68,PPO_Raw,4,BANDWIDTH_EFFICIENT,0,4,0.25,0.8000677227973938,0.5555346542439807,548,96.0,605.4,1143.8,1047.8,509.4,10000,True
68,PPO_Raw,5,BALANCED,0,4,0.25,0.961593747138977,0.5097895532438965,548,860.0,4374.2,4912.599999999999,4052.5999999999995,3514.2,7000,True
68,PPO_Raw,6,BANDWIDTH_EFFICIENT,0,4,0.25,1.2956136465072632,0.43561337140571665,548,230.0,2220.6,2759.0,2529.0,1990.6,5000,True
68,PPO_Raw,7,BALANCED,0,4,0.25,0.8674022555351257,0.5355032623720584,548,504.0,2759.0,3297.4,2793.4,2255.0,4000,True
68,PPO_Raw,8,LATENCY_CRITICAL,0,4,0.25,0.6648937463760376,0.6006389309688338,548,695.0,3835.8,4374.2,3679.2,3140.8,13000,True
68,PPO_Raw,9,BALANCED,0,4,0.25,0.5508222579956055,0.6448192207999852,548,120.0,1143.8,1682.1999999999998,1562.1999999999998,1023.8,9000,True
68,PPO_Raw,10,BALANCED,0,4,0.25,0.38081130385398865,0.7242119160010463,548,651.0,3297.4,3835.8,3184.8,2646.4,9000,True
68,PPO_Orchestrated,1,BALANCED,0,4,0.25,0.7824877500534058,0.5610136731486871,548,201.0,1682.1999999999998,2220.6,2019.6,1481.1999999999998,4000,True
68,PPO_Orchestrated,2,BALANCED,0,4,0.25,0.27936962246894836,0.7816349414879679,548,67.0,67.0,605.4,538.4,0.0,4000,True
68,PPO_Orchestrated,3,BALANCED,0,4,0.25,0.7646315693855286,0.5666905303911202,548,989.0,4912.599999999999,5450.999999999999,4461.999999999999,3923.5999999999995,3000,False
68,PPO_Orchestrated,4,BANDWIDTH_EFFICIENT,0,4,0.25,0.8000677227973938,0.5555346542439807,548,96.0,605.4,1143.8,1047.8,509.4,10000,True
68,PPO_Orchestrated,5,BALANCED,0,4,0.25,0.961593747138977,0.5097895532438965,548,860.0,4374.2,4912.599999999999,4052.5999999999995,3514.2,7000,True
68,PPO_Orchestrated,6,BANDWIDTH_EFFICIENT,0,4,0.25,1.2956136465072632,0.43561337140571665,548,230.0,2220.6,2759.0,2529.0,1990.6,5000,True
68,PPO_Orchestrated,7,BALANCED,0,4,0.25,0.8674022555351257,0.5355032623720584,548,504.0,2759.0,3297.4,2793.4,2255.0,4000,True
68,PPO_Orchestrated,8,LATENCY_CRITICAL,0,4,0.25,0.6648937463760376,0.6006389309688338,548,695.0,3835.8,4374.2,3679.2,3140.8,13000,True
68,PPO_Orchestrated,9,BALANCED,0,4,0.25,0.5508222579956055,0.6448192207999852,548,120.0,1143.8,1682.1999999999998,1562.1999999999998,1023.8,9000,True
68,PPO_Orchestrated,10,BALANCED,0,4,0.25,0.38081130385398865,0.7242119160010463,548,651.0,3297.4,3835.8,3184.8,2646.4,9000,True
69,Fixed_25pct,1,BALANCED,0,4,0.25,1.2028019428253174,0.45396727711134954,548,899.0,3833.8,4372.2,3473.2,2934.8,9000,True
69,Fixed_25pct,2,QUALITY_CRITICAL,0,4,0.25,0.7247992157936096,0.5797776290963136,548,646.0,3295.4,3833.8,3187.8,2649.4,11000,True
69,Fixed_25pct,3,BANDWIDTH_EFFICIENT,0,4,0.25,1.13016676902771,0.4694468125875602,548,445.0,2757.0,3295.4,2850.4,2312.0,4000,True
69,Fixed_25pct,4,BALANCED,0,4,0.25,0.6783662438392639,0.5958175122209913,548,65.0,65.0,603.4,538.4,0.0,9000,True
69,Fixed_25pct,5,BANDWIDTH_EFFICIENT,0,4,0.25,0.667691171169281,0.5996314049554285,548,902.0,4372.2,4910.599999999999,4008.5999999999995,3470.2,6000,True
69,Fixed_25pct,6,BALANCED,0,4,0.25,0.39638224244117737,0.7161362910572282,548,314.0,1680.1999999999998,2218.6,1904.6,1366.1999999999998,4000,True
69,Fixed_25pct,7,BALANCED,0,4,0.25,0.7632935047149658,0.5671205600916954,548,887.0,4910.599999999999,5448.999999999999,4561.999999999999,4023.5999999999995,3000,False
69,Fixed_25pct,8,BANDWIDTH_EFFICIENT,0,4,0.25,0.5453534722328186,0.6471011441512734,548,67.0,603.4,1141.8,1074.8,536.4,8000,True
69,Fixed_25pct,9,BALANCED,0,4,0.25,0.952319324016571,0.5122112902835315,548,335.0,2218.6,2757.0,2422.0,1883.6,5000,True
69,Fixed_25pct,10,BANDWIDTH_EFFICIENT,0,4,0.25,0.9032454490661621,0.5254183061310644,548,193.0,1141.8,1680.1999999999998,1487.1999999999998,948.8,13000,True
69,Fixed_50pct,1,BALANCED,1,8,0.5,0.6901982426643372,0.5916465742051974,1064,899.0,2918.6,3869.7999999999997,2970.7999999999997,2019.6,9000,True
69,Fixed_50pct,2,QUALITY_CRITICAL,1,8,0.5,0.36901891231536865,0.7304500989754326,1064,646.0,6723.4,7674.599999999999,7028.599999999999,6077.4,11000,True
69,Fixed_50pct,3,BANDWIDTH_EFFICIENT,1,8,0.5,0.6021648049354553,0.624155515662002,1064,445.0,4821.0,5772.2,5327.2,4376.0,4000,False
69,Fixed_50pct,4,BALANCED,1,8,0.5,0.2632973790168762,0.7915792564837112,1064,65.0,65.0,1016.1999999999999,951.1999999999999,0.0,9000,True
69,Fixed_50pct,5,BANDWIDTH_EFFICIENT,1,8,0.5,0.29583558440208435,0.7717028394936486,1064,902.0,1967.3999999999999,2918.6,2016.6,1065.3999999999999,6000,True
69,Fixed_50pct,6,BALANCED,1,8,0.5,0.13044515252113342,0.8846072697731394,1064,314.0,1016.1999999999999,1967.3999999999999,1653.3999999999999,702.1999999999999,4000,True
69,Fixed_50pct,7,BALANCED,1,8,0.5,0.20044384896755219,0.8330252188472248,1064,887.0,7674.599999999999,8625.8,7738.799999999999,6787.599999999999,3000,False
69,Fixed_50pct,8,BANDWIDTH_EFFICIENT,1,8,0.5,0.22675399482250214,0.8151593589427757,1064,67.0,3869.7999999999997,4821.0,4754.0,3802.7999999999997,8000,True
69,Fixed_50pct,9,BALANCED,1,8,0.5,0.4600912928581238,0.6848886812019154,1064,335.0,8625.8,9577.0,9242.0,8290.8,5000,False
69,Fixed_50pct,10,BANDWIDTH_EFFICIENT,1,8,0.5,0.6194146871566772,0.617507058526048,1064,193.0,5772.2,6723.4,6530.4,5579.2,13000,True
69,Fixed_75pct,1,BALANCED,2,12,0.75,0.34966760873794556,0.7409231676939223,1580,899.0,5521.0,6885.0,5986.0,4622.0,9000,True
69,Fixed_75pct,2,QUALITY_CRITICAL,2,12,0.75,0.16332703828811646,0.8596035053664196,1580,646.0,9613.0,10977.0,10331.0,8967.0,11000,True
69,Fixed_75pct,3,BANDWIDTH_EFFICIENT,2,12,0.75,0.3752305805683136,0.7271507877513532,1580,445.0,4157.0,5521.0,5076.0,3712.0,4000,False
69,Fixed_75pct,4,BALANCED,2,12,0.75,0.06824355572462082,0.9361161082049971,1580,65.0,65.0,1429.0,1364.0,0.0,9000,True
69,Fixed_75pct,5,BANDWIDTH_EFFICIENT,2,12,0.75,0.2271195948123932,0.8149164956924055,1580,902.0,6885.0,8249.0,7347.0,5983.0,6000,False
69,Fixed_75pct,6,BALANCED,2,12,0.75,0.08514977991580963,0.9215317723951288,1580,314.0,1429.0,2793.0,2479.0,1115.0,4000,True
69,Fixed_75pct,7,BALANCED,2,12,0.75,0.053819555789232254,0.94892905954006,1580,887.0,12341.0,13705.0,12818.0,11454.0,3000,False
69,Fixed_75pct,8,BANDWIDTH_EFFICIENT,2,12,0.75,0.16064536571502686,0.861589620343627,1580,67.0,10977.0,12341.0,12274.0,10910.0,8000,False
69,Fixed_75pct,9,BALANCED,2,12,0.75,0.22472591698169708,0.816509217396552,1580,335.0,2793.0,4157.0,3822.0,2458.0,5000,True
69,Fixed_75pct,10,BANDWIDTH_EFFICIENT,2,12,0.75,0.32798540592193604,0.7530203235221274,1580,193.0,8249.0,9613.0,9420.0,8056.0,13000,True
69,Fixed_100pct,1,BALANCED,3,16,1.0,0.1079891249537468,0.9025359342238537,2096,899.0,16056.199999999997,17832.999999999996,16933.999999999996,15157.199999999997,9000,False
69,Fixed_100pct,2,QUALITY_CRITICAL,3,16,1.0,0.07350220531225204,0.9315304570884675,2096,646.0,12502.599999999999,14279.399999999998,13633.399999999998,11856.599999999999,11000,False
69,Fixed_100pct,3,BANDWIDTH_EFFICIENT,3,16,1.0,0.1382039189338684,0.8785771893464213,2096,445.0,10725.8,12502.599999999999,12057.599999999999,10280.8,4000,False
69,Fixed_100pct,4,BALANCED,3,16,1.0,0.030207093805074692,0.9706786198748597,2096,65.0,65.0,1841.8,1776.8,0.0,9000,True
69,Fixed_100pct,5,BANDWIDTH_EFFICIENT,3,16,1.0,0.1955808848142624,0.8364135063562458,2096,902.0,1841.8,3618.6,2716.6,939.8,6000,True
69,Fixed_100pct,6,BALANCED,3,16,1.0,0.06536420434713364,0.9386461417791022,2096,314.0,3618.6,5395.4,5081.4,3304.6,4000,False
69,Fixed_100pct,7,BALANCED,3,16,1.0,0.038726966828107834,0.9627168947520773,2096,887.0,14279.399999999998,16056.199999999997,15169.199999999997,13392.399999999998,3000,False
69,Fixed_100pct,8,BANDWIDTH_EFFICIENT,3,16,1.0,0.10355085134506226,0.9061657637082611,2096,67.0,5395.4,7172.2,7105.2,5328.4,8000,True
69,Fixed_100pct,9,BALANCED,3,16,1.0,0.13851432502269745,0.8783376528706075,2096,335.0,8949.0,10725.8,10390.8,8614.0,5000,False
69,Fixed_100pct,10,BANDWIDTH_EFFICIENT,3,16,1.0,0.15314117074012756,0.8671965110379017,2096,193.0,7172.2,8949.0,8756.0,6979.2,13000,True
69,PPO_Raw,1,BALANCED,1,8,0.5,0.6901982426643372,0.5916465742051974,1064,899.0,4246.6,5197.8,4298.8,3347.6000000000004,9000,True
69,PPO_Raw,2,QUALITY_CRITICAL,0,4,0.25,0.7247992157936096,0.5797776290963136,548,646.0,3708.2000000000003,4246.6,3600.6000000000004,3062.2000000000003,11000,True
69,PPO_Raw,3,BANDWIDTH_EFFICIENT,0,4,0.25,1.13016676902771,0.4694468125875602,548,445.0,1554.6,2093.0,1648.0,1109.6,4000,True
69,PPO_Raw,4,BALANCED,1,8,0.5,0.2632973790168762,0.7915792564837112,1064,65.0,65.0,1016.1999999999999,951.1999999999999,0.0,9000,True
69,PPO_Raw,5,BANDWIDTH_EFFICIENT,0,4,0.25,0.667691171169281,0.5996314049554285,548,902.0,5197.8,5736.2,4834.2,4295.8,6000,True
69,PPO_Raw,6,BALANCED,0,4,0.25,0.39638224244117737,0.7161362910572282,548,314.0,2631.4,3169.8,2855.8,2317.4,4000,True
69,PPO_Raw,7,BALANCED,0,4,0.25,0.7632935047149658,0.5671205600916954,548,887.0,5736.2,6274.599999999999,5387.599999999999,4849.2,3000,False
69,PPO_Raw,8,BANDWIDTH_EFFICIENT,0,4,0.25,0.5453534722328186,0.6471011441512734,548,67.0,1016.1999999999999,1554.6,1487.6,949.1999999999999,8000,True
69,PPO_Raw,9,BALANCED,0,4,0.25,0.952319324016571,0.5122112902835315,548,335.0,3169.8,3708.2000000000003,3373.2000000000003,2834.8,5000,True
69,PPO_Raw,10,BANDWIDTH_EFFICIENT,0,4,0.25,0.9032454490661621,0.5254183061310644,548,193.0,2093.0,2631.4,2438.4,1900.0,13000,True
69,PPO_Orchestrated,1,BALANCED,1,8,0.5,0.6901982426643372,0.5916465742051974,1064,899.0,5197.799999999999,6148.999999999999,5249.999999999999,4298.799999999999,9000,True
69,PPO_Orchestrated,2,QUALITY_CRITICAL,2,12,0.75,0.16332703828811646,0.8596035053664196,1580,646.0,6148.999999999999,7512.999999999999,6866.999999999999,5502.999999999999,11000,True
69,PPO_Orchestrated,3,BANDWIDTH_EFFICIENT,0,4,0.25,1.13016676902771,0.4694468125875602,548,445.0,1967.4,2505.8,2060.8,1522.4,4000,True
69,PPO_Orchestrated,4,BALANCED,2,12,0.75,0.06824355572462082,0.9361161082049971,1580,65.0,65.0,1429.0,1364.0,0.0,9000,True
69,PPO_Orchestrated,5,BANDWIDTH_EFFICIENT,0,4,0.25,0.667691171169281,0.5996314049554285,548,902.0,3582.6000000000004,4121.0,3219.0,2680.6000000000004,6000,True
69,PPO_Orchestrated,6,BALANCED,0,4,0.25,0.39638224244117737,0.7161362910572282,548,314.0,4659.4,5197.799999999999,4883.799999999999,4345.4,4000,False
69,PPO_Orchestrated,7,BALANCED,0,4,0.25,0.7632935047149658,0.5671205600916954,548,887.0,4121.0,4659.4,3772.3999999999996,3234.0,3000,False
69,PPO_Orchestrated,8,BANDWIDTH_EFFICIENT,0,4,0.25,0.5453534722328186,0.6471011441512734,548,67.0,1429.0,1967.4,1900.4,1362.0,8000,True
69,PPO_Orchestrated,9,BALANCED,0,4,0.25,0.952319324016571,0.5122112902835315,548,335.0,2505.8,3044.2000000000003,2709.2000000000003,2170.8,5000,True
69,PPO_Orchestrated,10,BANDWIDTH_EFFICIENT,0,4,0.25,0.9032454490661621,0.5254183061310644,548,193.0,3044.2000000000003,3582.6000000000004,3389.6000000000004,2851.2000000000003,13000,True
70,Fixed_25pct,1,BALANCED,0,4,0.25,2.7642934322357178,0.26565410428327646,548,778.0,2908.0,3446.4,2668.4,2130.0,3000,True
70,Fixed_25pct,2,QUALITY_CRITICAL,0,4,0.25,0.40679463744163513,0.71083580601258,548,595.0,2369.6,2908.0,2313.0,1774.6,14000,True
70,Fixed_25pct,3,BALANCED,0,4,0.25,0.8504971861839294,0.5403953096854941,548,257.0,754.4,1292.8,1035.8,497.4,13000,True
70,Fixed_25pct,4,QUALITY_CRITICAL,0,4,0.25,0.3702506124973297,0.7297935070267657,548,616.0,4523.2,5061.599999999999,4445.599999999999,3907.2,12000,True
70,Fixed_25pct,5,BALANCED,0,4,0.25,1.0418205261230469,0.4897590102587384,548,216.0,216.0,754.4,538.4,0.0,8000,True
70,Fixed_25pct,6,BALANCED,0,4,0.25,1.1536126136779785,0.4643360619494989,548,706.0,5061.599999999999,5599.999999999999,4893.999999999999,4355.599999999999,9000,True
70,Fixed_25pct,7,BALANCED,0,4,0.25,0.5883896350860596,0.6295684496492069,548,556.0,1831.1999999999998,2369.6,1813.6,1275.1999999999998,12000,True
70,Fixed_25pct,8,BALANCED,0,4,0.25,0.3780621886253357,0.7256566563208111,548,873.0,3446.4,3984.8,3111.8,2573.4,9000,True
70,Fixed_25pct,9,BALANCED,0,4,0.25,0.757845938205719,0.568878067335484,548,615.0,3984.8,4523.2,3908.2,3369.8,7000,True
70,Fixed_25pct,10,BALANCED,0,4,0.25,0.5576180815696716,0.6420059010821585,548,367.0,1292.8,1831.1999999999998,1464.1999999999998,925.8,11000,True
70,Fixed_50pct,1,BALANCED,1,8,0.5,1.4986017942428589,0.40022383810983614,1064,778.0,4971.999999999999,5923.199999999999,5145.199999999999,4193.999999999999,3000,False
70,Fixed_50pct,2,QUALITY_CRITICAL,1,8,0.5,0.22093233466148376,0.8190462088771369,1064,595.0,1167.1999999999998,2118.3999999999996,1523.3999999999996,572.1999999999998,14000,True
70,Fixed_50pct,3,BALANCED,1,8,0.5,0.3766607344150543,0.7263953819565442,1064,257.0,6874.399999999999,7825.5999999999985,7568.5999999999985,6617.399999999999,13000,True
70,Fixed_50pct,4,QUALITY_CRITICAL,1,8,0.5,0.19892561435699463,0.8340801030732152,1064,616.0,3069.5999999999995,4020.7999999999993,3404.7999999999993,2453.5999999999995,12000,True
70,Fixed_50pct,5,BALANCED,1,8,0.5,0.36923784017562866,0.7303333070839851,1064,216.0,216.0,1167.1999999999998,951.1999999999998,0.0,8000,True
70,Fixed_50pct,6,BALANCED,1,8,0.5,0.5908706188201904,0.6285866293398595,1064,706.0,4020.7999999999993,4971.999999999999,4265.999999999999,3314.7999999999993,9000,True
70,Fixed_50pct,7,BALANCED,1,8,0.5,0.32975491881370544,0.7520182748352721,1064,556.0,8776.8,9728.0,9172.0,8220.8,12000,True
70,Fixed_50pct,8,BALANCED,1,8,0.5,0.26363295316696167,0.7913690423265431,1064,873.0,5923.199999999999,6874.399999999999,6001.399999999999,5050.199999999999,9000,True
70,Fixed_50pct,9,BALANCED,1,8,0.5,0.40115809440612793,0.7136953381579998,1064,615.0,2118.3999999999996,3069.5999999999995,2454.5999999999995,1503.3999999999996,7000,True
70,Fixed_50pct,10,BALANCED,1,8,0.5,0.15404267609119415,0.866519081761391,1064,367.0,7825.5999999999985,8776.8,8409.8,7458.5999999999985,11000,True
70,Fixed_75pct,1,BALANCED,2,12,0.75,0.7524340748786926,0.5706348754199054,1580,778.0,8400.0,9764.0,8986.0,7622.0,3000,False
70,Fixed_75pct,2,QUALITY_CRITICAL,2,12,0.75,0.12825287878513336,0.8863261231620061,1580,595.0,11128.0,12492.0,11897.0,10533.0,14000,True
70,Fixed_75pct,3,BALANCED,2,12,0.75,0.14655838906764984,0.8721753811536566,1580,257.0,9764.0,11128.0,10871.0,9507.0,13000,True
70,Fixed_75pct,4,QUALITY_CRITICAL,2,12,0.75,0.050956841558218,0.9515138590442344,1580,616.0,12492.0,13856.0,13240.0,11876.0,12000,False
70,Fixed_75pct,5,BALANCED,2,12,0.75,0.13316914439201355,0.8824807884585812,1580,216.0,216.0,1580.0,1364.0,0.0,8000,True
70,Fixed_75pct,6,BALANCED,2,12,0.75,0.12332632392644882,0.8902132699112962,1580,706.0,7036.0,8400.0,7694.0,6330.0,9000,True
70,Fixed_75pct,7,BALANCED,2,12,0.75,0.18478667736053467,0.8440337987491537,1580,556.0,2944.0,4308.0,3752.0,2388.0,12000,True
70,Fixed_75pct,8,BALANCED,2,12,0.75,0.1449795514345169,0.8733780430813148,1580,873.0,4308.0,5672.0,4799.0,3435.0,9000,True
70,Fixed_75pct,9,BALANCED,2,12,0.75,0.21471507847309113,0.8232383196041412,1580,615.0,5672.0,7036.0,6421.0,5057.0,7000,True
70,Fixed_75pct,10,BALANCED,2,12,0.75,0.06437143683433533,0.9395216419694712,1580,367.0,1580.0,2944.0,2577.0,1213.0,11000,True
70,Fixed_100pct,1,BALANCED,3,16,1.0,0.3664776682853699,0.7318085199700196,2096,778.0,16207.199999999997,17983.999999999996,17205.999999999996,15429.199999999997,3000,False
70,Fixed_100pct,2,QUALITY_CRITICAL,3,16,1.0,0.0758039802312851,0.9295373677507791,2096,595.0,7323.2,9100.0,8505.0,6728.2,14000,True
70,Fixed_100pct,3,BALANCED,3,16,1.0,0.03730739280581474,0.964034390321945,2096,257.0,5546.4,7323.2,7066.2,5289.4,13000,True
70,Fixed_100pct,4,QUALITY_CRITICAL,3,16,1.0,0.024400297552347183,0.9761808956804795,2096,616.0,10876.8,12653.599999999999,12037.599999999999,10260.8,12000,False
70,Fixed_100pct,5,BALANCED,3,16,1.0,0.11765599250793457,0.8947296902654962,2096,216.0,216.0,1992.8,1776.8,0.0,8000,True
70,Fixed_100pct,6,BALANCED,3,16,1.0,0.07433560490608215,0.9308078364278167,2096,706.0,14430.399999999998,16207.199999999997,15501.199999999997,13724.399999999998,9000,False
70,Fixed_100pct,7,BALANCED,3,16,1.0,0.09172840416431427,0.915978732609298,2096,556.0,3769.6,5546.4,4990.4,3213.6,12000,True
70,Fixed_100pct,8,BALANCED,3,16,1.0,0.10113097727298737,0.9081571771566685,2096,873.0,12653.599999999999,14430.399999999998,13557.399999999998,11780.599999999999,9000,False
70,Fixed_100pct,9,BALANCED,3,16,1.0,0.16253140568733215,0.8601918151267169,2096,615.0,9100.0,10876.8,10261.8,8485.0,7000,False
70,Fixed_100pct,10,BALANCED,3,16,1.0,0.0425628237426281,0.9591748115573174,2096,367.0,1992.8,3769.6,3402.6,1625.8,11000,True
70,PPO_Raw,1,BALANCED,0,4,0.25,2.7642934322357178,0.26565410428327646,548,778.0,2908.0,3446.4,2668.4,2130.0,3000,True
70,PPO_Raw,2,QUALITY_CRITICAL,2,12,0.75,0.12825287878513336,0.8863261231620061,1580,595.0,3984.8,5348.8,4753.8,3389.8,14000,True
70,PPO_Raw,3,BALANCED,0,4,0.25,0.8504971861839294,0.5403953096854941,548,257.0,754.4,1292.8,1035.8,497.4,13000,True
70,PPO_Raw,4,QUALITY_CRITICAL,0,4,0.25,0.3702506124973297,0.7297935070267657,548,616.0,5348.8,5887.2,5271.2,4732.8,12000,True
70,PPO_Raw,5,BALANCED,0,4,0.25,1.0418205261230469,0.4897590102587384,548,216.0,216.0,754.4,538.4,0.0,8000,True
70,PPO_Raw,6,BALANCED,0,4,0.25,1.1536126136779785,0.4643360619494989,548,706.0,5887.2,6425.599999999999,5719.599999999999,5181.2,9000,True
70,PPO_Raw,7,BALANCED,0,4,0.25,0.5883896350860596,0.6295684496492069,548,556.0,1831.1999999999998,2369.6,1813.6,1275.1999999999998,12000,True
70,PPO_Raw,8,BALANCED,0,4,0.25,0.3780621886253357,0.7256566563208111,548,873.0,3446.4,3984.8,3111.8,2573.4,9000,True
70,PPO_Raw,9,BALANCED,0,4,0.25,0.757845938205719,0.568878067335484,548,615.0,2369.6,2908.0,2293.0,1754.6,7000,True
70,PPO_Raw,10,BALANCED,0,4,0.25,0.5576180815696716,0.6420059010821585,548,367.0,1292.8,1831.1999999999998,1464.1999999999998,925.8,11000,True
70,PPO_Orchestrated,1,BALANCED,0,4,0.25,2.7642934322357178,0.26565410428327646,548,778.0,2908.0,3446.4,2668.4,2130.0,3000,True
70,PPO_Orchestrated,2,QUALITY_CRITICAL,2,12,0.75,0.12825287878513336,0.8863261231620061,1580,595.0,3984.8,5348.8,4753.8,3389.8,14000,True
70,PPO_Orchestrated,3,BALANCED,0,4,0.25,0.8504971861839294,0.5403953096854941,548,257.0,754.4,1292.8,1035.8,497.4,13000,True
70,PPO_Orchestrated,4,QUALITY_CRITICAL,2,12,0.75,0.050956841558218,0.9515138590442344,1580,616.0,5887.2,7251.2,6635.2,5271.2,12000,True
70,PPO_Orchestrated,5,BALANCED,0,4,0.25,1.0418205261230469,0.4897590102587384,548,216.0,216.0,754.4,538.4,0.0,8000,True
70,PPO_Orchestrated,6,BALANCED,0,4,0.25,1.1536126136779785,0.4643360619494989,548,706.0,5348.8,5887.2,5181.2,4642.8,9000,True
70,PPO_Orchestrated,7,BALANCED,0,4,0.25,0.5883896350860596,0.6295684496492069,548,556.0,1831.1999999999998,2369.6,1813.6,1275.1999999999998,12000,True
70,PPO_Orchestrated,8,BALANCED,0,4,0.25,0.3780621886253357,0.7256566563208111,548,873.0,3446.4,3984.8,3111.8,2573.4,9000,True
70,PPO_Orchestrated,9,BALANCED,0,4,0.25,0.757845938205719,0.568878067335484,548,615.0,2369.6,2908.0,2293.0,1754.6,7000,True
70,PPO_Orchestrated,10,BALANCED,0,4,0.25,0.5576180815696716,0.6420059010821585,548,367.0,1292.8,1831.1999999999998,1464.1999999999998,925.8,11000,True
71,Fixed_25pct,1,BALANCED,0,4,0.25,1.6040302515029907,0.38402011628813504,548,915.0,4339.2,4877.599999999999,3962.5999999999995,3424.2,12000,True
71,Fixed_25pct,2,BALANCED,0,4,0.25,0.5212960243225098,0.6573342623736479,548,50.0,570.4,1108.8,1058.8,520.4,8000,True
71,Fixed_25pct,3,BALANCED,0,4,0.25,0.3268671929836273,0.7536549289091808,548,921.0,4877.599999999999,5415.999999999999,4494.999999999999,3956.5999999999995,2000,False
71,Fixed_25pct,4,BANDWIDTH_EFFICIENT,0,4,0.25,0.7609913945198059,0.5678619458970633,548,656.0,3262.4,3800.8,3144.8,2606.4,14000,True
71,Fixed_25pct,5,BALANCED,0,4,0.25,0.511512041091919,0.6615891721759611,548,429.0,2724.0,3262.4,2833.4,2295.0,6000,True
71,Fixed_25pct,6,BALANCED,0,4,0.25,1.9311171770095825,0.34116684513453377,548,70.0,1108.8,1647.1999999999998,1577.1999999999998,1038.8,3000,True
71,Fixed_25pct,7,BALANCED,0,4,0.25,0.4464415907859802,0.6913518018080572,548,901.0,3800.8,4339.2,3438.2,2899.8,15000,True
71,Fixed_25pct,8,BALANCED,0,4,0.25,0.8669673800468445,0.5356279979433325,548,152.0,1647.1999999999998,2185.6,2033.6,1495.1999999999998,10000,True
71,Fixed_25pct,9,QUALITY_CRITICAL,0,4,0.25,1.4278316497802734,0.41189017372374365,548,350.0,2185.6,2724.0,2374.0,1835.6,4000,True
71,Fixed_25pct,10,QUALITY_CRITICAL,0,4,0.25,1.3061150312423706,0.4336297133717875,548,32.0,32.0,570.4,538.4,0.0,2000,True
71,Fixed_50pct,1,BALANCED,1,8,0.5,0.8691378235816956,0.5350060265132142,1064,915.0,4788.0,5739.2,4824.2,3873.0,12000,True
71,Fixed_50pct,2,BALANCED,1,8,0.5,0.18652008473873138,0.8428007354129174,1064,50.0,983.1999999999999,1934.3999999999999,1884.3999999999999,933.1999999999999,8000,True
71,Fixed_50pct,3,BALANCED,1,8,0.5,0.172923281788826,0.8525706800489964,1064,921.0,5739.2,6690.4,5769.4,4818.2,2000,False
71,Fixed_50pct,4,BANDWIDTH_EFFICIENT,1,8,0.5,0.34082266688346863,0.7458107807234067,1064,656.0,7641.599999999999,8592.8,7936.799999999999,6985.599999999999,14000,True
71,Fixed_50pct,5,BALANCED,1,8,0.5,0.27366146445274353,0.7851379883191111,1064,429.0,6690.4,7641.599999999999,7212.599999999999,6261.4,6000,False
71,Fixed_50pct,6,BALANCED,1,8,0.5,1.1383723020553589,0.4676454137751508,1064,70.0,1934.3999999999999,2885.6,2815.6,1864.3999999999999,3000,True
71,Fixed_50pct,7,BALANCED,1,8,0.5,0.26300451159477234,0.7917628090950511,1064,901.0,8592.8,9544.0,8643.0,7691.799999999999,15000,True
71,Fixed_50pct,8,BALANCED,1,8,0.5,0.4689424932003021,0.6807618437270178,1064,152.0,2885.6,3836.7999999999997,3684.7999999999997,2733.6,10000,True
71,Fixed_50pct,9,QUALITY_CRITICAL,1,8,0.5,0.9843974113464355,0.5039313165206605,1064,350.0,3836.7999999999997,4788.0,4438.0,3486.7999999999997,4000,False
71,Fixed_50pct,10,QUALITY_CRITICAL,1,8,0.5,0.9606638550758362,0.5100313332196973,1064,32.0,32.0,983.1999999999999,951.1999999999999,0.0,2000,True
71,Fixed_75pct,1,BALANCED,2,12,0.75,0.45933762192726135,0.6852423900915806,1580,915.0,10944.0,12308.0,11393.0,10029.0,12000,True
71,Fixed_75pct,2,BALANCED,2,12,0.75,0.07373950630426407,0.9313245849004194,1580,50.0,1396.0,2760.0,2710.0,1346.0,8000,True
71,Fixed_75pct,3,BALANCED,2,12,0.75,0.056511808186769485,0.9465109544930147,1580,921.0,8216.0,9580.0,8659.0,7295.0,2000,False
71,Fixed_75pct,4,BANDWIDTH_EFFICIENT,2,12,0.75,0.1167544573545456,0.8954519889438162,1580,656.0,2760.0,4124.0,3468.0,2104.0,14000,True
71,Fixed_75pct,5,BALANCED,2,12,0.75,0.14706110954284668,0.8717931343680051,1580,429.0,5488.0,6852.0,6423.0,5059.0,6000,False
71,Fixed_75pct,6,BALANCED,2,12,0.75,0.6561506986618042,0.6038097866383872,1580,70.0,4124.0,5488.0,5418.0,4054.0,3000,False
71,Fixed_75pct,7,BALANCED,2,12,0.75,0.1739313006401062,0.8518386037195983,1580,901.0,9580.0,10944.0,10043.0,8679.0,15000,True
71,Fixed_75pct,8,BALANCED,2,12,0.75,0.2744200527667999,0.7846706412292974,1580,152.0,6852.0,8216.0,8064.0,6700.0,10000,True
71,Fixed_75pct,9,QUALITY_CRITICAL,2,12,0.75,0.4710736572742462,0.6797756149429669,1580,350.0,12308.0,13672.0,13322.0,11958.0,4000,False
71,Fixed_75pct,10,QUALITY_CRITICAL,2,12,0.75,0.6371869444847107,0.6108037957233654,1580,32.0,32.0,1396.0,1364.0,0.0,2000,True
71,Fixed_100pct,1,BALANCED,3,16,1.0,0.19018001854419708,0.840209030918851,2096,915.0,12469.599999999999,14246.399999999998,13331.399999999998,11554.599999999999,12000,False
71,Fixed_100pct,2,BALANCED,3,16,1.0,0.023423675447702408,0.9771124354364231,2096,50.0,5362.4,7139.2,7089.2,5312.4,8000,True
71,Fixed_100pct,3,BALANCED,3,16,1.0,0.026723388582468033,0.9739721634087217,2096,921.0,1808.8,3585.6,2664.6,887.8,2000,False
71,Fixed_100pct,4,BANDWIDTH_EFFICIENT,3,16,1.0,0.06501603126525879,0.93895300224916,2096,656.0,16023.199999999997,17799.999999999996,17143.999999999996,15367.199999999997,14000,False
71,Fixed_100pct,5,BALANCED,3,16,1.0,0.08499552309513092,0.9216627891213164,2096,429.0,7139.2,8916.0,8487.0,6710.2,6000,False
71,Fixed_100pct,6,BALANCED,3,16,1.0,0.29356300830841064,0.7730585936495646,2096,70.0,8916.0,10692.8,10622.8,8846.0,3000,False
71,Fixed_100pct,7,BALANCED,3,16,1.0,0.08755794167518616,0.9194912396664411,2096,901.0,10692.8,12469.599999999999,11568.599999999999,9791.8,15000,True
71,Fixed_100pct,8,BALANCED,3,16,1.0,0.16422131657600403,0.858943214457727,2096,152.0,3585.6,5362.4,5210.4,3433.6,10000,True
71,Fixed_100pct,9,QUALITY_CRITICAL,3,16,1.0,0.2006511688232422,0.8328813780109835,2096,350.0,14246.399999999998,16023.199999999997,15673.199999999997,13896.399999999998,4000,False
71,Fixed_100pct,10,QUALITY_CRITICAL,3,16,1.0,0.39316368103027344,0.717790747502461,2096,32.0,32.0,1808.8,1776.8,0.0,2000,True
71,PPO_Raw,1,BALANCED,0,4,0.25,1.6040302515029907,0.38402011628813504,548,915.0,4339.2,4877.599999999999,3962.5999999999995,3424.2,12000,True
71,PPO_Raw,2,BALANCED,0,4,0.25,0.5212960243225098,0.6573342623736479,548,50.0,570.4,1108.8,1058.8,520.4,8000,True
71,PPO_Raw,3,BALANCED,0,4,0.25,0.3268671929836273,0.7536549289091808,548,921.0,4877.599999999999,5415.999999999999,4494.999999999999,3956.5999999999995,2000,False
71,PPO_Raw,4,BANDWIDTH_EFFICIENT,0,4,0.25,0.7609913945198059,0.5678619458970633,548,656.0,3262.4,3800.8,3144.8,2606.4,14000,True
71,PPO_Raw,5,BALANCED,0,4,0.25,0.511512041091919,0.6615891721759611,548,429.0,2724.0,3262.4,2833.4,2295.0,6000,True
71,PPO_Raw,6,BALANCED,0,4,0.25,1.9311171770095825,0.34116684513453377,548,70.0,1108.8,1647.1999999999998,1577.1999999999998,1038.8,3000,True
71,PPO_Raw,7,BALANCED,0,4,0.25,0.4464415907859802,0.6913518018080572,548,901.0,3800.8,4339.2,3438.2,2899.8,15000,True
71,PPO_Raw,8,BALANCED,0,4,0.25,0.8669673800468445,0.5356279979433325,548,152.0,1647.1999999999998,2185.6,2033.6,1495.1999999999998,10000,True
71,PPO_Raw,9,QUALITY_CRITICAL,0,4,0.25,1.4278316497802734,0.41189017372374365,548,350.0,2185.6,2724.0,2374.0,1835.6,4000,True
71,PPO_Raw,10,QUALITY_CRITICAL,0,4,0.25,1.3061150312423706,0.4336297133717875,548,32.0,32.0,570.4,538.4,0.0,2000,True
71,PPO_Orchestrated,1,BALANCED,0,4,0.25,1.6040302515029907,0.38402011628813504,548,915.0,6528.799999999999,7067.199999999999,6152.199999999999,5613.799999999999,12000,True
71,PPO_Orchestrated,2,BALANCED,0,4,0.25,0.5212960243225098,0.6573342623736479,548,50.0,1396.0,1934.4,1884.4,1346.0,8000,True
71,PPO_Orchestrated,3,BALANCED,0,4,0.25,0.3268671929836273,0.7536549289091808,548,921.0,4913.6,5452.0,4531.0,3992.6000000000004,2000,False
71,PPO_Orchestrated,4,BANDWIDTH_EFFICIENT,0,4,0.25,0.7609913945198059,0.5678619458970633,548,656.0,5452.0,5990.4,5334.4,4796.0,14000,True
71,PPO_Orchestrated,5,BALANCED,0,4,0.25,0.511512041091919,0.6615891721759611,548,429.0,4375.200000000001,4913.6,4484.6,3946.2000000000007,6000,True
71,PPO_Orchestrated,6,BALANCED,0,4,0.25,1.9311171770095825,0.34116684513453377,548,70.0,1934.4,2472.8,2402.8,1864.4,3000,True
71,PPO_Orchestrated,7,BALANCED,0,4,0.25,0.4464415907859802,0.6913518018080572,548,901.0,5990.4,6528.799999999999,5627.799999999999,5089.4,15000,True
71,PPO_Orchestrated,8,BALANCED,0,4,0.25,0.8669673800468445,0.5356279979433325,548,152.0,2472.8,3011.2000000000003,2859.2000000000003,2320.8,10000,True
71,PPO_Orchestrated,9,QUALITY_CRITICAL,2,12,0.75,0.4710736572742462,0.6797756149429669,1580,350.0,3011.2000000000003,4375.200000000001,4025.2000000000007,2661.2000000000003,4000,False
71,PPO_Orchestrated,10,QUALITY_CRITICAL,2,12,0.75,0.6371869444847107,0.6108037957233654,1580,32.0,32.0,1396.0,1364.0,0.0,2000,True
72,Fixed_25pct,1,BALANCED,0,4,0.25,0.6824376583099365,0.5943756638237239,548,306.0,2720.0,3258.4,2952.4,2414.0,9000,True
72,Fixed_25pct,2,BALANCED,0,4,0.25,1.3220912218093872,0.43064630304264884,548,201.0,566.4,1104.8,903.8,365.4,3000,True
72,Fixed_25pct,3,BALANCED,0,4,0.25,0.9516125917434692,0.5123967759946927,548,465.0,3258.4,3796.8,3331.8,2793.4,10000,True
72,Fixed_25pct,4,BALANCED,0,4,0.25,0.5757411122322083,0.6346220151503134,548,788.0,4335.2,4873.599999999999,4085.5999999999995,3547.2,10000,True
72,Fixed_25pct,5,QUALITY_CRITICAL,0,4,0.25,0.7476668953895569,0.5721914185352232,548,782.0,3796.8,4335.2,3553.2,3014.8,10000,True
72,Fixed_25pct,6,BALANCED,0,4,0.25,0.5599839687347412,0.6410322285626253,548,277.0,2181.6,2720.0,2443.0,1904.6,6000,True
72,Fixed_25pct,7,BALANCED,0,4,0.25,1.0625699758529663,0.4848320356192786,548,218.0,1104.8,1643.1999999999998,1425.1999999999998,886.8,10000,True
72,Fixed_25pct,8,BANDWIDTH_EFFICIENT,0,4,0.25,0.39745938777923584,0.7155843015868562,548,28.0,28.0,566.4,538.4,0.0,8000,True
72,Fixed_25pct,9,BALANCED,0,4,0.25,0.5174642205238342,0.6589941208991381,548,916.0,4873.599999999999,5411.999999999999,4495.999999999999,3957.5999999999995,9000,True
72,Fixed_25pct,10,LATENCY_CRITICAL,0,4,0.25,0.9599452614784241,0.5102183309168956,548,258.0,1643.1999999999998,2181.6,1923.6,1385.1999999999998,2000,True
72,Fixed_50pct,1,BALANCED,1,8,0.5,0.2137422263622284,0.8238981706990235,1064,306.0,6686.4,7637.599999999999,7331.599999999999,6380.4,9000,True
72,Fixed_50pct,2,BALANCED,1,8,0.5,0.527878999710083,0.6545020909311217,1064,201.0,8588.8,9540.0,9339.0,8387.8,3000,False
72,Fixed_50pct,3,BALANCED,1,8,0.5,0.6634356379508972,0.601165429659695,1064,465.0,7637.599999999999,8588.8,8123.799999999999,7172.599999999999,10000,True
72,Fixed_50pct,4,BALANCED,1,8,0.5,0.2654554843902588,0.7902292987270393,1064,788.0,3832.7999999999997,4784.0,3996.0,3044.7999999999997,10000,True
72,Fixed_50pct,5,QUALITY_CRITICAL,1,8,0.5,0.4072539210319519,0.710603811476106,1064,782.0,5735.2,6686.4,5904.4,4953.2,10000,True
72,Fixed_50pct,6,BALANCED,1,8,0.5,0.1502775251865387,0.8693554191088203,1064,277.0,979.1999999999999,1930.3999999999999,1653.3999999999999,702.1999999999999,6000,True
72,Fixed_50pct,7,BALANCED,1,8,0.5,0.5446189045906067,0.6474088832060778,1064,218.0,4784.0,5735.2,5517.2,4566.0,10000,True
72,Fixed_50pct,8,BANDWIDTH_EFFICIENT,1,8,0.5,0.22030074894428253,0.8194701190383837,1064,28.0,28.0,979.1999999999999,951.1999999999999,0.0,8000,True
72,Fixed_50pct,9,BALANCED,1,8,0.5,0.23299181461334229,0.8110353922451571,1064,916.0,2881.6,3832.7999999999997,2916.7999999999997,1965.6,9000,True
72,Fixed_50pct,10,LATENCY_CRITICAL,1,8,0.5,0.5964649319648743,0.6263839436605941,1064,258.0,1930.3999999999999,2881.6,2623.6,1672.3999999999999,2000,False
72,Fixed_75pct,1,BALANCED,2,12,0.75,0.07150930166244507,0.933263013628068,1580,306.0,1392.0,2756.0,2450.0,1086.0,9000,True
72,Fixed_75pct,2,BALANCED,2,12,0.75,0.22611694037914276,0.8155828918657446,1580,201.0,10940.0,12304.0,12103.0,10739.0,3000,False
72,Fixed_75pct,3,BALANCED,2,12,0.75,0.43099573254585266,0.6988141035339932,1580,465.0,5484.0,6848.0,6383.0,5019.0,10000,True
72,Fixed_75pct,4,BALANCED,2,12,0.75,0.08606549352407455,0.9207547850131869,1580,788.0,12304.0,13668.0,12880.0,11516.0,10000,False
72,Fixed_75pct,5,QUALITY_CRITICAL,2,12,0.75,0.21052995324134827,0.8260844742605274,1580,782.0,8212.0,9576.0,8794.0,7430.0,10000,True
72,Fixed_75pct,6,BALANCED,2,12,0.75,0.08947610855102539,0.9178723536489237,1580,277.0,4120.0,5484.0,5207.0,3843.0,6000,True
72,Fixed_75pct,7,BALANCED,2,12,0.75,0.3675466477870941,0.7312364822203012,1580,218.0,9576.0,10940.0,10722.0,9358.0,10000,False
72,Fixed_75pct,8,BANDWIDTH_EFFICIENT,2,12,0.75,0.09784946590662003,0.9108716914792917,1580,28.0,28.0,1392.0,1364.0,0.0,8000,True
72,Fixed_75pct,9,BALANCED,2,12,0.75,0.14186763763427734,0.8757582464389665,1580,916.0,6848.0,8212.0,7296.0,5932.0,9000,True
72,Fixed_75pct,10,LATENCY_CRITICAL,2,12,0.75,0.2963588833808899,0.7713913275249913,1580,258.0,2756.0,4120.0,3862.0,2498.0,2000,False
72,Fixed_100pct,1,BALANCED,3,16,1.0,0.043850407004356384,0.9579916751383961,2096,306.0,10688.8,12465.599999999999,12159.599999999999,10382.8,9000,False
72,Fixed_100pct,2,BALANCED,3,16,1.0,0.14388789236545563,0.8742115435211849,2096,201.0,3581.6,5358.4,5157.4,3380.6,3000,False
72,Fixed_100pct,3,BALANCED,3,16,1.0,0.19460301101207733,0.8370981746921866,2096,465.0,12465.599999999999,14242.399999999998,13777.399999999998,12000.599999999999,10000,False
72,Fixed_100pct,4,BALANCED,3,16,1.0,0.03556069731712341,0.9656604413345812,2096,788.0,16019.199999999997,17795.999999999996,17007.999999999996,15231.199999999997,10000,False
72,Fixed_100pct,5,QUALITY_CRITICAL,3,16,1.0,0.1477777659893036,0.8712487988805659,2096,782.0,14242.399999999998,16019.199999999997,15237.199999999997,13460.399999999998,10000,False
72,Fixed_100pct,6,BALANCED,3,16,1.0,0.0736825093626976,0.9313740247045348,2096,277.0,8912.0,10688.8,10411.8,8635.0,6000,False
72,Fixed_100pct,7,BALANCED,3,16,1.0,0.2405669093132019,0.8060830838649535,2096,218.0,5358.4,7135.2,6917.2,5140.4,10000,True
72,Fixed_100pct,8,BANDWIDTH_EFFICIENT,3,16,1.0,0.05707954615354538,0.9460026008816045,2096,28.0,28.0,1804.8,1776.8,0.0,8000,True
72,Fixed_100pct,9,BALANCED,3,16,1.0,0.11213317513465881,0.8991728889653152,2096,916.0,1804.8,3581.6,2665.6,888.8,9000,True
72,Fixed_100pct,10,LATENCY_CRITICAL,3,16,1.0,0.15087485313415527,0.86890420559344,2096,258.0,7135.2,8912.0,8654.0,6877.2,2000,False
72,PPO_Raw,1,BALANCED,0,4,0.25,0.6824376583099365,0.5943756638237239,548,306.0,2720.0,3258.4,2952.4,2414.0,9000,True
72,PPO_Raw,2,BALANCED,0,4,0.25,1.3220912218093872,0.43064630304264884,548,201.0,566.4,1104.8,903.8,365.4,3000,True
72,PPO_Raw,3,BALANCED,0,4,0.25,0.9516125917434692,0.5123967759946927,548,465.0,3258.4,3796.8,3331.8,2793.4,10000,True
72,PPO_Raw,4,BALANCED,0,4,0.25,0.5757411122322083,0.6346220151503134,548,788.0,4335.2,4873.599999999999,4085.5999999999995,3547.2,10000,True
72,PPO_Raw,5,QUALITY_CRITICAL,0,4,0.25,0.7476668953895569,0.5721914185352232,548,782.0,3796.8,4335.2,3553.2,3014.8,10000,True
72,PPO_Raw,6,BALANCED,0,4,0.25,0.5599839687347412,0.6410322285626253,548,277.0,2181.6,2720.0,2443.0,1904.6,6000,True
72,PPO_Raw,7,BALANCED,0,4,0.25,1.0625699758529663,0.4848320356192786,548,218.0,1104.8,1643.1999999999998,1425.1999999999998,886.8,10000,True
72,PPO_Raw,8,BANDWIDTH_EFFICIENT,0,4,0.25,0.39745938777923584,0.7155843015868562,548,28.0,28.0,566.4,538.4,0.0,8000,True
72,PPO_Raw,9,BALANCED,0,4,0.25,0.5174642205238342,0.6589941208991381,548,916.0,4873.599999999999,5411.999999999999,4495.999999999999,3957.5999999999995,9000,True
72,PPO_Raw,10,LATENCY_CRITICAL,0,4,0.25,0.9599452614784241,0.5102183309168956,548,258.0,1643.1999999999998,2181.6,1923.6,1385.1999999999998,2000,True
72,PPO_Orchestrated,1,BALANCED,0,4,0.25,0.6824376583099365,0.5943756638237239,548,306.0,2720.0,3258.4,2952.4,2414.0,9000,True
72,PPO_Orchestrated,2,BALANCED,0,4,0.25,1.3220912218093872,0.43064630304264884,548,201.0,566.4,1104.8,903.8,365.4,3000,True
72,PPO_Orchestrated,3,BALANCED,0,4,0.25,0.9516125917434692,0.5123967759946927,548,465.0,3258.4,3796.8,3331.8,2793.4,10000,True
72,PPO_Orchestrated,4,BALANCED,0,4,0.25,0.5757411122322083,0.6346220151503134,548,788.0,5160.8,5699.2,4911.2,4372.8,10000,True
72,PPO_Orchestrated,5,QUALITY_CRITICAL,2,12,0.75,0.21052995324134827,0.8260844742605274,1580,782.0,3796.8,5160.8,4378.8,3014.8,10000,True
72,PPO_Orchestrated,6,BALANCED,0,4,0.25,0.5599839687347412,0.6410322285626253,548,277.0,2181.6,2720.0,2443.0,1904.6,6000,True
72,PPO_Orchestrated,7,BALANCED,0,4,0.25,1.0625699758529663,0.4848320356192786,548,218.0,1104.8,1643.1999999999998,1425.1999999999998,886.8,10000,True
72,PPO_Orchestrated,8,BANDWIDTH_EFFICIENT,0,4,0.25,0.39745938777923584,0.7155843015868562,548,28.0,28.0,566.4,538.4,0.0,8000,True
72,PPO_Orchestrated,9,BALANCED,0,4,0.25,0.5174642205238342,0.6589941208991381,548,916.0,5699.2,6237.599999999999,5321.599999999999,4783.2,9000,True
72,PPO_Orchestrated,10,LATENCY_CRITICAL,0,4,0.25,0.9599452614784241,0.5102183309168956,548,258.0,1643.1999999999998,2181.6,1923.6,1385.1999999999998,2000,True
73,Fixed_25pct,1,BALANCED,0,4,0.25,0.6716269254684448,0.5982196055616699,548,183.0,557.4,1095.8,912.8,374.4,12000,True
73,Fixed_25pct,2,QUALITY_CRITICAL,0,4,0.25,0.7668514251708984,0.5659785456512141,548,867.0,3787.8,4326.2,3459.2,2920.8,15000,True
73,Fixed_25pct,3,BALANCED,0,4,0.25,0.8844528198242188,0.5306580188583759,548,19.0,19.0,557.4,538.4,0.0,8000,True
73,Fixed_25pct,4,BALANCED,0,4,0.25,0.6449803709983826,0.6079099894627151,548,634.0,1634.1999999999998,2172.6,1538.6,1000.1999999999998,11000,True
73,Fixed_25pct,5,QUALITY_CRITICAL,0,4,0.25,0.7833492159843445,0.5607426694877795,548,922.0,4326.2,4864.599999999999,3942.5999999999995,3404.2,4000,True
73,Fixed_25pct,6,BALANCED,0,4,0.25,0.6683366894721985,0.5993993936058338,548,656.0,2711.0,3249.4,2593.4,2055.0,14000,True
73,Fixed_25pct,7,LATENCY_CRITICAL,0,4,0.25,0.4584570527076721,0.6856561172942789,548,587.0,1095.8,1634.1999999999998,1047.1999999999998,508.79999999999995,13000,True
73,Fixed_25pct,8,BALANCED,0,4,0.25,0.4019980728626251,0.7132677422003739,548,995.0,4864.599999999999,5402.999999999999,4407.999999999999,3869.5999999999995,12000,True
73,Fixed_25pct,9,BANDWIDTH_EFFICIENT,0,4,0.25,1.0709748268127441,0.48286439171209644,548,648.0,2172.6,2711.0,2063.0,1524.6,4000,True
73,Fixed_25pct,10,QUALITY_CRITICAL,0,4,0.25,0.9144337177276611,0.5223476742704631,548,777.0,3249.4,3787.8,3010.8,2472.4,11000,True
73,Fixed_50pct,1,BALANCED,1,8,0.5,0.2007138580083847,0.8328378933334647,1064,183.0,3823.7999999999997,4775.0,4592.0,3640.7999999999997,12000,True
73,Fixed_50pct,2,QUALITY_CRITICAL,1,8,0.5,0.36761489510536194,0.7311999917366792,1064,867.0,5726.2,6677.4,5810.4,4859.2,15000,True
73,Fixed_50pct,3,BALANCED,1,8,0.5,0.27114808559417725,0.7866904032133805,1064,19.0,19.0,970.1999999999999,951.1999999999999,0.0,8000,True
73,Fixed_50pct,4,BALANCED,1,8,0.5,0.3742983043193817,0.7276440615963998,1064,634.0,7628.599999999999,8579.8,7945.799999999999,6994.599999999999,11000,True
73,Fixed_50pct,5,QUALITY_CRITICAL,1,8,0.5,0.5737213492393494,0.6354365088097363,1064,922.0,2872.6,3823.7999999999997,2901.7999999999997,1950.6,4000,True
73,Fixed_50pct,6,BALANCED,1,8,0.5,0.39098671078681946,0.7189141292617701,1064,656.0,8579.8,9531.0,8875.0,7923.799999999999,14000,True
73,Fixed_50pct,7,LATENCY_CRITICAL,1,8,0.5,0.0584358349442482,0.9447903850049387,1064,587.0,6677.4,7628.599999999999,7041.599999999999,6090.4,13000,True
73,Fixed_50pct,8,BALANCED,1,8,0.5,0.1877928078174591,0.8418976722358473,1064,995.0,1921.3999999999999,2872.6,1877.6,926.3999999999999,12000,True
73,Fixed_50pct,9,BANDWIDTH_EFFICIENT,1,8,0.5,0.40949881076812744,0.7094720423744345,1064,648.0,970.1999999999999,1921.3999999999999,1273.3999999999999,322.19999999999993,4000,True
73,Fixed_50pct,10,QUALITY_CRITICAL,1,8,0.5,0.38270246982574463,0.7232213884206233,1064,777.0,4775.0,5726.2,4949.2,3998.0,11000,True
73,Fixed_75pct,1,BALANCED,2,12,0.75,0.09045448899269104,0.9170488178041721,1580,183.0,12295.0,13659.0,13476.0,12112.0,12000,False
73,Fixed_75pct,2,QUALITY_CRITICAL,2,12,0.75,0.08858370780944824,0.9186248083873083,1580,867.0,8203.0,9567.0,8700.0,7336.0,15000,True
73,Fixed_75pct,3,BALANCED,2,12,0.75,0.16560213267803192,0.8579256780377088,1580,19.0,19.0,1383.0,1364.0,0.0,8000,True
73,Fixed_75pct,4,BALANCED,2,12,0.75,0.2615717947483063,0.7926619825861817,1580,634.0,9567.0,10931.0,10297.0,8933.0,11000,True
73,Fixed_75pct,5,QUALITY_CRITICAL,2,12,0.75,0.30499619245529175,0.7662857606645923,1580,922.0,5475.0,6839.0,5917.0,4553.0,4000,False
73,Fixed_75pct,6,BALANCED,2,12,0.75,0.19966453313827515,0.8335663615761312,1580,656.0,10931.0,12295.0,11639.0,10275.0,14000,True
73,Fixed_75pct,7,LATENCY_CRITICAL,2,12,0.75,0.04532111436128616,0.9566438353357299,1580,587.0,2747.0,4111.0,3524.0,2160.0,13000,True
73,Fixed_75pct,8,BALANCED,2,12,0.75,0.08673649281263351,0.9201862701894304,1580,995.0,4111.0,5475.0,4480.0,3116.0,12000,True
73,Fixed_75pct,9,BANDWIDTH_EFFICIENT,2,12,0.75,0.10745704919099808,0.9029695560026496,1580,648.0,1383.0,2747.0,2099.0,735.0,4000,True
73,Fixed_75pct,10,QUALITY_CRITICAL,2,12,0.75,0.14552997052669525,0.8729583910757193,1580,777.0,6839.0,8203.0,7426.0,6062.0,11000,True
73,Fixed_100pct,1,BALANCED,3,16,1.0,0.0521211102604866,0.9504609215116097,2096,183.0,10679.8,12456.599999999999,12273.599999999999,10496.8,12000,False
73,Fixed_100pct,2,QUALITY_CRITICAL,3,16,1.0,0.05716736242175102,0.9459240187941553,2096,867.0,12456.599999999999,14233.399999999998,13366.399999999998,11589.599999999999,15000,True
73,Fixed_100pct,3,BALANCED,3,16,1.0,0.13021130859851837,0.8847902975241129,2096,19.0,19.0,1795.8,1776.8,0.0,8000,True
73,Fixed_100pct,4,BALANCED,3,16,1.0,0.18055163323879242,0.8470616378349697,2096,634.0,1795.8,3572.6,2938.6,1161.8,11000,True
73,Fixed_100pct,5,QUALITY_CRITICAL,3,16,1.0,0.222612202167511,0.8179208404980317,2096,922.0,16010.199999999997,17786.999999999996,16864.999999999996,15088.199999999997,4000,False
73,Fixed_100pct,6,BALANCED,3,16,1.0,0.08659082651138306,0.9203096286120948,2096,656.0,5349.4,7126.2,6470.2,4693.4,14000,True
73,Fixed_100pct,7,LATENCY_CRITICAL,3,16,1.0,0.04325016960501671,0.958542858783918,2096,587.0,14233.399999999998,16010.199999999997,15423.199999999997,13646.399999999998,13000,False
73,Fixed_100pct,8,BALANCED,3,16,1.0,0.05497000738978386,0.9478942462773978,2096,995.0,8903.0,10679.8,9684.8,7908.0,12000,True
73,Fixed_100pct,9,BANDWIDTH_EFFICIENT,3,16,1.0,0.03991100192070007,0.9616207523076638,2096,648.0,3572.6,5349.4,4701.4,2924.6,4000,False
73,Fixed_100pct,10,QUALITY_CRITICAL,3,16,1.0,0.08653368800878525,0.9203580257438961,2096,777.0,7126.2,8903.0,8126.0,6349.2,11000,True
73,PPO_Raw,1,BALANCED,0,4,0.25,0.6716269254684448,0.5982196055616699,548,183.0,557.4,1095.8,912.8,374.4,12000,True
73,PPO_Raw,2,QUALITY_CRITICAL,1,8,0.5,0.36761489510536194,0.7311999917366792,1064,867.0,4613.4,5564.599999999999,4697.599999999999,3746.3999999999996,15000,True
73,PPO_Raw,3,BALANCED,0,4,0.25,0.8844528198242188,0.5306580188583759,548,19.0,19.0,557.4,538.4,0.0,8000,True
73,PPO_Raw,4,BALANCED,0,4,0.25,0.6449803709983826,0.6079099894627151,548,634.0,1634.1999999999998,2172.6,1538.6,1000.1999999999998,11000,True
73,PPO_Raw,5,QUALITY_CRITICAL,0,4,0.25,0.7833492159843445,0.5607426694877795,548,922.0,6102.999999999999,6641.399999999999,5719.399999999999,5180.999999999999,4000,False
73,PPO_Raw,6,BALANCED,0,4,0.25,0.6683366894721985,0.5993993936058338,548,656.0,2711.0,3249.4,2593.4,2055.0,14000,True
73,PPO_Raw,7,LATENCY_CRITICAL,0,4,0.25,0.4584570527076721,0.6856561172942789,548,587.0,1095.8,1634.1999999999998,1047.1999999999998,508.79999999999995,13000,True
73,PPO_Raw,8,BALANCED,0,4,0.25,0.4019980728626251,0.7132677422003739,548,995.0,5564.599999999999,6102.999999999999,5107.999999999999,4569.599999999999,12000,True
73,PPO_Raw,9,BANDWIDTH_EFFICIENT,0,4,0.25,1.0709748268127441,0.48286439171209644,548,648.0,2172.6,2711.0,2063.0,1524.6,4000,True
73,PPO_Raw,10,QUALITY_CRITICAL,2,12,0.75,0.14552997052669525,0.8729583910757193,1580,777.0,3249.4,4613.4,3836.3999999999996,2472.4,11000,True
73,PPO_Orchestrated,1,BALANCED,0,4,0.25,0.6716269254684448,0.5982196055616699,548,183.0,557.4,1095.8,912.8,374.4,12000,True
73,PPO_Orchestrated,2,QUALITY_CRITICAL,2,12,0.75,0.08858370780944824,0.9186248083873083,1580,867.0,6515.799999999999,7879.799999999999,7012.799999999999,5648.799999999999,15000,True
73,PPO_Orchestrated,3,BALANCED,0,4,0.25,0.8844528198242188,0.5306580188583759,548,19.0,19.0,557.4,538.4,0.0,8000,True
73,PPO_Orchestrated,4,BALANCED,0,4,0.25,0.6449803709983826,0.6079099894627151,548,634.0,1634.1999999999998,2172.6,1538.6,1000.1999999999998,11000,True
73,PPO_Orchestrated,5,QUALITY_CRITICAL,2,12,0.75,0.30499619245529175,0.7662857606645923,1580,922.0,4613.4,5977.4,5055.4,3691.3999999999996,4000,False
73,PPO_Orchestrated,6,BALANCED,0,4,0.25,0.6683366894721985,0.5993993936058338,548,656.0,2711.0,3249.4,2593.4,2055.0,14000,True
73,PPO_Orchestrated,7,LATENCY_CRITICAL,0,4,0.25,0.4584570527076721,0.6856561172942789,548,587.0,1095.8,1634.1999999999998,1047.1999999999998,508.79999999999995,13000,True
73,PPO_Orchestrated,8,BALANCED,0,4,0.25,0.4019980728626251,0.7132677422003739,548,995.0,5977.4,6515.799999999999,5520.799999999999,4982.4,12000,True
73,PPO_Orchestrated,9,BANDWIDTH_EFFICIENT,0,4,0.25,1.0709748268127441,0.48286439171209644,548,648.0,2172.6,2711.0,2063.0,1524.6,4000,True
73,PPO_Orchestrated,10,QUALITY_CRITICAL,2,12,0.75,0.14552997052669525,0.8729583910757193,1580,777.0,3249.4,4613.4,3836.3999999999996,2472.4,11000,True
74,Fixed_25pct,1,BANDWIDTH_EFFICIENT,0,4,0.25,0.8937904834747314,0.5280415171192525,548,9.0,546.4,1084.8,1075.8,537.4,3000,True
74,Fixed_25pct,2,QUALITY_CRITICAL,0,4,0.25,0.9794375896453857,0.5051940032012573,548,733.0,3776.8,4315.2,3582.2,3043.8,11000,True
74,Fixed_25pct,3,BALANCED,0,4,0.25,0.9595221281051636,0.5103285059439411,548,365.0,2700.0,3238.4,2873.4,2335.0,4000,True
74,Fixed_25pct,4,BALANCED,0,4,0.25,0.658058762550354,0.6031149333102305,548,941.0,4853.599999999999,5391.999999999999,4450.999999999999,3912.5999999999995,4000,False
74,Fixed_25pct,5,BALANCED,0,4,0.25,1.7018511295318604,0.37011661711104943,548,283.0,1084.8,1623.1999999999998,1340.1999999999998,801.8,15000,True
74,Fixed_25pct,6,BALANCED,0,4,0.25,1.3381052017211914,0.4276967517389089,548,994.0,4315.2,4853.599999999999,3859.5999999999995,3321.2,9000,True
74,Fixed_25pct,7,LATENCY_CRITICAL,0,4,0.25,0.8732005953788757,0.5338456556478612,548,470.0,3238.4,3776.8,3306.8,2768.4,5000,True
74,Fixed_25pct,8,BANDWIDTH_EFFICIENT,0,4,0.25,0.6585468053817749,0.602937461128698,548,8.0,8.0,546.4,538.4,0.0,12000,True
74,Fixed_25pct,9,BALANCED,0,4,0.25,1.1856845617294312,0.45752256181411016,548,324.0,2161.6,2700.0,2376.0,1837.6,7000,True
74,Fixed_25pct,10,LATENCY_CRITICAL,0,4,0.25,0.5119332671165466,0.661404852812803,548,553.0,1623.1999999999998,2161.6,1608.6,1070.1999999999998,5000,True
74,Fixed_50pct,1,BANDWIDTH_EFFICIENT,1,8,0.5,0.37682175636291504,0.7263104286219683,1064,9.0,8568.8,9520.0,9511.0,8559.8,3000,False
74,Fixed_50pct,2,QUALITY_CRITICAL,1,8,0.5,0.6838390231132507,0.5938809982863442,1064,733.0,5715.2,6666.4,5933.4,4982.2,11000,True
74,Fixed_50pct,3,BALANCED,1,8,0.5,0.3606354296207428,0.7349507283363446,1064,365.0,959.1999999999999,1910.3999999999999,1545.3999999999999,594.1999999999999,4000,True
74,Fixed_50pct,4,BALANCED,1,8,0.5,0.43143975734710693,0.6985973352125583,1064,941.0,7617.599999999999,8568.8,7627.799999999999,6676.599999999999,4000,False
74,Fixed_50pct,5,BALANCED,1,8,0.5,1.0616666078567505,0.48504447624515357,1064,283.0,6666.4,7617.599999999999,7334.599999999999,6383.4,15000,True
74,Fixed_50pct,6,BALANCED,1,8,0.5,0.7286679148674011,0.5784801067917696,1064,994.0,4764.0,5715.2,4721.2,3770.0,9000,True
74,Fixed_50pct,7,LATENCY_CRITICAL,1,8,0.5,0.4585103392601013,0.6856310669057701,1064,470.0,1910.3999999999999,2861.6,2391.6,1440.3999999999999,5000,True
74,Fixed_50pct,8,BANDWIDTH_EFFICIENT,1,8,0.5,0.3500683903694153,0.7407032170617467,1064,8.0,8.0,959.1999999999999,951.1999999999999,0.0,12000,True
74,Fixed_50pct,9,BALANCED,1,8,0.5,0.8631889820098877,0.5367142086259359,1064,324.0,3812.7999999999997,4764.0,4440.0,3488.7999999999997,7000,True
74,Fixed_50pct,10,LATENCY_CRITICAL,1,8,0.5,0.2137603759765625,0.8238858507762902,1064,553.0,2861.6,3812.7999999999997,3259.7999999999997,2308.6,5000,True
74,Fixed_75pct,1,BANDWIDTH_EFFICIENT,2,12,0.75,0.19137586653232574,0.8393656679572055,1580,9.0,8192.0,9556.0,9547.0,8183.0,3000,False
74,Fixed_75pct,2,QUALITY_CRITICAL,2,12,0.75,0.3538011610507965,0.7386609117869405,1580,733.0,4100.0,5464.0,4731.0,3367.0,11000,True
74,Fixed_75pct,3,BALANCED,2,12,0.75,0.282733291387558,0.7795852861340179,1580,365.0,10920.0,12284.0,11919.0,10555.0,4000,False
74,Fixed_75pct,4,BALANCED,2,12,0.75,0.22483645379543304,0.8164355305569765,1580,941.0,9556.0,10920.0,9979.0,8615.0,4000,False
74,Fixed_75pct,5,BALANCED,2,12,0.75,0.45809003710746765,0.6858287036812772,1580,283.0,2736.0,4100.0,3817.0,2453.0,15000,True
74,Fixed_75pct,6,BALANCED,2,12,0.75,0.30380305647850037,0.766987003927529,1580,994.0,6828.0,8192.0,7198.0,5834.0,9000,True
74,Fixed_75pct,7,LATENCY_CRITICAL,2,12,0.75,0.08430330455303192,0.9222511780614897,1580,470.0,5464.0,6828.0,6358.0,4994.0,5000,False
74,Fixed_75pct,8,BANDWIDTH_EFFICIENT,2,12,0.75,0.17983373999595642,0.8475770492912224,1580,8.0,8.0,1372.0,1364.0,0.0,12000,True
74,Fixed_75pct,9,BALANCED,2,12,0.75,0.4194134771823883,0.7045163485308407,1580,324.0,1372.0,2736.0,2412.0,1048.0,7000,True
74,Fixed_75pct,10,LATENCY_CRITICAL,2,12,0.75,0.07168736308813095,0.9331079514817087,1580,553.0,12284.0,13648.0,13095.0,11731.0,5000,False
74,Fixed_100pct,1,BANDWIDTH_EFFICIENT,3,16,1.0,0.10005391389131546,0.9090463543396831,2096,9.0,5338.4,7115.2,7106.2,5329.4,3000,False
74,Fixed_100pct,2,QUALITY_CRITICAL,3,16,1.0,0.24135395884513855,0.8055720069804458,2096,733.0,3561.6,5338.4,4605.4,2828.6,11000,True
74,Fixed_100pct,3,BALANCED,3,16,1.0,0.16829252243041992,0.8559500132036127,2096,365.0,10668.8,12445.599999999999,12080.599999999999,10303.8,4000,False
74,Fixed_100pct,4,BALANCED,3,16,1.0,0.15138620138168335,0.8685183119269475,2096,941.0,12445.599999999999,14222.399999999998,13281.399999999998,11504.599999999999,4000,False
74,Fixed_100pct,5,BALANCED,3,16,1.0,0.24129827320575714,0.805608145588905,2096,283.0,7115.2,8892.0,8609.0,6832.2,15000,True
74,Fixed_100pct,6,BALANCED,3,16,1.0,0.1857627034187317,0.8433390568929602,2096,994.0,1784.8,3561.6,2567.6,790.8,9000,True
74,Fixed_100pct,7,LATENCY_CRITICAL,3,16,1.0,0.0478585921227932,0.9543272417837989,2096,470.0,14222.399999999998,15999.199999999997,15529.199999999997,13752.399999999998,5000,False
74,Fixed_100pct,8,BANDWIDTH_EFFICIENT,3,16,1.0,0.11002206802368164,0.900882990353905,2096,8.0,8.0,1784.8,1776.8,0.0,12000,True
74,Fixed_100pct,9,BALANCED,3,16,1.0,0.3006802499294281,0.7688284649930355,2096,324.0,8892.0,10668.8,10344.8,8568.0,7000,False
74,Fixed_100pct,10,LATENCY_CRITICAL,3,16,1.0,0.049364957958459854,0.9529573028105499,2096,553.0,15999.199999999997,17775.999999999996,17222.999999999996,15446.199999999997,5000,False
74,PPO_Raw,1,BANDWIDTH_EFFICIENT,0,4,0.25,0.8937904834747314,0.5280415171192525,548,9.0,546.4,1084.8,1075.8,537.4,3000,True
74,PPO_Raw,2,QUALITY_CRITICAL,0,4,0.25,0.9794375896453857,0.5051940032012573,548,733.0,5015.2,5553.599999999999,4820.599999999999,4282.2,11000,True
74,PPO_Raw,3,BALANCED,0,4,0.25,0.9595221281051636,0.5103285059439411,548,365.0,6091.999999999999,6630.399999999999,6265.399999999999,5726.999999999999,4000,False
74,PPO_Raw,4,BALANCED,0,4,0.25,0.658058762550354,0.6031149333102305,548,941.0,5553.599999999999,6091.999999999999,5150.999999999999,4612.599999999999,4000,False
74,PPO_Raw,5,BALANCED,0,4,0.25,1.7018511295318604,0.37011661711104943,548,283.0,3400.0,3938.4,3655.4,3117.0,15000,True
74,PPO_Raw,6,BALANCED,0,4,0.25,1.3381052017211914,0.4276967517389089,548,994.0,4476.8,5015.2,4021.2,3482.8,9000,True
74,PPO_Raw,7,LATENCY_CRITICAL,1,8,0.5,0.4585103392601013,0.6856310669057701,1064,470.0,1084.8,2036.0,1566.0,614.8,5000,True
74,PPO_Raw,8,BANDWIDTH_EFFICIENT,0,4,0.25,0.6585468053817749,0.602937461128698,548,8.0,8.0,546.4,538.4,0.0,12000,True
74,PPO_Raw,9,BALANCED,0,4,0.25,1.1856845617294312,0.45752256181411016,548,324.0,3938.4,4476.8,4152.8,3614.4,7000,True
74,PPO_Raw,10,LATENCY_CRITICAL,2,12,0.75,0.07168736308813095,0.9331079514817087,1580,553.0,2036.0,3400.0,2847.0,1483.0,5000,True
74,PPO_Orchestrated,1,BANDWIDTH_EFFICIENT,0,4,0.25,0.8937904834747314,0.5280415171192525,548,9.0,546.4,1084.8,1075.8,537.4,3000,True
74,PPO_Orchestrated,2,QUALITY_CRITICAL,2,12,0.75,0.3538011610507965,0.7386609117869405,1580,733.0,6091.999999999999,7455.999999999999,6722.999999999999,5358.999999999999,11000,True
74,PPO_Orchestrated,3,BALANCED,0,4,0.25,0.9595221281051636,0.5103285059439411,548,365.0,3400.0,3938.4,3573.4,3035.0,4000,True
74,PPO_Orchestrated,4,BALANCED,0,4,0.25,0.658058762550354,0.6031149333102305,548,941.0,5553.599999999999,6091.999999999999,5150.999999999999,4612.599999999999,4000,False
74,PPO_Orchestrated,5,BALANCED,0,4,0.25,1.7018511295318604,0.37011661711104943,548,283.0,3938.4,4476.8,4193.8,3655.4,15000,True
74,PPO_Orchestrated,6,BALANCED,0,4,0.25,1.3381052017211914,0.4276967517389089,548,994.0,4476.8,5015.2,4021.2,3482.8,9000,True
74,PPO_Orchestrated,7,LATENCY_CRITICAL,1,8,0.5,0.4585103392601013,0.6856310669057701,1064,470.0,1084.8,2036.0,1566.0,614.8,5000,True
74,PPO_Orchestrated,8,BANDWIDTH_EFFICIENT,0,4,0.25,0.6585468053817749,0.602937461128698,548,8.0,8.0,546.4,538.4,0.0,12000,True
74,PPO_Orchestrated,9,BALANCED,0,4,0.25,1.1856845617294312,0.45752256181411016,548,324.0,5015.2,5553.599999999999,5229.599999999999,4691.2,7000,True
74,PPO_Orchestrated,10,LATENCY_CRITICAL,2,12,0.75,0.07168736308813095,0.9331079514817087,1580,553.0,2036.0,3400.0,2847.0,1483.0,5000,True
75,Fixed_25pct,1,BALANCED,0,4,0.25,1.2445054054260254,0.4455324534227138,548,289.0,1125.8,1664.1999999999998,1375.1999999999998,836.8,12000,True
75,Fixed_25pct,2,BALANCED,0,4,0.25,0.3983769118785858,0.7151147816482435,548,413.0,1664.1999999999998,2202.6,1789.6,1251.1999999999998,12000,True
75,Fixed_25pct,3,LATENCY_CRITICAL,0,4,0.25,0.57453852891922,0.6351067196090848,548,49.0,49.0,587.4,538.4,0.0,7000,True
75,Fixed_25pct,4,BALANCED,0,4,0.25,1.6616548299789429,0.37570611663718667,548,569.0,3279.4,3817.8,3248.8,2710.4,3000,False
75,Fixed_25pct,5,QUALITY_CRITICAL,0,4,0.25,0.573719322681427,0.6354373270934497,548,588.0,4356.2,4894.599999999999,4306.599999999999,3768.2,7000,True
75,Fixed_25pct,6,QUALITY_CRITICAL,0,4,0.25,0.7713990211486816,0.564525546227038,548,96.0,587.4,1125.8,1029.8,491.4,10000,True
75,Fixed_25pct,7,BALANCED,0,4,0.25,0.8340873718261719,0.5452302956561529,548,577.0,3817.8,4356.2,3779.2,3240.8,9000,True
75,Fixed_25pct,8,BALANCED,0,4,0.25,0.5231777429580688,0.656522198163139,548,545.0,2202.6,2741.0,2196.0,1657.6,10000,True
75,Fixed_25pct,9,BALANCED,0,4,0.25,0.6960514187812805,0.5896047660622004,548,561.0,2741.0,3279.4,2718.4,2180.0,8000,True
75,Fixed_25pct,10,QUALITY_CRITICAL,0,4,0.25,0.7523292899131775,0.5706689979767141,548,871.0,4894.599999999999,5432.999999999999,4561.999999999999,4023.5999999999995,6000,True
75,Fixed_50pct,1,BALANCED,1,8,0.5,0.6588776707649231,0.6028172044409346,1064,289.0,4805.0,5756.2,5467.2,4516.0,12000,True
75,Fixed_50pct,2,BALANCED,1,8,0.5,0.1776518076658249,0.8491474249778963,1064,413.0,7658.599999999999,8609.8,8196.8,7245.599999999999,12000,True
75,Fixed_50pct,3,LATENCY_CRITICAL,1,8,0.5,0.3712683618068695,0.7292518575155756,1064,49.0,49.0,1000.1999999999999,951.1999999999999,0.0,7000,True
75,Fixed_50pct,4,BALANCED,1,8,0.5,0.8497901558876038,0.5406018606041072,1064,569.0,3853.7999999999997,4805.0,4236.0,3284.7999999999997,3000,False
75,Fixed_50pct,5,QUALITY_CRITICAL,1,8,0.5,0.19900542497634888,0.8340245833497589,1064,588.0,1000.1999999999999,1951.3999999999999,1363.3999999999999,412.19999999999993,7000,True
75,Fixed_50pct,6,QUALITY_CRITICAL,1,8,0.5,0.29307958483695984,0.773347604993769,1064,96.0,6707.4,7658.599999999999,7562.599999999999,6611.4,10000,True
75,Fixed_50pct,7,BALANCED,1,8,0.5,0.5442283749580383,0.6475726105131135,1064,577.0,2902.6,3853.7999999999997,3276.7999999999997,2325.6,9000,True
75,Fixed_50pct,8,BALANCED,1,8,0.5,0.22406229376792908,0.8169518864287398,1064,545.0,8609.8,9561.0,9016.0,8064.799999999999,10000,True
75,Fixed_50pct,9,BALANCED,1,8,0.5,0.24365927278995514,0.8040787552338643,1064,561.0,5756.2,6707.4,6146.4,5195.2,8000,True
75,Fixed_50pct,10,QUALITY_CRITICAL,1,8,0.5,0.3724111318588257,0.7286446289936287,1064,871.0,1951.3999999999999,2902.6,2031.6,1080.3999999999999,6000,True
75,Fixed_75pct,1,BALANCED,2,12,0.75,0.2756134867668152,0.783936521817915,1580,289.0,6869.0,8233.0,7944.0,6580.0,12000,True
75,Fixed_75pct,2,BALANCED,2,12,0.75,0.07240349799394608,0.9324848360440962,1580,413.0,9597.0,10961.0,10548.0,9184.0,12000,True
75,Fixed_75pct,3,LATENCY_CRITICAL,2,12,0.75,0.17278920114040375,0.8526681512991542,1580,49.0,49.0,1413.0,1364.0,0.0,7000,True
75,Fixed_75pct,4,BALANCED,2,12,0.75,0.34443914890289307,0.7438045826142694,1580,569.0,5505.0,6869.0,6300.0,4936.0,3000,False
75,Fixed_75pct,5,QUALITY_CRITICAL,2,12,0.75,0.09640694409608841,0.9120701080787397,1580,588.0,2777.0,4141.0,3553.0,2189.0,7000,True
75,Fixed_75pct,6,QUALITY_CRITICAL,2,12,0.75,0.12390191853046417,0.8897573565027189,1580,96.0,10961.0,12325.0,12229.0,10865.0,10000,False
75,Fixed_75pct,7,BALANCED,2,12,0.75,0.18595826625823975,0.8431999914761353,1580,577.0,1413.0,2777.0,2200.0,836.0,9000,True
75,Fixed_75pct,8,BALANCED,2,12,0.75,0.12549114227294922,0.8885009952015103,1580,545.0,12325.0,13689.0,13144.0,11780.0,10000,False
75,Fixed_75pct,9,BALANCED,2,12,0.75,0.06831541657447815,0.936053139817518,1580,561.0,8233.0,9597.0,9036.0,7672.0,8000,False
75,Fixed_75pct,10,QUALITY_CRITICAL,2,12,0.75,0.1346021443605423,0.8813662171981849,1580,871.0,4141.0,5505.0,4634.0,3270.0,6000,True
75,Fixed_100pct,1,BALANCED,3,16,1.0,0.20145472884178162,0.8323243281617555,2096,289.0,5379.4,7156.2,6867.2,5090.4,12000,True
75,Fixed_100pct,2,BALANCED,3,16,1.0,0.052159108221530914,0.9504265963066216,2096,413.0,7156.2,8933.0,8520.0,6743.2,12000,True
75,Fixed_100pct,3,LATENCY_CRITICAL,3,16,1.0,0.07332676649093628,0.9316827188325266,2096,49.0,49.0,1825.8,1776.8,0.0,7000,True
75,Fixed_100pct,4,BALANCED,3,16,1.0,0.23348701000213623,0.8107097941779444,2096,569.0,12486.599999999999,14263.399999999998,13694.399999999998,11917.599999999999,3000,False
75,Fixed_100pct,5,QUALITY_CRITICAL,3,16,1.0,0.044302359223365784,0.9575770763782312,2096,588.0,14263.399999999998,16040.199999999997,15452.199999999997,13675.399999999998,7000,False
75,Fixed_100pct,6,QUALITY_CRITICAL,3,16,1.0,0.06236056238412857,0.9413000024735667,2096,96.0,3602.6,5379.4,5283.4,3506.6,10000,True
75,Fixed_100pct,7,BALANCED,3,16,1.0,0.09392454475164413,0.9141398324022723,2096,577.0,1825.8,3602.6,3025.6,1248.8,9000,True
75,Fixed_100pct,8,BALANCED,3,16,1.0,0.06645102053880692,0.9376895710548117,2096,545.0,8933.0,10709.8,10164.8,8388.0,10000,False
75,Fixed_100pct,9,BALANCED,3,16,1.0,0.04179224371910095,0.9598842821387242,2096,561.0,10709.8,12486.599999999999,11925.599999999999,10148.8,8000,False
75,Fixed_100pct,10,QUALITY_CRITICAL,3,16,1.0,0.024046417325735092,0.9765182349951171,2096,871.0,16040.199999999997,17816.999999999996,16945.999999999996,15169.199999999997,6000,False
75,PPO_Raw,1,BALANCED,0,4,0.25,1.2445054054260254,0.4455324534227138,548,289.0,4392.200000000001,4930.6,4641.6,4103.200000000001,12000,True
75,PPO_Raw,2,BALANCED,0,4,0.25,0.3983769118785858,0.7151147816482435,548,413.0,5469.0,6007.4,5594.4,5056.0,12000,True
75,PPO_Raw,3,LATENCY_CRITICAL,2,12,0.75,0.17278920114040375,0.8526681512991542,1580,49.0,49.0,1413.0,1364.0,0.0,7000,True
75,PPO_Raw,4,BALANCED,0,4,0.25,1.6616548299789429,0.37570611663718667,548,569.0,4930.6,5469.0,4900.0,4361.6,3000,False
75,PPO_Raw,5,QUALITY_CRITICAL,0,4,0.25,0.573719322681427,0.6354373270934497,548,588.0,1413.0,1951.4,1363.4,825.0,7000,True
75,PPO_Raw,6,QUALITY_CRITICAL,2,12,0.75,0.12390191853046417,0.8897573565027189,1580,96.0,3028.2000000000003,4392.200000000001,4296.200000000001,2932.2000000000003,10000,True
75,PPO_Raw,7,BALANCED,0,4,0.25,0.8340873718261719,0.5452302956561529,548,577.0,6545.799999999999,7084.199999999999,6507.199999999999,5968.799999999999,9000,True
75,PPO_Raw,8,BALANCED,0,4,0.25,0.5231777429580688,0.656522198163139,548,545.0,2489.8,3028.2000000000003,2483.2000000000003,1944.8000000000002,10000,True
75,PPO_Raw,9,BALANCED,0,4,0.25,0.6960514187812805,0.5896047660622004,548,561.0,6007.4,6545.799999999999,5984.799999999999,5446.4,8000,True
75,PPO_Raw,10,QUALITY_CRITICAL,0,4,0.25,0.7523292899131775,0.5706689979767141,548,871.0,1951.4,2489.8,1618.8000000000002,1080.4,6000,True
75,PPO_Orchestrated,1,BALANCED,0,4,0.25,1.2445054054260254,0.4455324534227138,548,289.0,6294.5999999999985,6832.999999999998,6543.999999999998,6005.5999999999985,12000,True
75,PPO_Orchestrated,2,BALANCED,0,4,0.25,0.3983769118785858,0.7151147816482435,548,413.0,4679.4,5217.799999999999,4804.799999999999,4266.4,12000,True
75,PPO_Orchestrated,3,LATENCY_CRITICAL,2,12,0.75,0.17278920114040375,0.8526681512991542,1580,49.0,49.0,1413.0,1364.0,0.0,7000,True
75,PPO_Orchestrated,4,BALANCED,0,4,0.25,1.6616548299789429,0.37570611663718667,548,569.0,5756.199999999999,6294.5999999999985,5725.5999999999985,5187.199999999999,3000,False
75,PPO_Orchestrated,5,QUALITY_CRITICAL,2,12,0.75,0.09640694409608841,0.9120701080787397,1580,588.0,1413.0,2777.0,2189.0,825.0,7000,True
75,PPO_Orchestrated,6,QUALITY_CRITICAL,2,12,0.75,0.12390191853046417,0.8897573565027189,1580,96.0,7371.399999999998,8735.399999999998,8639.399999999998,7275.399999999998,10000,True
75,PPO_Orchestrated,7,BALANCED,0,4,0.25,0.8340873718261719,0.5452302956561529,548,577.0,5217.799999999999,5756.199999999999,5179.199999999999,4640.799999999999,9000,True
75,PPO_Orchestrated,8,BALANCED,0,4,0.25,0.5231777429580688,0.656522198163139,548,545.0,4141.0,4679.4,4134.4,3596.0,10000,True
75,PPO_Orchestrated,9,BALANCED,0,4,0.25,0.6960514187812805,0.5896047660622004,548,561.0,6832.999999999998,7371.399999999998,6810.399999999998,6271.999999999998,8000,True
75,PPO_Orchestrated,10,QUALITY_CRITICAL,2,12,0.75,0.1346021443605423,0.8813662171981849,1580,871.0,2777.0,4141.0,3270.0,1906.0,6000,True
76,Fixed_25pct,1,BALANCED,0,4,0.25,0.9306802153587341,0.5179521663115986,548,187.0,1079.8,1618.1999999999998,1431.1999999999998,892.8,7000,True
76,Fixed_25pct,2,BANDWIDTH_EFFICIENT,0,4,0.25,0.607058048248291,0.6222550586084988,548,258.0,2156.6,2695.0,2437.0,1898.6,15000,True
76,Fixed_25pct,3,BALANCED,0,4,0.25,0.9845103025436401,0.5039026497964022,548,22.0,541.4,1079.8,1057.8,519.4,15000,True
76,Fixed_25pct,4,BALANCED,0,4,0.25,0.7690046429634094,0.5652896412554437,548,3.0,3.0,541.4,538.4,0.0,8000,True
76,Fixed_25pct,5,BANDWIDTH_EFFICIENT,0,4,0.25,0.7489805221557617,0.5717616561946717,548,649.0,2695.0,3233.4,2584.4,2046.0,8000,True
76,Fixed_25pct,6,QUALITY_CRITICAL,0,4,0.25,1.258497953414917,0.44277215238914425,548,776.0,3233.4,3771.8,2995.8,2457.4,10000,True
76,Fixed_25pct,7,LATENCY_CRITICAL,0,4,0.25,0.490800142288208,0.6707807248160804,548,337.0,3771.8,4310.2,3973.2,3434.8,8000,True
76,Fixed_25pct,8,BALANCED,0,4,0.25,0.831525981426239,0.5459928006160654,548,249.0,1618.1999999999998,2156.6,1907.6,1369.1999999999998,3000,True
76,Fixed_25pct,9,BALANCED,0,4,0.25,0.7905122637748718,0.5584993860314235,548,604.0,4848.599999999999,5386.999999999999,4782.999999999999,4244.599999999999,4000,False
76,Fixed_25pct,10,BALANCED,0,4,0.25,0.6829513907432556,0.5941942265833131,548,388.0,4310.2,4848.599999999999,4460.599999999999,3922.2,8000,True
76,Fixed_50pct,1,BALANCED,1,8,0.5,0.27378472685813904,0.7850620115901026,1064,187.0,954.1999999999999,1905.3999999999999,1718.3999999999999,767.1999999999999,7000,True
76,Fixed_50pct,2,BANDWIDTH_EFFICIENT,1,8,0.5,0.38460350036621094,0.7222284211584847,1064,258.0,7612.599999999999,8563.8,8305.8,7354.599999999999,15000,True
76,Fixed_50pct,3,BALANCED,1,8,0.5,0.4397304356098175,0.6945744670435035,1064,22.0,6661.4,7612.599999999999,7590.599999999999,6639.4,15000,True
76,Fixed_50pct,4,BALANCED,1,8,0.5,0.3738878667354584,0.7278614392134738,1064,3.0,3.0,954.1999999999999,951.1999999999999,0.0,8000,True
76,Fixed_50pct,5,BANDWIDTH_EFFICIENT,1,8,0.5,0.26007989048957825,0.7936004752932534,1064,649.0,4759.0,5710.2,5061.2,4110.0,8000,True
76,Fixed_50pct,6,QUALITY_CRITICAL,1,8,0.5,0.716543972492218,0.5825659091902661,1064,776.0,5710.2,6661.4,5885.4,4934.2,10000,True
76,Fixed_50pct,7,LATENCY_CRITICAL,1,8,0.5,0.3215963840484619,0.7566606658961098,1064,337.0,1905.3999999999999,2856.6,2519.6,1568.3999999999999,8000,True
76,Fixed_50pct,8,BALANCED,1,8,0.5,0.19548024237155914,0.836483920483896,1064,249.0,8563.8,9515.0,9266.0,8314.8,3000,False
76,Fixed_50pct,9,BALANCED,1,8,0.5,0.4240128993988037,0.7022408297159278,1064,604.0,3807.7999999999997,4759.0,4155.0,3203.7999999999997,4000,False
76,Fixed_50pct,10,BALANCED,1,8,0.5,0.33829042315483093,0.7472219652014255,1064,388.0,2856.6,3807.7999999999997,3419.7999999999997,2468.6,8000,True
76,Fixed_75pct,1,BALANCED,2,12,0.75,0.15529361367225647,0.8655808256581331,1580,187.0,1367.0,2731.0,2544.0,1180.0,7000,True
76,Fixed_75pct,2,BANDWIDTH_EFFICIENT,2,12,0.75,0.1374603658914566,0.8791515115485141,1580,258.0,10915.0,12279.0,12021.0,10657.0,15000,True
76,Fixed_75pct,3,BALANCED,2,12,0.75,0.08818550407886505,0.9189609641478242,1580,22.0,9551.0,10915.0,10893.0,9529.0,15000,True
76,Fixed_75pct,4,BALANCED,2,12,0.75,0.22747960686683655,0.8146774858056646,1580,3.0,3.0,1367.0,1364.0,0.0,8000,True
76,Fixed_75pct,5,BANDWIDTH_EFFICIENT,2,12,0.75,0.14890341460704803,0.8703951849094499,1580,649.0,12279.0,13643.0,12994.0,11630.0,8000,False
76,Fixed_75pct,6,QUALITY_CRITICAL,2,12,0.75,0.40925267338752747,0.7095959574064346,1580,776.0,6823.0,8187.0,7411.0,6047.0,10000,True
76,Fixed_75pct,7,LATENCY_CRITICAL,2,12,0.75,0.18184515833854675,0.8461345320446317,1580,337.0,4095.0,5459.0,5122.0,3758.0,8000,True
76,Fixed_75pct,8,BALANCED,2,12,0.75,0.09196346253156662,0.9157815570876685,1580,249.0,2731.0,4095.0,3846.0,2482.0,3000,False
76,Fixed_75pct,9,BALANCED,2,12,0.75,0.22408686578273773,0.8169354871400845,1580,604.0,8187.0,9551.0,8947.0,7583.0,4000,False
76,Fixed_75pct,10,BALANCED,2,12,0.75,0.1254129409790039,0.8885627342529877,1580,388.0,5459.0,6823.0,6435.0,5071.0,8000,True
76,Fixed_100pct,1,BALANCED,3,16,1.0,0.09009804576635361,0.9173486769228969,2096,187.0,8887.0,10663.8,10476.8,8700.0,7000,False
76,Fixed_100pct,2,BANDWIDTH_EFFICIENT,3,16,1.0,0.06022325158119202,0.9431975751414842,2096,258.0,5333.4,7110.2,6852.2,5075.4,15000,True
76,Fixed_100pct,3,BALANCED,3,16,1.0,0.03670567646622658,0.9645939273802921,2096,22.0,7110.2,8887.0,8865.0,7088.2,15000,True
76,Fixed_100pct,4,BALANCED,3,16,1.0,0.12213680893182755,0.8911569356252642,2096,3.0,3.0,1779.8,1776.8,0.0,8000,True
76,Fixed_100pct,5,BANDWIDTH_EFFICIENT,3,16,1.0,0.10071013867855072,0.9085043962623461,2096,649.0,3556.6,5333.4,4684.4,2907.6,8000,True
76,Fixed_100pct,6,QUALITY_CRITICAL,3,16,1.0,0.1927327811717987,0.8384107620631935,2096,776.0,15994.199999999997,17770.999999999996,16994.999999999996,15218.199999999997,10000,False
76,Fixed_100pct,7,LATENCY_CRITICAL,3,16,1.0,0.07401859760284424,0.9310825736462571,2096,337.0,10663.8,12440.599999999999,12103.599999999999,10326.8,8000,False
76,Fixed_100pct,8,BALANCED,3,16,1.0,0.0518672801554203,0.9506902808615203,2096,249.0,1779.8,3556.6,3307.6,1530.8,3000,False
76,Fixed_100pct,9,BALANCED,3,16,1.0,0.13463625311851501,0.8813397220928988,2096,604.0,14217.399999999998,15994.199999999997,15390.199999999997,13613.399999999998,4000,False
76,Fixed_100pct,10,BALANCED,3,16,1.0,0.08718635141849518,0.9198055132823001,2096,388.0,12440.599999999999,14217.399999999998,13829.399999999998,12052.599999999999,8000,False
76,PPO_Raw,1,BALANCED,0,4,0.25,0.9306802153587341,0.5179521663115986,548,187.0,1492.6,2031.0,1844.0,1305.6,7000,True
76,PPO_Raw,2,BANDWIDTH_EFFICIENT,0,4,0.25,0.607058048248291,0.6222550586084988,548,258.0,2569.4,3107.8,2849.8,2311.4,15000,True
76,PPO_Raw,3,BALANCED,1,8,0.5,0.4397304356098175,0.6945744670435035,1064,22.0,541.4,1492.6,1470.6,519.4,15000,True
76,PPO_Raw,4,BALANCED,0,4,0.25,0.7690046429634094,0.5652896412554437,548,3.0,3.0,541.4,538.4,0.0,8000,True
76,PPO_Raw,5,BANDWIDTH_EFFICIENT,0,4,0.25,0.7489805221557617,0.5717616561946717,548,649.0,3107.8,3646.2000000000003,2997.2000000000003,2458.8,8000,True
76,PPO_Raw,6,QUALITY_CRITICAL,0,4,0.25,1.258497953414917,0.44277215238914425,548,776.0,3646.2000000000003,4184.6,3408.6000000000004,2870.2000000000003,10000,True
76,PPO_Raw,7,LATENCY_CRITICAL,0,4,0.25,0.490800142288208,0.6707807248160804,548,337.0,4184.6,4723.0,4386.0,3847.6000000000004,8000,True
76,PPO_Raw,8,BALANCED,0,4,0.25,0.831525981426239,0.5459928006160654,548,249.0,2031.0,2569.4,2320.4,1782.0,3000,True
76,PPO_Raw,9,BALANCED,0,4,0.25,0.7905122637748718,0.5584993860314235,548,604.0,5261.4,5799.799999999999,5195.799999999999,4657.4,4000,False
76,PPO_Raw,10,BALANCED,0,4,0.25,0.6829513907432556,0.5941942265833131,548,388.0,4723.0,5261.4,4873.4,4335.0,8000,True
76,PPO_Orchestrated,1,BALANCED,0,4,0.25,0.9306802153587341,0.5179521663115986,548,187.0,1492.6,2031.0,1844.0,1305.6,7000,True
76,PPO_Orchestrated,2,BANDWIDTH_EFFICIENT,0,4,0.25,0.607058048248291,0.6222550586084988,548,258.0,2569.4,3107.8,2849.8,2311.4,15000,True
76,PPO_Orchestrated,3,BALANCED,1,8,0.5,0.4397304356098175,0.6945744670435035,1064,22.0,541.4,1492.6,1470.6,519.4,15000,True
76,PPO_Orchestrated,4,BALANCED,0,4,0.25,0.7690046429634094,0.5652896412554437,548,3.0,3.0,541.4,538.4,0.0,8000,True
76,PPO_Orchestrated,5,BANDWIDTH_EFFICIENT,0,4,0.25,0.7489805221557617,0.5717616561946717,548,649.0,3107.8,3646.2000000000003,2997.2000000000003,2458.8,8000,True
76,PPO_Orchestrated,6,QUALITY_CRITICAL,2,12,0.75,0.40925267338752747,0.7095959574064346,1580,776.0,3646.2000000000003,5010.200000000001,4234.200000000001,2870.2000000000003,10000,True
76,PPO_Orchestrated,7,LATENCY_CRITICAL,0,4,0.25,0.490800142288208,0.6707807248160804,548,337.0,5010.200000000001,5548.6,5211.6,4673.200000000001,8000,True
76,PPO_Orchestrated,8,BALANCED,0,4,0.25,0.831525981426239,0.5459928006160654,548,249.0,2031.0,2569.4,2320.4,1782.0,3000,True
76,PPO_Orchestrated,9,BALANCED,0,4,0.25,0.7905122637748718,0.5584993860314235,548,604.0,6087.0,6625.4,6021.4,5483.0,4000,False
76,PPO_Orchestrated,10,BALANCED,0,4,0.25,0.6829513907432556,0.5941942265833131,548,388.0,5548.6,6087.0,5699.0,5160.6,8000,True
77,Fixed_25pct,1,BALANCED,0,4,0.25,0.696309506893158,0.5895150595668889,548,174.0,174.0,712.4,538.4,0.0,15000,True
77,Fixed_25pct,2,BANDWIDTH_EFFICIENT,0,4,0.25,0.2269437462091446,0.8150332915340849,548,751.0,3404.4,3942.8,3191.8,2653.4,14000,True
77,Fixed_25pct,3,BALANCED,0,4,0.25,2.0461606979370117,0.32828208987045304,548,821.0,4481.2,5019.599999999999,4198.599999999999,3660.2,6000,True
77,Fixed_25pct,4,BALANCED,0,4,0.25,0.7261711955070496,0.5793168155063888,548,787.0,3942.8,4481.2,3694.2,3155.8,12000,True
77,Fixed_25pct,5,BALANCED,0,4,0.25,0.6260268688201904,0.6149959875666619,548,611.0,2327.6,2866.0,2255.0,1716.6,3000,True
77,Fixed_25pct,6,BANDWIDTH_EFFICIENT,0,4,0.25,0.8436177968978882,0.5424117741120865,548,564.0,1250.8,1789.1999999999998,1225.1999999999998,686.8,2000,True
77,Fixed_25pct,7,BANDWIDTH_EFFICIENT,0,4,0.25,1.0292335748672485,0.49279689257330545,548,611.0,2866.0,3404.4,2793.4,2255.0,15000,True
77,Fixed_25pct,8,QUALITY_CRITICAL,0,4,0.25,0.9843408465385437,0.5039456813804876,548,610.0,1789.1999999999998,2327.6,1717.6,1179.1999999999998,6000,True
77,Fixed_25pct,9,BALANCED,0,4,0.25,0.45275864005088806,0.6883455877880523,548,554.0,712.4,1250.8,696.8,158.39999999999998,6000,True
77,Fixed_25pct,10,QUALITY_CRITICAL,0,4,0.25,0.5719821453094482,0.6361395407599542,548,821.0,5019.599999999999,5557.999999999999,4736.999999999999,4198.599999999999,14000,True
77,Fixed_50pct,1,BALANCED,1,8,0.5,0.21357104182243347,0.8240143885588178,1064,174.0,174.0,1125.1999999999998,951.1999999999998,0.0,15000,True
77,Fixed_50pct,2,BANDWIDTH_EFFICIENT,1,8,0.5,0.09024443477392197,0.9172255029280333,1064,751.0,4929.999999999999,5881.199999999999,5130.199999999999,4178.999999999999,14000,True
77,Fixed_50pct,3,BALANCED,1,8,0.5,1.249106764793396,0.44462095604067975,1064,821.0,3978.7999999999993,4929.999999999999,4108.999999999999,3157.7999999999993,6000,True
77,Fixed_50pct,4,BALANCED,1,8,0.5,0.23189705610275269,0.811756140698651,1064,787.0,5881.199999999999,6832.399999999999,6045.399999999999,5094.199999999999,12000,True
77,Fixed_50pct,5,BALANCED,1,8,0.5,0.2765287756919861,0.7833744284048089,1064,611.0,1125.1999999999998,2076.3999999999996,1465.3999999999996,514.1999999999998,3000,True
77,Fixed_50pct,6,BANDWIDTH_EFFICIENT,1,8,0.5,0.25771820545196533,0.7950906615370544,1064,564.0,2076.3999999999996,3027.5999999999995,2463.5999999999995,1512.3999999999996,2000,False
77,Fixed_50pct,7,BANDWIDTH_EFFICIENT,1,8,0.5,0.6313682198524475,0.6129823958998337,1064,611.0,7783.5999999999985,8734.8,8123.799999999999,7172.5999999999985,15000,True
77,Fixed_50pct,8,QUALITY_CRITICAL,1,8,0.5,0.3625887334346771,0.7338971587408478,1064,610.0,6832.399999999999,7783.5999999999985,7173.5999999999985,6222.399999999999,6000,False
77,Fixed_50pct,9,BALANCED,1,8,0.5,0.22261887788772583,0.8179163745023008,1064,554.0,8734.8,9686.0,9132.0,8180.799999999999,6000,False
77,Fixed_50pct,10,QUALITY_CRITICAL,1,8,0.5,0.1672082543373108,0.856745140624246,1064,821.0,3027.5999999999995,3978.7999999999993,3157.7999999999993,2206.5999999999995,14000,True
77,Fixed_75pct,1,BALANCED,2,12,0.75,0.12781329452991486,0.8866715837188381,1580,174.0,174.0,1538.0,1364.0,0.0,15000,True
77,Fixed_75pct,2,BANDWIDTH_EFFICIENT,2,12,0.75,0.03782816231250763,0.9635506496294933,1580,751.0,5630.0,6994.0,6243.0,4879.0,14000,True
77,Fixed_75pct,3,BALANCED,2,12,0.75,0.7039276361465454,0.5868793831300918,1580,821.0,12450.0,13814.0,12993.0,11629.0,6000,False
77,Fixed_75pct,4,BALANCED,2,12,0.75,0.0948682352900505,0.9133519155709927,1580,787.0,9722.0,11086.0,10299.0,8935.0,12000,True
77,Fixed_75pct,5,BALANCED,2,12,0.75,0.11283735185861588,0.898603913977043,1580,611.0,2902.0,4266.0,3655.0,2291.0,3000,False
77,Fixed_75pct,6,BANDWIDTH_EFFICIENT,2,12,0.75,0.16691775619983673,0.8569584228939852,1580,564.0,11086.0,12450.0,11886.0,10522.0,2000,False
77,Fixed_75pct,7,BANDWIDTH_EFFICIENT,2,12,0.75,0.4145454466342926,0.7069408779897147,1580,611.0,8358.0,9722.0,9111.0,7747.0,15000,True
77,Fixed_75pct,8,QUALITY_CRITICAL,2,12,0.75,0.18621478974819183,0.8430176462496128,1580,610.0,1538.0,2902.0,2292.0,928.0,6000,True
77,Fixed_75pct,9,BALANCED,2,12,0.75,0.08549124747514725,0.9212418822592997,1580,554.0,4266.0,5630.0,5076.0,3712.0,6000,True
77,Fixed_75pct,10,QUALITY_CRITICAL,2,12,0.75,0.08155545592308044,0.9245942910495746,1580,821.0,6994.0,8358.0,7537.0,6173.0,14000,True
77,Fixed_100pct,1,BALANCED,3,16,1.0,0.08277768641710281,0.9235506166635064,2096,174.0,174.0,1950.8,1776.8,0.0,15000,True
77,Fixed_100pct,2,BANDWIDTH_EFFICIENT,3,16,1.0,0.03031882457435131,0.9705733566628012,2096,751.0,10834.8,12611.599999999999,11860.599999999999,10083.8,14000,True
77,Fixed_100pct,3,BALANCED,3,16,1.0,0.3009483516216278,0.7686700234897899,2096,821.0,12611.599999999999,14388.399999999998,13567.399999999998,11790.599999999999,6000,False
77,Fixed_100pct,4,BALANCED,3,16,1.0,0.027906320989131927,0.9728512993652201,2096,787.0,16165.199999999997,17941.999999999996,17154.999999999996,15378.199999999997,12000,False
77,Fixed_100pct,5,BALANCED,3,16,1.0,0.040478430688381195,0.9610963288670956,2096,611.0,14388.399999999998,16165.199999999997,15554.199999999997,13777.399999999998,3000,False
77,Fixed_100pct,6,BANDWIDTH_EFFICIENT,3,16,1.0,0.095870241522789,0.9125167945161368,2096,564.0,9058.0,10834.8,10270.8,8494.0,2000,False
77,Fixed_100pct,7,BANDWIDTH_EFFICIENT,3,16,1.0,0.2681228220462799,0.7885671502909875,2096,611.0,7281.2,9058.0,8447.0,6670.2,15000,True
77,Fixed_100pct,8,QUALITY_CRITICAL,3,16,1.0,0.12151976674795151,0.8916472358750127,2096,610.0,3727.6,5504.4,4894.4,3117.6,6000,True
77,Fixed_100pct,9,BALANCED,3,16,1.0,0.04297499358654022,0.9587957584306412,2096,554.0,5504.4,7281.2,6727.2,4950.4,6000,False
77,Fixed_100pct,10,QUALITY_CRITICAL,3,16,1.0,0.05746109411120415,0.9456612688341974,2096,821.0,1950.8,3727.6,2906.6,1129.8,14000,True
77,PPO_Raw,1,BALANCED,0,4,0.25,0.696309506893158,0.5895150595668889,548,174.0,174.0,712.4,538.4,0.0,15000,True
77,PPO_Raw,2,BANDWIDTH_EFFICIENT,0,4,0.25,0.2269437462091446,0.8150332915340849,548,751.0,3817.2,4355.599999999999,3604.5999999999995,3066.2,14000,True
77,PPO_Raw,3,BALANCED,0,4,0.25,2.0461606979370117,0.32828208987045304,548,821.0,4893.999999999999,5432.399999999999,4611.399999999999,4072.999999999999,6000,True
77,PPO_Raw,4,BALANCED,0,4,0.25,0.7261711955070496,0.5793168155063888,548,787.0,4355.599999999999,4893.999999999999,4106.999999999999,3568.5999999999995,12000,True
77,PPO_Raw,5,BALANCED,0,4,0.25,0.6260268688201904,0.6149959875666619,548,611.0,2740.3999999999996,3278.7999999999997,2667.7999999999997,2129.3999999999996,3000,True
77,PPO_Raw,6,BANDWIDTH_EFFICIENT,0,4,0.25,0.8436177968978882,0.5424117741120865,548,564.0,1250.8,1789.1999999999998,1225.1999999999998,686.8,2000,True
77,PPO_Raw,7,BANDWIDTH_EFFICIENT,0,4,0.25,1.0292335748672485,0.49279689257330545,548,611.0,3278.7999999999997,3817.2,3206.2,2667.7999999999997,15000,True
77,PPO_Raw,8,QUALITY_CRITICAL,1,8,0.5,0.3625887334346771,0.7338971587408478,1064,610.0,1789.1999999999998,2740.3999999999996,2130.3999999999996,1179.1999999999998,6000,True
77,PPO_Raw,9,BALANCED,0,4,0.25,0.45275864005088806,0.6883455877880523,548,554.0,712.4,1250.8,696.8,158.39999999999998,6000,True
77,PPO_Raw,10,QUALITY_CRITICAL,0,4,0.25,0.5719821453094482,0.6361395407599542,548,821.0,5432.399999999999,5970.799999999998,5149.799999999998,4611.399999999999,14000,True
77,PPO_Orchestrated,1,BALANCED,0,4,0.25,0.696309506893158,0.5895150595668889,548,174.0,174.0,712.4,538.4,0.0,15000,True
77,PPO_Orchestrated,2,BANDWIDTH_EFFICIENT,0,4,0.25,0.2269437462091446,0.8150332915340849,548,751.0,4230.0,4768.4,4017.3999999999996,3479.0,14000,True
77,PPO_Orchestrated,3,BALANCED,0,4,0.25,2.0461606979370117,0.32828208987045304,548,821.0,5306.799999999999,5845.199999999999,5024.199999999999,4485.799999999999,6000,True
77,PPO_Orchestrated,4,BALANCED,0,4,0.25,0.7261711955070496,0.5793168155063888,548,787.0,4768.4,5306.799999999999,4519.799999999999,3981.3999999999996,12000,True
77,PPO_Orchestrated,5,BALANCED,0,4,0.25,0.6260268688201904,0.6149959875666619,548,611.0,3153.2,3691.6,3080.6,2542.2,3000,False
77,PPO_Orchestrated,6,BANDWIDTH_EFFICIENT,0,4,0.25,0.8436177968978882,0.5424117741120865,548,564.0,1250.8,1789.1999999999998,1225.1999999999998,686.8,2000,True
77,PPO_Orchestrated,7,BANDWIDTH_EFFICIENT,0,4,0.25,1.0292335748672485,0.49279689257330545,548,611.0,3691.6,4230.0,3619.0,3080.6,15000,True
77,PPO_Orchestrated,8,QUALITY_CRITICAL,2,12,0.75,0.18621478974819183,0.8430176462496128,1580,610.0,1789.1999999999998,3153.2,2543.2,1179.1999999999998,6000,True
77,PPO_Orchestrated,9,BALANCED,0,4,0.25,0.45275864005088806,0.6883455877880523,548,554.0,712.4,1250.8,696.8,158.39999999999998,6000,True
77,PPO_Orchestrated,10,QUALITY_CRITICAL,2,12,0.75,0.08155545592308044,0.9245942910495746,1580,821.0,5845.199999999999,7209.199999999999,6388.199999999999,5024.199999999999,14000,True
78,Fixed_25pct,1,BALANCED,0,4,0.25,1.3721897602081299,0.421551436050488,548,92.0,2197.6,2736.0,2644.0,2105.6,9000,True
78,Fixed_25pct,2,BALANCED,0,4,0.25,0.8840805888175964,0.5307628590492384,548,303.0,1659.1999999999998,2197.6,1894.6,1356.1999999999998,3000,True
78,Fixed_25pct,3,LATENCY_CRITICAL,0,4,0.25,0.5341051816940308,0.6518457873245387,548,479.0,4889.599999999999,5427.999999999999,4948.999999999999,4410.599999999999,15000,True
78,Fixed_25pct,4,BALANCED,0,4,0.25,0.42770108580589294,0.7004267279348121,548,79.0,582.4,1120.8,1041.8,503.4,13000,True
78,Fixed_25pct,5,BANDWIDTH_EFFICIENT,0,4,0.25,1.0491456985473633,0.48800824690450206,548,79.0,1120.8,1659.1999999999998,1580.1999999999998,1041.8,4000,True
78,Fixed_25pct,6,BANDWIDTH_EFFICIENT,0,4,0.25,1.0257221460342407,0.493651116940051,548,263.0,3812.8,4351.2,4088.2,3549.8,3000,False
78,Fixed_25pct,7,BANDWIDTH_EFFICIENT,0,4,0.25,1.398079752922058,0.4170003098443665,548,44.0,44.0,582.4,538.4,0.0,8000,True
78,Fixed_25pct,8,QUALITY_CRITICAL,0,4,0.25,0.7377524375915527,0.5754559616017315,548,328.0,4351.2,4889.599999999999,4561.599999999999,4023.2,12000,True
78,Fixed_25pct,9,BALANCED,0,4,0.25,0.5452275276184082,0.6471538864837959,548,101.0,2736.0,3274.4,3173.4,2635.0,8000,True
78,Fixed_25pct,10,QUALITY_CRITICAL,0,4,0.25,0.8503006100654602,0.5404527213362492,548,945.0,3274.4,3812.8,2867.8,2329.4,6000,True
78,Fixed_50pct,1,BALANCED,1,8,0.5,0.8020008206367493,0.5549387039938435,1064,92.0,4800.0,5751.2,5659.2,4708.0,9000,True
78,Fixed_50pct,2,BALANCED,1,8,0.5,0.38735800981521606,0.7207944834175796,1064,303.0,2897.6,3848.7999999999997,3545.7999999999997,2594.6,3000,False
78,Fixed_50pct,3,LATENCY_CRITICAL,1,8,0.5,0.32780638337135315,0.7531218500855225,1064,479.0,5751.2,6702.4,6223.4,5272.2,15000,True
78,Fixed_50pct,4,BALANCED,1,8,0.5,0.20430319011211395,0.8303556846900867,1064,79.0,6702.4,7653.599999999999,7574.599999999999,6623.4,13000,True
78,Fixed_50pct,5,BANDWIDTH_EFFICIENT,1,8,0.5,0.5814175605773926,0.6323440594872927,1064,79.0,995.1999999999999,1946.3999999999999,1867.3999999999999,916.1999999999999,4000,True
78,Fixed_50pct,6,BANDWIDTH_EFFICIENT,1,8,0.5,0.4995458424091339,0.6668685756171511,1064,263.0,1946.3999999999999,2897.6,2634.6,1683.3999999999999,3000,True
78,Fixed_50pct,7,BANDWIDTH_EFFICIENT,1,8,0.5,0.8561679720878601,0.5387443458983818,1064,44.0,44.0,995.1999999999999,951.1999999999999,0.0,8000,True
78,Fixed_50pct,8,QUALITY_CRITICAL,1,8,0.5,0.4520946741104126,0.6886603317463605,1064,328.0,7653.599999999999,8604.8,8276.8,7325.599999999999,12000,True
78,Fixed_50pct,9,BALANCED,1,8,0.5,0.36141178011894226,0.7345316197518381,1064,101.0,8604.8,9556.0,9455.0,8503.8,8000,False
78,Fixed_50pct,10,QUALITY_CRITICAL,1,8,0.5,0.5349195003509521,0.6514999645071645,1064,945.0,3848.7999999999997,4800.0,3855.0,2903.7999999999997,6000,True
78,Fixed_75pct,1,BALANCED,2,12,0.75,0.4459613561630249,0.6915814144947695,1580,92.0,1408.0,2772.0,2680.0,1316.0,9000,True
78,Fixed_75pct,2,BALANCED,2,12,0.75,0.16398243606090546,0.8591194927168772,1580,303.0,5500.0,6864.0,6561.0,5197.0,3000,False
78,Fixed_75pct,3,LATENCY_CRITICAL,2,12,0.75,0.09127984195947647,0.9163552386383528,1580,479.0,10956.0,12320.0,11841.0,10477.0,15000,True
78,Fixed_75pct,4,BALANCED,2,12,0.75,0.10230189561843872,0.907192488713772,1580,79.0,6864.0,8228.0,8149.0,6785.0,13000,True
78,Fixed_75pct,5,BANDWIDTH_EFFICIENT,2,12,0.75,0.18252892792224884,0.8456452746209265,1580,79.0,2772.0,4136.0,4057.0,2693.0,4000,False
78,Fixed_75pct,6,BANDWIDTH_EFFICIENT,2,12,0.75,0.2625328004360199,0.7920586298071992,1580,263.0,4136.0,5500.0,5237.0,3873.0,3000,False
78,Fixed_75pct,7,BANDWIDTH_EFFICIENT,2,12,0.75,0.4097231924533844,0.7093591177000284,1580,44.0,44.0,1408.0,1364.0,0.0,8000,True
78,Fixed_75pct,8,QUALITY_CRITICAL,2,12,0.75,0.2261333465576172,0.8155719790245579,1580,328.0,9592.0,10956.0,10628.0,9264.0,12000,True
78,Fixed_75pct,9,BALANCED,2,12,0.75,0.21389704942703247,0.8237930889378194,1580,101.0,12320.0,13684.0,13583.0,12219.0,8000,False
78,Fixed_75pct,10,QUALITY_CRITICAL,2,12,0.75,0.29323825240135193,0.7732527228785169,1580,945.0,8228.0,9592.0,8647.0,7283.0,6000,False
78,Fixed_100pct,1,BALANCED,3,16,1.0,0.22548234462738037,0.8160052279692855,2096,92.0,3597.6,5374.4,5282.4,3505.6,9000,True
78,Fixed_100pct,2,BALANCED,3,16,1.0,0.06679335236549377,0.9373886683701327,2096,303.0,14258.399999999998,16035.199999999997,15732.199999999997,13955.399999999998,3000,False
78,Fixed_100pct,3,LATENCY_CRITICAL,3,16,1.0,0.05416048690676689,0.9486221618250078,2096,479.0,12481.599999999999,14258.399999999998,13779.399999999998,12002.599999999999,15000,True
78,Fixed_100pct,4,BALANCED,3,16,1.0,0.06850381940603256,0.9358880912151414,2096,79.0,5374.4,7151.2,7072.2,5295.4,13000,True
78,Fixed_100pct,5,BANDWIDTH_EFFICIENT,3,16,1.0,0.05120121315121651,0.9512926616611018,2096,79.0,7151.2,8928.0,8849.0,7072.2,4000,False
78,Fixed_100pct,6,BANDWIDTH_EFFICIENT,3,16,1.0,0.1648944914340973,0.8584468442020905,2096,263.0,10704.8,12481.599999999999,12218.599999999999,10441.8,3000,False
78,Fixed_100pct,7,BANDWIDTH_EFFICIENT,3,16,1.0,0.17230671644210815,0.8530190827831727,2096,44.0,44.0,1820.8,1776.8,0.0,8000,True
78,Fixed_100pct,8,QUALITY_CRITICAL,3,16,1.0,0.11934472620487213,0.8933798289205245,2096,328.0,16035.199999999997,17811.999999999996,17483.999999999996,15707.199999999997,12000,False
78,Fixed_100pct,9,BALANCED,3,16,1.0,0.15472212433815002,0.8660092146179049,2096,101.0,8928.0,10704.8,10603.8,8827.0,8000,False
78,Fixed_100pct,10,QUALITY_CRITICAL,3,16,1.0,0.13381023705005646,0.8819818055284071,2096,945.0,1820.8,3597.6,2652.6,875.8,6000,True
78,PPO_Raw,1,BALANCED,0,4,0.25,1.3721897602081299,0.421551436050488,548,92.0,3148.7999999999997,3687.2,3595.2,3056.7999999999997,9000,True
78,PPO_Raw,2,BALANCED,0,4,0.25,0.8840805888175964,0.5307628590492384,548,303.0,1659.1999999999998,2197.6,1894.6,1356.1999999999998,3000,True
78,PPO_Raw,3,LATENCY_CRITICAL,2,12,0.75,0.09127984195947647,0.9163552386383528,1580,479.0,5302.399999999999,6666.399999999999,6187.399999999999,4823.399999999999,15000,True
78,PPO_Raw,4,BALANCED,1,8,0.5,0.20430319011211395,0.8303556846900867,1064,79.0,2197.6,3148.7999999999997,3069.7999999999997,2118.6,13000,True
78,PPO_Raw,5,BANDWIDTH_EFFICIENT,0,4,0.25,1.0491456985473633,0.48800824690450206,548,79.0,582.4,1120.8,1041.8,503.4,4000,True
78,PPO_Raw,6,BANDWIDTH_EFFICIENT,0,4,0.25,1.0257221460342407,0.493651116940051,548,263.0,1120.8,1659.1999999999998,1396.1999999999998,857.8,3000,True
78,PPO_Raw,7,BANDWIDTH_EFFICIENT,0,4,0.25,1.398079752922058,0.4170003098443665,548,44.0,44.0,582.4,538.4,0.0,8000,True
78,PPO_Raw,8,QUALITY_CRITICAL,0,4,0.25,0.7377524375915527,0.5754559616017315,548,328.0,4763.999999999999,5302.399999999999,4974.399999999999,4435.999999999999,12000,True
78,PPO_Raw,9,BALANCED,0,4,0.25,0.5452275276184082,0.6471538864837959,548,101.0,4225.599999999999,4763.999999999999,4662.999999999999,4124.599999999999,8000,True
78,PPO_Raw,10,QUALITY_CRITICAL,0,4,0.25,0.8503006100654602,0.5404527213362492,548,945.0,3687.2,4225.599999999999,3280.5999999999995,2742.2,6000,True
78,PPO_Orchestrated,1,BALANCED,0,4,0.25,1.3721897602081299,0.421551436050488,548,92.0,2197.6,2736.0,2644.0,2105.6,9000,True
78,PPO_Orchestrated,2,BALANCED,0,4,0.25,0.8840805888175964,0.5307628590492384,548,303.0,1659.1999999999998,2197.6,1894.6,1356.1999999999998,3000,True
78,PPO_Orchestrated,3,LATENCY_CRITICAL,2,12,0.75,0.09127984195947647,0.9163552386383528,1580,479.0,5589.599999999999,6953.599999999999,6474.599999999999,5110.599999999999,15000,True
78,PPO_Orchestrated,4,BALANCED,1,8,0.5,0.20430319011211395,0.8303556846900867,1064,79.0,4638.4,5589.599999999999,5510.599999999999,4559.4,13000,True
78,PPO_Orchestrated,5,BANDWIDTH_EFFICIENT,0,4,0.25,1.0491456985473633,0.48800824690450206,548,79.0,582.4,1120.8,1041.8,503.4,4000,True
78,PPO_Orchestrated,6,BANDWIDTH_EFFICIENT,0,4,0.25,1.0257221460342407,0.493651116940051,548,263.0,1120.8,1659.1999999999998,1396.1999999999998,857.8,3000,True
78,PPO_Orchestrated,7,BANDWIDTH_EFFICIENT,0,4,0.25,1.398079752922058,0.4170003098443665,548,44.0,44.0,582.4,538.4,0.0,8000,True
78,PPO_Orchestrated,8,QUALITY_CRITICAL,2,12,0.75,0.2261333465576172,0.8155719790245579,1580,328.0,6953.599999999999,8317.599999999999,7989.5999999999985,6625.599999999999,12000,True
78,PPO_Orchestrated,9,BALANCED,0,4,0.25,0.5452275276184082,0.6471538864837959,548,101.0,2736.0,3274.4,3173.4,2635.0,8000,True
78,PPO_Orchestrated,10,QUALITY_CRITICAL,2,12,0.75,0.29323825240135193,0.7732527228785169,1580,945.0,3274.4,4638.4,3693.3999999999996,2329.4,6000,True
79,Fixed_25pct,1,BANDWIDTH_EFFICIENT,0,4,0.25,0.7176233530044556,0.5821998159554634,548,662.0,2773.0,3311.4,2649.4,2111.0,14000,True
79,Fixed_25pct,2,BALANCED,0,4,0.25,0.6766282320022583,0.5964351434102853,548,689.0,3311.4,3849.8,3160.8,2622.4,11000,True
79,Fixed_25pct,3,BANDWIDTH_EFFICIENT,0,4,0.25,0.414115846157074,0.7071556426706813,548,397.0,1696.1999999999998,2234.6,1837.6,1299.1999999999998,2000,True
79,Fixed_25pct,4,BALANCED,0,4,0.25,0.7010331153869629,0.5878780318586055,548,524.0,2234.6,2773.0,2249.0,1710.6,14000,True
79,Fixed_25pct,5,BALANCED,0,4,0.25,0.33832815289497375,0.7472008997471009,548,775.0,4926.599999999999,5464.999999999999,4689.999999999999,4151.599999999999,10000,True
79,Fixed_25pct,6,QUALITY_CRITICAL,0,4,0.25,0.6254987120628357,0.6151958119554288,548,333.0,1157.8,1696.1999999999998,1363.1999999999998,824.8,12000,True
79,Fixed_25pct,7,LATENCY_CRITICAL,0,4,0.25,0.45104143023490906,0.689160198436312,548,81.0,81.0,619.4,538.4,0.0,4000,True
79,Fixed_25pct,8,BALANCED,0,4,0.25,0.8993838429450989,0.5264865254668298,548,114.0,619.4,1157.8,1043.8,505.4,6000,True
79,Fixed_25pct,9,BANDWIDTH_EFFICIENT,0,4,0.25,0.5952361226081848,0.6268664468085241,548,707.0,3849.8,4388.2,3681.2,3142.8,3000,False
79,Fixed_25pct,10,BALANCED,0,4,0.25,0.6314523816108704,0.612950773967804,548,752.0,4388.2,4926.599999999999,4174.599999999999,3636.2,15000,True
79,Fixed_50pct,1,BANDWIDTH_EFFICIENT,1,8,0.5,0.3628270626068115,0.7337688158959824,1064,662.0,1983.3999999999996,2934.5999999999995,2272.5999999999995,1321.3999999999996,14000,True
79,Fixed_50pct,2,BALANCED,1,8,0.5,0.43858322501182556,0.6951283614417092,1064,689.0,7690.5999999999985,8641.8,7952.799999999999,7001.5999999999985,11000,True
79,Fixed_50pct,3,BANDWIDTH_EFFICIENT,1,8,0.5,0.20275647938251495,0.8314234985567416,1064,397.0,2934.5999999999995,3885.7999999999993,3488.7999999999993,2537.5999999999995,2000,False
79,Fixed_50pct,4,BALANCED,1,8,0.5,0.276477575302124,0.7834058500897004,1064,524.0,1032.1999999999998,1983.3999999999996,1459.3999999999996,508.1999999999998,14000,True
79,Fixed_50pct,5,BALANCED,1,8,0.5,0.1133401170372963,0.8981981199609468,1064,775.0,5788.199999999999,6739.399999999999,5964.399999999999,5013.199999999999,10000,True
79,Fixed_50pct,6,QUALITY_CRITICAL,1,8,0.5,0.22965848445892334,0.8132339284756953,1064,333.0,6739.399999999999,7690.5999999999985,7357.5999999999985,6406.399999999999,12000,True
79,Fixed_50pct,7,LATENCY_CRITICAL,1,8,0.5,0.17451855540275574,0.8514126876923529,1064,81.0,81.0,1032.1999999999998,951.1999999999998,0.0,4000,True
79,Fixed_50pct,8,BALANCED,1,8,0.5,0.4222109019756317,0.7031305966020039,1064,114.0,8641.8,9593.0,9479.0,8527.8,6000,False
79,Fixed_50pct,9,BANDWIDTH_EFFICIENT,1,8,0.5,0.25336089730262756,0.7978547935810919,1064,707.0,3885.7999999999993,4836.999999999999,4129.999999999999,3178.7999999999993,3000,False
79,Fixed_50pct,10,BALANCED,1,8,0.5,0.45317503809928894,0.6881483467456,1064,752.0,4836.999999999999,5788.199999999999,5036.199999999999,4084.999999999999,15000,True
79,Fixed_75pct,1,BANDWIDTH_EFFICIENT,2,12,0.75,0.1494406908750534,0.8699883412329119,1580,662.0,2809.0,4173.0,3511.0,2147.0,14000,True
79,Fixed_75pct,2,BALANCED,2,12,0.75,0.2475968897342682,0.8015409530341125,1580,689.0,5537.0,6901.0,6212.0,4848.0,11000,True
79,Fixed_75pct,3,BANDWIDTH_EFFICIENT,2,12,0.75,0.08570674061775208,0.9210590324151565,1580,397.0,10993.0,12357.0,11960.0,10596.0,2000,False
79,Fixed_75pct,4,BALANCED,2,12,0.75,0.07861844450235367,0.9271119042112931,1580,524.0,4173.0,5537.0,5013.0,3649.0,14000,True
79,Fixed_75pct,5,BALANCED,2,12,0.75,0.07186371088027954,0.9329544324051603,1580,775.0,12357.0,13721.0,12946.0,11582.0,10000,False
79,Fixed_75pct,6,QUALITY_CRITICAL,2,12,0.75,0.11628296226263046,0.8958302095492592,1580,333.0,1445.0,2809.0,2476.0,1112.0,12000,True
79,Fixed_75pct,7,LATENCY_CRITICAL,2,12,0.75,0.0753910094499588,0.929894327935176,1580,81.0,81.0,1445.0,1364.0,0.0,4000,True
79,Fixed_75pct,8,BALANCED,2,12,0.75,0.18861262500286102,0.8413169934128817,1580,114.0,8265.0,9629.0,9515.0,8151.0,6000,False
79,Fixed_75pct,9,BANDWIDTH_EFFICIENT,2,12,0.75,0.06254222244024277,0.9411390708817126,1580,707.0,9629.0,10993.0,10286.0,8922.0,3000,False
79,Fixed_75pct,10,BALANCED,2,12,0.75,0.22073514759540558,0.8191785105637305,1580,752.0,6901.0,8265.0,7513.0,6149.0,15000,True
79,Fixed_100pct,1,BANDWIDTH_EFFICIENT,3,16,1.0,0.06405571848154068,0.9398004095378094,2096,662.0,14295.399999999998,16072.199999999997,15410.199999999997,13633.399999999998,14000,False
79,Fixed_100pct,2,BALANCED,3,16,1.0,0.14485852420330048,0.8734703711062408,2096,689.0,16072.199999999997,17848.999999999996,17159.999999999996,15383.199999999997,11000,False
79,Fixed_100pct,3,BANDWIDTH_EFFICIENT,3,16,1.0,0.049433860927820206,0.9528947342292586,2096,397.0,12518.599999999999,14295.399999999998,13898.399999999998,12121.599999999999,2000,False
79,Fixed_100pct,4,BALANCED,3,16,1.0,0.023792648687958717,0.9767602856706872,2096,524.0,3634.6,5411.4,4887.4,3110.6,14000,True
79,Fixed_100pct,5,BALANCED,3,16,1.0,0.04274154081940651,0.9590104171108218,2096,775.0,8965.0,10741.8,9966.8,8190.0,10000,True
79,Fixed_100pct,6,QUALITY_CRITICAL,3,16,1.0,0.0940801128745079,0.9140098501312408,2096,333.0,1857.8,3634.6,3301.6,1524.8,12000,True
79,Fixed_100pct,7,LATENCY_CRITICAL,3,16,1.0,0.04291398450732231,0.958851846705656,2096,81.0,81.0,1857.8,1776.8,0.0,4000,True
79,Fixed_100pct,8,BALANCED,3,16,1.0,0.09150291979312897,0.9161679569208377,2096,114.0,5411.4,7188.2,7074.2,5297.4,6000,False
79,Fixed_100pct,9,BANDWIDTH_EFFICIENT,3,16,1.0,0.049591001123189926,0.9527520709780081,2096,707.0,10741.8,12518.599999999999,11811.599999999999,10034.8,3000,False
79,Fixed_100pct,10,BALANCED,3,16,1.0,0.07913324981927872,0.9266696213534973,2096,752.0,7188.2,8965.0,8213.0,6436.2,15000,True
79,PPO_Raw,1,BANDWIDTH_EFFICIENT,0,4,0.25,0.7176233530044556,0.5821998159554634,548,662.0,1157.8,1696.1999999999998,1034.1999999999998,495.79999999999995,14000,True
79,PPO_Raw,2,BALANCED,1,8,0.5,0.43858322501182556,0.6951283614417092,1064,689.0,1696.1999999999998,2647.3999999999996,1958.3999999999996,1007.1999999999998,11000,True
79,PPO_Raw,3,BANDWIDTH_EFFICIENT,0,4,0.25,0.414115846157074,0.7071556426706813,548,397.0,5752.199999999999,6290.5999999999985,5893.5999999999985,5355.199999999999,2000,False
79,PPO_Raw,4,BALANCED,0,4,0.25,0.7010331153869629,0.5878780318586055,548,524.0,5213.799999999999,5752.199999999999,5228.199999999999,4689.799999999999,14000,True
79,PPO_Raw,5,BALANCED,0,4,0.25,0.33832815289497375,0.7472008997471009,548,775.0,3724.2,4262.599999999999,3487.5999999999995,2949.2,10000,True
79,PPO_Raw,6,QUALITY_CRITICAL,1,8,0.5,0.22965848445892334,0.8132339284756953,1064,333.0,4262.599999999999,5213.799999999999,4880.799999999999,3929.5999999999995,12000,True
79,PPO_Raw,7,LATENCY_CRITICAL,0,4,0.25,0.45104143023490906,0.689160198436312,548,81.0,81.0,619.4,538.4,0.0,4000,True
79,PPO_Raw,8,BALANCED,0,4,0.25,0.8993838429450989,0.5264865254668298,548,114.0,619.4,1157.8,1043.8,505.4,6000,True
79,PPO_Raw,9,BANDWIDTH_EFFICIENT,0,4,0.25,0.5952361226081848,0.6268664468085241,548,707.0,2647.3999999999996,3185.7999999999997,2478.7999999999997,1940.3999999999996,3000,True
79,PPO_Raw,10,BALANCED,0,4,0.25,0.6314523816108704,0.612950773967804,548,752.0,3185.7999999999997,3724.2,2972.2,2433.7999999999997,15000,True
79,PPO_Orchestrated,1,BANDWIDTH_EFFICIENT,0,4,0.25,0.7176233530044556,0.5821998159554634,548,662.0,1157.8,1696.1999999999998,1034.1999999999998,495.79999999999995,14000,True
79,PPO_Orchestrated,2,BALANCED,1,8,0.5,0.43858322501182556,0.6951283614417092,1064,689.0,1696.1999999999998,2647.3999999999996,1958.3999999999996,1007.1999999999998,11000,True
79,PPO_Orchestrated,3,BANDWIDTH_EFFICIENT,0,4,0.25,0.414115846157074,0.7071556426706813,548,397.0,6164.999999999999,6703.399999999999,6306.399999999999,5767.999999999999,2000,False
79,PPO_Orchestrated,4,BALANCED,0,4,0.25,0.7010331153869629,0.5878780318586055,548,524.0,5626.599999999999,6164.999999999999,5640.999999999999,5102.599999999999,14000,True
79,PPO_Orchestrated,5,BALANCED,0,4,0.25,0.33832815289497375,0.7472008997471009,548,775.0,3724.2,4262.599999999999,3487.5999999999995,2949.2,10000,True
79,PPO_Orchestrated,6,QUALITY_CRITICAL,2,12,0.75,0.11628296226263046,0.8958302095492592,1580,333.0,4262.599999999999,5626.599999999999,5293.599999999999,3929.5999999999995,12000,True
79,PPO_Orchestrated,7,LATENCY_CRITICAL,0,4,0.25,0.45104143023490906,0.689160198436312,548,81.0,81.0,619.4,538.4,0.0,4000,True
79,PPO_Orchestrated,8,BALANCED,0,4,0.25,0.8993838429450989,0.5264865254668298,548,114.0,619.4,1157.8,1043.8,505.4,6000,True
79,PPO_Orchestrated,9,BANDWIDTH_EFFICIENT,0,4,0.25,0.5952361226081848,0.6268664468085241,548,707.0,2647.3999999999996,3185.7999999999997,2478.7999999999997,1940.3999999999996,3000,True
79,PPO_Orchestrated,10,BALANCED,0,4,0.25,0.6314523816108704,0.612950773967804,548,752.0,3185.7999999999997,3724.2,2972.2,2433.7999999999997,15000,True
80,Fixed_25pct,1,BALANCED,0,4,0.25,0.4368322789669037,0.6959754556175545,548,639.0,3084.0,3622.4,2983.4,2445.0,10000,True
80,Fixed_25pct,2,QUALITY_CRITICAL,0,4,0.25,0.33684125542640686,0.7480319715903995,548,618.0,2545.6,3084.0,2466.0,1927.6,9000,True
80,Fixed_25pct,3,BALANCED,0,4,0.25,0.8878887295722961,0.5296922346830003,548,491.0,2007.1999999999998,2545.6,2054.6,1516.1999999999998,7000,True
80,Fixed_25pct,4,BALANCED,0,4,0.25,0.7194638252258301,0.5815766434450358,548,392.0,392.0,930.4,538.4,0.0,2000,True
80,Fixed_25pct,5,BALANCED,0,4,0.25,0.7583755254745483,0.568706732727141,548,457.0,930.4,1468.8,1011.8,473.4,7000,True
80,Fixed_25pct,6,BANDWIDTH_EFFICIENT,0,4,0.25,0.5747396349906921,0.6350256117138442,548,820.0,4160.8,4699.2,3879.2,3340.8,4000,True
80,Fixed_25pct,7,BALANCED,0,4,0.25,1.1927413940429688,0.456050130998897,548,802.0,3622.4,4160.8,3358.8,2820.4,12000,True
80,Fixed_25pct,8,BANDWIDTH_EFFICIENT,0,4,0.25,1.490265965461731,0.40156353332106265,548,989.0,5237.599999999999,5775.999999999999,4786.999999999999,4248.599999999999,8000,True
80,Fixed_25pct,9,QUALITY_CRITICAL,0,4,0.25,0.9117693901062012,0.5230756414320709,548,478.0,1468.8,2007.1999999999998,1529.1999999999998,990.8,7000,True
80,Fixed_25pct,10,BALANCED,0,4,0.25,1.2808585166931152,0.4384314032112093,548,830.0,4699.2,5237.599999999999,4407.599999999999,3869.2,10000,True
80,Fixed_50pct,1,BALANCED,1,8,0.5,0.1406320035457611,0.876706945703265,1064,639.0,2294.3999999999996,3245.5999999999995,2606.5999999999995,1655.3999999999996,10000,True
80,Fixed_50pct,2,QUALITY_CRITICAL,1,8,0.5,0.14004074037075043,0.8771616351840128,1064,618.0,1343.1999999999998,2294.3999999999996,1676.3999999999996,725.1999999999998,9000,True
80,Fixed_50pct,3,BALANCED,1,8,0.5,0.39798009395599365,0.7153177676301581,1064,491.0,7050.399999999999,8001.5999999999985,7510.5999999999985,6559.399999999999,7000,False
80,Fixed_50pct,4,BALANCED,1,8,0.5,0.3145708739757538,0.760704515668772,1064,392.0,392.0,1343.1999999999998,951.1999999999998,0.0,2000,True
80,Fixed_50pct,5,BALANCED,1,8,0.5,0.36281391978263855,0.7337758922799194,1064,457.0,3245.5999999999995,4196.799999999999,3739.7999999999993,2788.5999999999995,7000,True
80,Fixed_50pct,6,BANDWIDTH_EFFICIENT,1,8,0.5,0.3128128945827484,0.7617231702449344,1064,820.0,5147.999999999999,6099.199999999999,5279.199999999999,4327.999999999999,4000,False
80,Fixed_50pct,7,BALANCED,1,8,0.5,0.8494911193847656,0.5406892682635052,1064,802.0,8001.5999999999985,8952.8,8150.799999999999,7199.5999999999985,12000,True
80,Fixed_50pct,8,BANDWIDTH_EFFICIENT,1,8,0.5,0.8359988331794739,0.544662655513925,1064,989.0,4196.799999999999,5147.999999999999,4158.999999999999,3207.7999999999993,8000,True
80,Fixed_50pct,9,QUALITY_CRITICAL,1,8,0.5,0.2591988444328308,0.7941557478560272,1064,478.0,8952.8,9904.0,9426.0,8474.8,7000,False
80,Fixed_50pct,10,BALANCED,1,8,0.5,0.6067700982093811,0.6223665732355994,1064,830.0,6099.199999999999,7050.399999999999,6220.399999999999,5269.199999999999,10000,True
80,Fixed_75pct,1,BALANCED,2,12,0.75,0.057090871036052704,0.9459924661158997,1580,639.0,12668.0,14032.0,13393.0,12029.0,10000,False
80,Fixed_75pct,2,QUALITY_CRITICAL,2,12,0.75,0.08093541115522385,0.9251246556269943,1580,618.0,3120.0,4484.0,3866.0,2502.0,9000,True
80,Fixed_75pct,3,BALANCED,2,12,0.75,0.1376073658466339,0.8790379088797273,1580,491.0,11304.0,12668.0,12177.0,10813.0,7000,False
80,Fixed_75pct,4,BALANCED,2,12,0.75,0.06603174656629562,0.938058367605857,1580,392.0,392.0,1756.0,1364.0,0.0,2000,True
80,Fixed_75pct,5,BALANCED,2,12,0.75,0.2042866051197052,0.8303671200433228,1580,457.0,4484.0,5848.0,5391.0,4027.0,7000,True
80,Fixed_75pct,6,BANDWIDTH_EFFICIENT,2,12,0.75,0.17990492284297943,0.8475259155547052,1580,820.0,7212.0,8576.0,7756.0,6392.0,4000,False
80,Fixed_75pct,7,BALANCED,2,12,0.75,0.5249533653259277,0.6557577580651264,1580,802.0,9940.0,11304.0,10502.0,9138.0,12000,True
80,Fixed_75pct,8,BANDWIDTH_EFFICIENT,2,12,0.75,0.3329620957374573,0.7502088793055687,1580,989.0,5848.0,7212.0,6223.0,4859.0,8000,True
80,Fixed_75pct,9,QUALITY_CRITICAL,2,12,0.75,0.08947902172803879,0.9178698993339819,1580,478.0,1756.0,3120.0,2642.0,1278.0,7000,True
80,Fixed_75pct,10,BALANCED,2,12,0.75,0.15895937383174896,0.8628430146725524,1580,830.0,8576.0,9940.0,9110.0,7746.0,10000,True
80,Fixed_100pct,1,BALANCED,3,16,1.0,0.049461621791124344,0.9528695277996847,2096,639.0,3945.6000000000004,5722.400000000001,5083.400000000001,3306.6000000000004,10000,True
80,Fixed_100pct,2,QUALITY_CRITICAL,3,16,1.0,0.026623820886015892,0.9740666246541615,2096,618.0,11052.8,12829.599999999999,12211.599999999999,10434.8,9000,False
80,Fixed_100pct,3,BALANCED,3,16,1.0,0.08773992955684662,0.919337401181372,2096,491.0,9276.0,11052.8,10561.8,8785.0,7000,False
80,Fixed_100pct,4,BALANCED,3,16,1.0,0.03769378736615181,0.9636754234967281,2096,392.0,392.0,2168.8,1776.8000000000002,0.0,2000,True
80,Fixed_100pct,5,BALANCED,3,16,1.0,0.11244487762451172,0.8989209444115345,2096,457.0,5722.400000000001,7499.200000000001,7042.200000000001,5265.400000000001,7000,False
80,Fixed_100pct,6,BANDWIDTH_EFFICIENT,3,16,1.0,0.12646962702274323,0.8877292170255827,2096,820.0,14606.399999999998,16383.199999999997,15563.199999999997,13786.399999999998,4000,False
80,Fixed_100pct,7,BALANCED,3,16,1.0,0.20732980966567993,0.8282740904715247,2096,802.0,12829.599999999999,14606.399999999998,13804.399999999998,12027.599999999999,12000,False
80,Fixed_100pct,8,BANDWIDTH_EFFICIENT,3,16,1.0,0.12758584320545197,0.8868504389495026,2096,989.0,2168.8,3945.6000000000004,2956.6000000000004,1179.8000000000002,8000,True
80,Fixed_100pct,9,QUALITY_CRITICAL,3,16,1.0,0.05904652550816536,0.9442455793150042,2096,478.0,7499.200000000001,9276.0,8798.0,7021.200000000001,7000,False
80,Fixed_100pct,10,BALANCED,3,16,1.0,0.07697189599275589,0.9285293364857929,2096,830.0,16383.199999999997,18159.999999999996,17329.999999999996,15553.199999999997,10000,False
80,PPO_Raw,1,BALANCED,0,4,0.25,0.4368322789669037,0.6959754556175545,548,639.0,3084.0,3622.4,2983.4,2445.0,10000,True
80,PPO_Raw,2,QUALITY_CRITICAL,0,4,0.25,0.33684125542640686,0.7480319715903995,548,618.0,2545.6,3084.0,2466.0,1927.6,9000,True
80,PPO_Raw,3,BALANCED,0,4,0.25,0.8878887295722961,0.5296922346830003,548,491.0,2007.1999999999998,2545.6,2054.6,1516.1999999999998,7000,True
80,PPO_Raw,4,BALANCED,0,4,0.25,0.7194638252258301,0.5815766434450358,548,392.0,392.0,930.4,538.4,0.0,2000,True
80,PPO_Raw,5,BALANCED,0,4,0.25,0.7583755254745483,0.568706732727141,548,457.0,930.4,1468.8,1011.8,473.4,7000,True
80,PPO_Raw,6,BANDWIDTH_EFFICIENT,0,4,0.25,0.5747396349906921,0.6350256117138442,548,820.0,4160.8,4699.2,3879.2,3340.8,4000,True
80,PPO_Raw,7,BALANCED,0,4,0.25,1.1927413940429688,0.456050130998897,548,802.0,3622.4,4160.8,3358.8,2820.4,12000,True
80,PPO_Raw,8,BANDWIDTH_EFFICIENT,0,4,0.25,1.490265965461731,0.40156353332106265,548,989.0,5237.599999999999,5775.999999999999,4786.999999999999,4248.599999999999,8000,True
80,PPO_Raw,9,QUALITY_CRITICAL,0,4,0.25,0.9117693901062012,0.5230756414320709,548,478.0,1468.8,2007.1999999999998,1529.1999999999998,990.8,7000,True
80,PPO_Raw,10,BALANCED,0,4,0.25,1.2808585166931152,0.4384314032112093,548,830.0,4699.2,5237.599999999999,4407.599999999999,3869.2,10000,True
80,PPO_Orchestrated,1,BALANCED,0,4,0.25,0.4368322789669037,0.6959754556175545,548,639.0,3371.2000000000003,3909.6000000000004,3270.6000000000004,2732.2000000000003,10000,True
80,PPO_Orchestrated,2,QUALITY_CRITICAL,2,12,0.75,0.08093541115522385,0.9251246556269943,1580,618.0,4986.4,6350.4,5732.4,4368.4,9000,True
80,PPO_Orchestrated,3,BALANCED,0,4,0.25,0.8878887295722961,0.5296922346830003,548,491.0,2832.8,3371.2000000000003,2880.2000000000003,2341.8,7000,True
80,PPO_Orchestrated,4,BALANCED,0,4,0.25,0.7194638252258301,0.5815766434450358,548,392.0,392.0,930.4,538.4,0.0,2000,True
80,PPO_Orchestrated,5,BALANCED,0,4,0.25,0.7583755254745483,0.568706732727141,548,457.0,930.4,1468.8,1011.8,473.4,7000,True
80,PPO_Orchestrated,6,BANDWIDTH_EFFICIENT,0,4,0.25,0.5747396349906921,0.6350256117138442,548,820.0,6888.799999999999,7427.199999999999,6607.199999999999,6068.799999999999,4000,False
80,PPO_Orchestrated,7,BALANCED,0,4,0.25,1.1927413940429688,0.456050130998897,548,802.0,6350.4,6888.799999999999,6086.799999999999,5548.4,12000,True
80,PPO_Orchestrated,8,BANDWIDTH_EFFICIENT,0,4,0.25,1.490265965461731,0.40156353332106265,548,989.0,4448.0,4986.4,3997.3999999999996,3459.0,8000,True
80,PPO_Orchestrated,9,QUALITY_CRITICAL,2,12,0.75,0.08947902172803879,0.9178698993339819,1580,478.0,1468.8,2832.8,2354.8,990.8,7000,True
80,PPO_Orchestrated,10,BALANCED,0,4,0.25,1.2808585166931152,0.4384314032112093,548,830.0,3909.6000000000004,4448.0,3618.0,3079.6000000000004,10000,True
81,Fixed_25pct,1,BALANCED,0,4,0.25,1.006895899772644,0.49828194881124,548,752.0,3314.4,3852.8,3100.8,2562.4,6000,True
81,Fixed_25pct,2,QUALITY_CRITICAL,0,4,0.25,0.9964001178741455,0.5009015933463498,548,254.0,2237.6,2776.0,2522.0,1983.6,4000,True
81,Fixed_25pct,3,LATENCY_CRITICAL,0,4,0.25,0.7918357253074646,0.5580868747487485,548,109.0,622.4,1160.8,1051.8,513.4,15000,True
81,Fixed_25pct,4,QUALITY_CRITICAL,0,4,0.25,0.8854320049285889,0.5303824255586853,548,594.0,4929.599999999999,5467.999999999999,4873.999999999999,4335.599999999999,11000,True
81,Fixed_25pct,5,BALANCED,0,4,0.25,0.30166611075401306,0.7682461667690897,548,161.0,1699.1999999999998,2237.6,2076.6,1538.1999999999998,10000,True
81,Fixed_25pct,6,QUALITY_CRITICAL,0,4,0.25,0.37796688079833984,0.7257068467571871,548,391.0,3852.8,4391.2,4000.2,3461.8,3000,False
81,Fixed_25pct,7,BALANCED,0,4,0.25,0.501153290271759,0.6661544870070973,548,458.0,4391.2,4929.599999999999,4471.599999999999,3933.2,7000,True
81,Fixed_25pct,8,BANDWIDTH_EFFICIENT,0,4,0.25,1.2349164485931396,0.44744401994512645,548,687.0,2776.0,3314.4,2627.4,2089.0,6000,True
81,Fixed_25pct,9,BALANCED,0,4,0.25,0.354872465133667,0.7380768491013238,548,115.0,1160.8,1699.1999999999998,1584.1999999999998,1045.8,11000,True
81,Fixed_25pct,10,BALANCED,0,4,0.25,0.4907872974872589,0.6707865043427139,548,84.0,84.0,622.4,538.4,0.0,8000,True
81,Fixed_50pct,1,BALANCED,1,8,0.5,0.3764462172985077,0.7265085896074148,1064,752.0,5791.199999999999,6742.399999999999,5990.399999999999,5039.199999999999,6000,True
81,Fixed_50pct,2,QUALITY_CRITICAL,1,8,0.5,0.6021068692207336,0.6241780865008094,1064,254.0,1035.1999999999998,1986.3999999999996,1732.3999999999996,781.1999999999998,4000,True
81,Fixed_50pct,3,LATENCY_CRITICAL,1,8,0.5,0.19442909955978394,0.8372200579913515,1064,109.0,6742.399999999999,7693.5999999999985,7584.5999999999985,6633.399999999999,15000,True
81,Fixed_50pct,4,QUALITY_CRITICAL,1,8,0.5,0.5756141543388367,0.6346731509400679,1064,594.0,3888.7999999999993,4839.999999999999,4245.999999999999,3294.7999999999993,11000,True
81,Fixed_50pct,5,BALANCED,1,8,0.5,0.14837846159934998,0.8707930646899256,1064,161.0,7693.5999999999985,8644.8,8483.8,7532.5999999999985,10000,True
81,Fixed_50pct,6,QUALITY_CRITICAL,1,8,0.5,0.1678306609392166,0.8562885300474639,1064,391.0,1986.3999999999996,2937.5999999999995,2546.5999999999995,1595.3999999999996,3000,True
81,Fixed_50pct,7,BALANCED,1,8,0.5,0.2301991581916809,0.8128765113690536,1064,458.0,2937.5999999999995,3888.7999999999993,3430.7999999999993,2479.5999999999995,7000,True
81,Fixed_50pct,8,BANDWIDTH_EFFICIENT,1,8,0.5,0.5244863033294678,0.6559586647751487,1064,687.0,4839.999999999999,5791.199999999999,5104.199999999999,4152.999999999999,6000,True
81,Fixed_50pct,9,BALANCED,1,8,0.5,0.16777119040489197,0.8563321378508045,1064,115.0,8644.8,9596.0,9481.0,8529.8,11000,True
81,Fixed_50pct,10,BALANCED,1,8,0.5,0.2062915712594986,0.8289869744807153,1064,84.0,84.0,1035.1999999999998,951.1999999999998,0.0,8000,True
81,Fixed_75pct,1,BALANCED,2,12,0.75,0.11232727766036987,0.8990159821517323,1580,752.0,12360.0,13724.0,12972.0,11608.0,6000,False
81,Fixed_75pct,2,QUALITY_CRITICAL,2,12,0.75,0.3933986723423004,0.7176696948612719,1580,254.0,1448.0,2812.0,2558.0,1194.0,4000,True
81,Fixed_75pct,3,LATENCY_CRITICAL,2,12,0.75,0.06344006210565567,0.9403444873234871,1580,109.0,9632.0,10996.0,10887.0,9523.0,15000,True
81,Fixed_75pct,4,QUALITY_CRITICAL,2,12,0.75,0.38465937972068787,0.7221992748871705,1580,594.0,8268.0,9632.0,9038.0,7674.0,11000,True
81,Fixed_75pct,5,BALANCED,2,12,0.75,0.039672937244176865,0.9618409445673016,1580,161.0,4176.0,5540.0,5379.0,4015.0,10000,True
81,Fixed_75pct,6,QUALITY_CRITICAL,2,12,0.75,0.0680689811706543,0.9362691152250789,1580,391.0,5540.0,6904.0,6513.0,5149.0,3000,False
81,Fixed_75pct,7,BALANCED,2,12,0.75,0.09343593567609787,0.9145483218289107,1580,458.0,2812.0,4176.0,3718.0,2354.0,7000,True
81,Fixed_75pct,8,BANDWIDTH_EFFICIENT,2,12,0.75,0.2810768187046051,0.7805933144674154,1580,687.0,6904.0,8268.0,7581.0,6217.0,6000,False
81,Fixed_75pct,9,BALANCED,2,12,0.75,0.13592523336410522,0.8803396303103901,1580,115.0,10996.0,12360.0,12245.0,10881.0,11000,False
81,Fixed_75pct,10,BALANCED,2,12,0.75,0.1254364550113678,0.888544169283995,1580,84.0,84.0,1448.0,1364.0,0.0,8000,True
81,Fixed_100pct,1,BALANCED,3,16,1.0,0.058349937200546265,0.9448670660340488,2096,752.0,1860.8,3637.6,2885.6,1108.8,6000,True
81,Fixed_100pct,2,QUALITY_CRITICAL,3,16,1.0,0.22304098308086395,0.817634088991017,2096,254.0,10744.8,12521.599999999999,12267.599999999999,10490.8,4000,False
81,Fixed_100pct,3,LATENCY_CRITICAL,3,16,1.0,0.03435465320944786,0.966786388882333,2096,109.0,5414.4,7191.2,7082.2,5305.4,15000,True
81,Fixed_100pct,4,QUALITY_CRITICAL,3,16,1.0,0.19652685523033142,0.8357522404355061,2096,594.0,14298.399999999998,16075.199999999997,15481.199999999997,13704.399999999998,11000,False
81,Fixed_100pct,5,BALANCED,3,16,1.0,0.019946817308664322,0.9804432770707614,2096,161.0,8968.0,10744.8,10583.8,8807.0,10000,False
81,Fixed_100pct,6,QUALITY_CRITICAL,3,16,1.0,0.03918685391545296,0.9622908490731916,2096,391.0,3637.6,5414.4,5023.4,3246.6,3000,False
81,Fixed_100pct,7,BALANCED,3,16,1.0,0.044604554772377014,0.9573000571665164,2096,458.0,12521.599999999999,14298.399999999998,13840.399999999998,12063.599999999999,7000,False
81,Fixed_100pct,8,BANDWIDTH_EFFICIENT,3,16,1.0,0.0944134071469307,0.9137314962240268,2096,687.0,16075.199999999997,17851.999999999996,17164.999999999996,15388.199999999997,6000,False
81,Fixed_100pct,9,BALANCED,3,16,1.0,0.11307773739099503,0.8984098472259051,2096,115.0,7191.2,8968.0,8853.0,7076.2,11000,True
81,Fixed_100pct,10,BALANCED,3,16,1.0,0.10733644664287567,0.9030679004847273,2096,84.0,84.0,1860.8,1776.8,0.0,8000,True
81,PPO_Raw,1,BALANCED,0,4,0.25,1.006895899772644,0.49828194881124,548,752.0,3727.2000000000003,4265.6,3513.6000000000004,2975.2000000000003,6000,True
81,PPO_Raw,2,QUALITY_CRITICAL,2,12,0.75,0.3933986723423004,0.7176696948612719,1580,254.0,5342.4,6706.4,6452.4,5088.4,4000,False
81,PPO_Raw,3,LATENCY_CRITICAL,1,8,0.5,0.19442909955978394,0.8372200579913515,1064,109.0,622.4,1573.6,1464.6,513.4,15000,True
81,PPO_Raw,4,QUALITY_CRITICAL,0,4,0.25,0.8854320049285889,0.5303824255586853,548,594.0,2650.4,3188.8,2594.8,2056.4,11000,True
81,PPO_Raw,5,BALANCED,0,4,0.25,0.30166611075401306,0.7682461667690897,548,161.0,2112.0,2650.4,2489.4,1951.0,10000,True
81,PPO_Raw,6,QUALITY_CRITICAL,0,4,0.25,0.37796688079833984,0.7257068467571871,548,391.0,4804.0,5342.4,4951.4,4413.0,3000,False
81,PPO_Raw,7,BALANCED,0,4,0.25,0.501153290271759,0.6661544870070973,548,458.0,4265.6,4804.0,4346.0,3807.6000000000004,7000,True
81,PPO_Raw,8,BANDWIDTH_EFFICIENT,0,4,0.25,1.2349164485931396,0.44744401994512645,548,687.0,3188.8,3727.2000000000003,3040.2000000000003,2501.8,6000,True
81,PPO_Raw,9,BALANCED,0,4,0.25,0.354872465133667,0.7380768491013238,548,115.0,1573.6,2112.0,1997.0,1458.6,11000,True
81,PPO_Raw,10,BALANCED,0,4,0.25,0.4907872974872589,0.6707865043427139,548,84.0,84.0,622.4,538.4,0.0,8000,True
81,PPO_Orchestrated,1,BALANCED,0,4,0.25,1.006895899772644,0.49828194881124,548,752.0,5916.799999999999,6455.199999999999,5703.199999999999,5164.799999999999,6000,True
81,PPO_Orchestrated,2,QUALITY_CRITICAL,2,12,0.75,0.3933986723423004,0.7176696948612719,1580,254.0,622.4,1986.4,1732.4,368.4,4000,True
81,PPO_Orchestrated,3,LATENCY_CRITICAL,1,8,0.5,0.19442909955978394,0.8372200579913515,1064,109.0,3350.4,4301.6,4192.6,3241.4,15000,True
81,PPO_Orchestrated,4,QUALITY_CRITICAL,2,12,0.75,0.38465937972068787,0.7221992748871705,1580,594.0,6455.199999999999,7819.199999999999,7225.199999999999,5861.199999999999,11000,True
81,PPO_Orchestrated,5,BALANCED,0,4,0.25,0.30166611075401306,0.7682461667690897,548,161.0,5378.4,5916.799999999999,5755.799999999999,5217.4,10000,True
81,PPO_Orchestrated,6,QUALITY_CRITICAL,2,12,0.75,0.0680689811706543,0.9362691152250789,1580,391.0,1986.4,3350.4,2959.4,1595.4,3000,True
81,PPO_Orchestrated,7,BALANCED,0,4,0.25,0.501153290271759,0.6661544870070973,548,458.0,4301.6,4840.0,4382.0,3843.6000000000004,7000,True
81,PPO_Orchestrated,8,BANDWIDTH_EFFICIENT,0,4,0.25,1.2349164485931396,0.44744401994512645,548,687.0,7819.199999999999,8357.599999999999,7670.5999999999985,7132.199999999999,6000,False
81,PPO_Orchestrated,9,BALANCED,0,4,0.25,0.354872465133667,0.7380768491013238,548,115.0,4840.0,5378.4,5263.4,4725.0,11000,True
81,PPO_Orchestrated,10,BALANCED,0,4,0.25,0.4907872974872589,0.6707865043427139,548,84.0,84.0,622.4,538.4,0.0,8000,True
82,Fixed_25pct,1,BALANCED,0,4,0.25,0.8053060173988342,0.5539227091486931,548,543.0,3930.8,4469.2,3926.2,3387.8,15000,True
82,Fixed_25pct,2,BANDWIDTH_EFFICIENT,0,4,0.25,1.9447153806686401,0.33959139364189944,548,546.0,4469.2,5007.599999999999,4461.599999999999,3923.2,5000,True
82,Fixed_25pct,3,BALANCED,0,4,0.25,0.6868701577186584,0.5928138543587794,548,979.0,3392.4,3930.8,2951.8,2413.4,3000,True
82,Fixed_25pct,4,BANDWIDTH_EFFICIENT,0,4,0.25,1.5275717973709106,0.39563663474966926,548,424.0,2315.6,2854.0,2430.0,1891.6,12000,True
82,Fixed_25pct,5,BANDWIDTH_EFFICIENT,0,4,0.25,0.34877121448516846,0.7414155857275647,548,162.0,162.0,700.4,538.4,0.0,3000,True
82,Fixed_25pct,6,LATENCY_CRITICAL,0,4,0.25,1.6914805173873901,0.3715427228768114,548,342.0,1238.8,1777.1999999999998,1435.1999999999998,896.8,9000,True
82,Fixed_25pct,7,QUALITY_CRITICAL,0,4,0.25,0.5297759175300598,0.6536905101856856,548,854.0,2854.0,3392.4,2538.4,2000.0,2000,False
82,Fixed_25pct,8,BANDWIDTH_EFFICIENT,0,4,0.25,1.493328332901001,0.4010703230715285,548,388.0,1777.1999999999998,2315.6,1927.6,1389.1999999999998,3000,True
82,Fixed_25pct,9,BANDWIDTH_EFFICIENT,0,4,0.25,1.0105315446853638,0.49738090538464746,548,272.0,700.4,1238.8,966.8,428.4,8000,True
82,Fixed_25pct,10,BALANCED,0,4,0.25,0.5738807916641235,0.6353721357401295,548,704.0,5007.599999999999,5545.999999999999,4841.999999999999,4303.599999999999,2000,False
82,Fixed_50pct,1,BALANCED,1,8,0.5,0.3899121880531311,0.719469912268856,1064,543.0,7771.5999999999985,8722.8,8179.799999999999,7228.5999999999985,15000,True
82,Fixed_50pct,2,BANDWIDTH_EFFICIENT,1,8,0.5,1.0735772848129272,0.4822583693041455,1064,546.0,5869.199999999999,6820.399999999999,6274.399999999999,5323.199999999999,5000,False
82,Fixed_50pct,3,BALANCED,1,8,0.5,0.2634972631931305,0.7914540293287095,1064,979.0,3015.5999999999995,3966.7999999999993,2987.7999999999993,2036.5999999999995,3000,True
82,Fixed_50pct,4,BANDWIDTH_EFFICIENT,1,8,0.5,0.6793336272239685,0.5954742903904422,1064,424.0,6820.399999999999,7771.5999999999985,7347.5999999999985,6396.399999999999,12000,True
82,Fixed_50pct,5,BANDWIDTH_EFFICIENT,1,8,0.5,0.12739044427871704,0.8870041475646717,1064,162.0,162.0,1113.1999999999998,951.1999999999998,0.0,3000,True
82,Fixed_50pct,6,LATENCY_CRITICAL,1,8,0.5,0.8452318906784058,0.5419373061194745,1064,342.0,8722.8,9674.0,9332.0,8380.8,9000,False
82,Fixed_50pct,7,QUALITY_CRITICAL,1,8,0.5,0.16523697972297668,0.858194528153183,1064,854.0,1113.1999999999998,2064.3999999999996,1210.3999999999996,259.1999999999998,2000,True
82,Fixed_50pct,8,BANDWIDTH_EFFICIENT,1,8,0.5,0.5631374716758728,0.6397389980856123,1064,388.0,3966.7999999999993,4917.999999999999,4529.999999999999,3578.7999999999993,3000,False
82,Fixed_50pct,9,BANDWIDTH_EFFICIENT,1,8,0.5,0.5095804333686829,0.6624357191544038,1064,272.0,4917.999999999999,5869.199999999999,5597.199999999999,4645.999999999999,8000,True
82,Fixed_50pct,10,BALANCED,1,8,0.5,0.39583444595336914,0.7164173393908401,1064,704.0,2064.3999999999996,3015.5999999999995,2311.5999999999995,1360.3999999999996,2000,False
82,Fixed_75pct,1,BALANCED,2,12,0.75,0.23135651648044586,0.8121124845778003,1580,543.0,5618.0,6982.0,6439.0,5075.0,15000,True
82,Fixed_75pct,2,BANDWIDTH_EFFICIENT,2,12,0.75,0.4884474277496338,0.6718409944191904,1580,546.0,12438.0,13802.0,13256.0,11892.0,5000,False
82,Fixed_75pct,3,BALANCED,2,12,0.75,0.1030212864279747,0.9066008175040765,1580,979.0,6982.0,8346.0,7367.0,6003.0,3000,False
82,Fixed_75pct,4,BANDWIDTH_EFFICIENT,2,12,0.75,0.33408936858177185,0.7495749711753331,1580,424.0,8346.0,9710.0,9286.0,7922.0,12000,True
82,Fixed_75pct,5,BANDWIDTH_EFFICIENT,2,12,0.75,0.07229810953140259,0.9325764832663959,1580,162.0,162.0,1526.0,1364.0,0.0,3000,True
82,Fixed_75pct,6,LATENCY_CRITICAL,2,12,0.75,0.514874279499054,0.6601207859510856,1580,342.0,11074.0,12438.0,12096.0,10732.0,9000,False
82,Fixed_75pct,7,QUALITY_CRITICAL,2,12,0.75,0.1437680870294571,0.8743031138394103,1580,854.0,2890.0,4254.0,3400.0,2036.0,2000,False
82,Fixed_75pct,8,BANDWIDTH_EFFICIENT,2,12,0.75,0.3903495967388153,0.7192435646010084,1580,388.0,1526.0,2890.0,2502.0,1138.0,3000,True
82,Fixed_75pct,9,BANDWIDTH_EFFICIENT,2,12,0.75,0.2898191213607788,0.7753025082656433,1580,272.0,4254.0,5618.0,5346.0,3982.0,8000,True
82,Fixed_75pct,10,BALANCED,2,12,0.75,0.2050996571779251,0.8298068911095512,1580,704.0,9710.0,11074.0,10370.0,9006.0,2000,False
82,Fixed_100pct,1,BALANCED,3,16,1.0,0.15747983753681183,0.8639459345815141,2096,543.0,7269.2,9046.0,8503.0,6726.2,15000,True
82,Fixed_100pct,2,BANDWIDTH_EFFICIENT,3,16,1.0,0.26020610332489014,0.7935209941942273,2096,546.0,12599.599999999999,14376.399999999998,13830.399999999998,12053.599999999999,5000,False
82,Fixed_100pct,3,BALANCED,3,16,1.0,0.05851985886693001,0.944715388779223,2096,979.0,1938.8,3715.6,2736.6,959.8,3000,True
82,Fixed_100pct,4,BANDWIDTH_EFFICIENT,3,16,1.0,0.20084674656391144,0.8327457295124362,2096,424.0,10822.8,12599.599999999999,12175.599999999999,10398.8,12000,False
82,Fixed_100pct,5,BANDWIDTH_EFFICIENT,3,16,1.0,0.05138184875249863,0.9511292221627519,2096,162.0,162.0,1938.8,1776.8,0.0,3000,True
82,Fixed_100pct,6,LATENCY_CRITICAL,3,16,1.0,0.2958453893661499,0.7716970004339331,2096,342.0,9046.0,10822.8,10480.8,8704.0,9000,False
82,Fixed_100pct,7,QUALITY_CRITICAL,3,16,1.0,0.12650835514068604,0.88769869787172,2096,854.0,16153.199999999997,17929.999999999996,17075.999999999996,15299.199999999997,2000,False
82,Fixed_100pct,8,BANDWIDTH_EFFICIENT,3,16,1.0,0.25004392862319946,0.7999718866691363,2096,388.0,3715.6,5492.4,5104.4,3327.6,3000,False
82,Fixed_100pct,9,BANDWIDTH_EFFICIENT,3,16,1.0,0.1873035430908203,0.8422446019126443,2096,272.0,5492.4,7269.2,6997.2,5220.4,8000,True
82,Fixed_100pct,10,BALANCED,3,16,1.0,0.12052831798791885,0.8924361695701309,2096,704.0,14376.399999999998,16153.199999999997,15449.199999999997,13672.399999999998,2000,False
82,PPO_Raw,1,BALANCED,0,4,0.25,0.8053060173988342,0.5539227091486931,548,543.0,3930.8,4469.2,3926.2,3387.8,15000,True
82,PPO_Raw,2,BANDWIDTH_EFFICIENT,0,4,0.25,1.9447153806686401,0.33959139364189944,548,546.0,4469.2,5007.599999999999,4461.599999999999,3923.2,5000,True
82,PPO_Raw,3,BALANCED,0,4,0.25,0.6868701577186584,0.5928138543587794,548,979.0,3392.4,3930.8,2951.8,2413.4,3000,True
82,PPO_Raw,4,BANDWIDTH_EFFICIENT,0,4,0.25,1.5275717973709106,0.39563663474966926,548,424.0,2315.6,2854.0,2430.0,1891.6,12000,True
82,PPO_Raw,5,BANDWIDTH_EFFICIENT,0,4,0.25,0.34877121448516846,0.7414155857275647,548,162.0,162.0,700.4,538.4,0.0,3000,True
82,PPO_Raw,6,LATENCY_CRITICAL,0,4,0.25,1.6914805173873901,0.3715427228768114,548,342.0,1238.8,1777.1999999999998,1435.1999999999998,896.8,9000,True
82,PPO_Raw,7,QUALITY_CRITICAL,0,4,0.25,0.5297759175300598,0.6536905101856856,548,854.0,2854.0,3392.4,2538.4,2000.0,2000,False
82,PPO_Raw,8,BANDWIDTH_EFFICIENT,0,4,0.25,1.493328332901001,0.4010703230715285,548,388.0,1777.1999999999998,2315.6,1927.6,1389.1999999999998,3000,True
82,PPO_Raw,9,BANDWIDTH_EFFICIENT,0,4,0.25,1.0105315446853638,0.49738090538464746,548,272.0,700.4,1238.8,966.8,428.4,8000,True
82,PPO_Raw,10,BALANCED,0,4,0.25,0.5738807916641235,0.6353721357401295,548,704.0,5007.599999999999,5545.999999999999,4841.999999999999,4303.599999999999,2000,False
82,PPO_Orchestrated,1,BALANCED,0,4,0.25,0.8053060173988342,0.5539227091486931,548,543.0,4469.2,5007.599999999999,4464.599999999999,3926.2,15000,True
82,PPO_Orchestrated,2,BANDWIDTH_EFFICIENT,0,4,0.25,1.9447153806686401,0.33959139364189944,548,546.0,3930.8,4469.2,3923.2,3384.8,5000,True
82,PPO_Orchestrated,3,BALANCED,0,4,0.25,0.6868701577186584,0.5928138543587794,548,979.0,3392.4,3930.8,2951.8,2413.4,3000,True
82,PPO_Orchestrated,4,BANDWIDTH_EFFICIENT,0,4,0.25,1.5275717973709106,0.39563663474966926,548,424.0,2315.6,2854.0,2430.0,1891.6,12000,True
82,PPO_Orchestrated,5,BANDWIDTH_EFFICIENT,0,4,0.25,0.34877121448516846,0.7414155857275647,548,162.0,162.0,700.4,538.4,0.0,3000,True
82,PPO_Orchestrated,6,LATENCY_CRITICAL,0,4,0.25,1.6914805173873901,0.3715427228768114,548,342.0,1238.8,1777.1999999999998,1435.1999999999998,896.8,9000,True
82,PPO_Orchestrated,7,QUALITY_CRITICAL,2,12,0.75,0.1437680870294571,0.8743031138394103,1580,854.0,5007.599999999999,6371.599999999999,5517.599999999999,4153.599999999999,2000,False
82,PPO_Orchestrated,8,BANDWIDTH_EFFICIENT,0,4,0.25,1.493328332901001,0.4010703230715285,548,388.0,1777.1999999999998,2315.6,1927.6,1389.1999999999998,3000,True
82,PPO_Orchestrated,9,BANDWIDTH_EFFICIENT,0,4,0.25,1.0105315446853638,0.49738090538464746,548,272.0,700.4,1238.8,966.8,428.4,8000,True
82,PPO_Orchestrated,10,BALANCED,0,4,0.25,0.5738807916641235,0.6353721357401295,548,704.0,2854.0,3392.4,2688.4,2150.0,2000,False
83,Fixed_25pct,1,BALANCED,0,4,0.25,1.206121563911438,0.4532841781515462,548,4.0,4.0,542.4,538.4,0.0,6000,True
83,Fixed_25pct,2,BALANCED,0,4,0.25,1.4242982864379883,0.41249049491731316,548,899.0,4311.2,4849.599999999999,3950.5999999999995,3412.2,7000,True
83,Fixed_25pct,3,BALANCED,0,4,0.25,0.9592461585998535,0.5104003882363793,548,580.0,2696.0,3234.4,2654.4,2116.0,4000,True
83,Fixed_25pct,4,BANDWIDTH_EFFICIENT,0,4,0.25,0.9759331941604614,0.5060899846995496,548,960.0,4849.599999999999,5387.999999999999,4427.999999999999,3889.5999999999995,11000,True
83,Fixed_25pct,5,BALANCED,0,4,0.25,0.6528248190879822,0.6050247966095967,548,623.0,3772.8,4311.2,3688.2,3149.8,11000,True
83,Fixed_25pct,6,BALANCED,0,4,0.25,0.8192412853240967,0.5496796978317533,548,430.0,2157.6,2696.0,2266.0,1727.6,12000,True
83,Fixed_25pct,7,BALANCED,0,4,0.25,1.1777962446212769,0.45917977977499086,548,607.0,3234.4,3772.8,3165.8,2627.4,5000,True
83,Fixed_25pct,8,BANDWIDTH_EFFICIENT,0,4,0.25,0.5260049700737,0.6553058604728554,548,74.0,542.4,1080.8,1006.8,468.4,5000,True
83,Fixed_25pct,9,BALANCED,0,4,0.25,0.8554027676582336,0.5389665346150873,548,103.0,1619.1999999999998,2157.6,2054.6,1516.1999999999998,2000,False
83,Fixed_25pct,10,BALANCED,0,4,0.25,1.053770899772644,0.4869092263945807,548,74.0,1080.8,1619.1999999999998,1545.1999999999998,1006.8,4000,True
83,Fixed_50pct,1,BALANCED,1,8,0.5,0.6716091632843018,0.5982259621233742,1064,4.0,4.0,955.1999999999999,951.1999999999999,0.0,6000,True
83,Fixed_50pct,2,BALANCED,1,8,0.5,0.7779610753059387,0.5624420094955831,1064,899.0,7613.599999999999,8564.8,7665.799999999999,6714.599999999999,7000,False
83,Fixed_50pct,3,BALANCED,1,8,0.5,0.47659483551979065,0.6772338463773512,1064,580.0,2857.6,3808.7999999999997,3228.7999999999997,2277.6,4000,True
83,Fixed_50pct,4,BANDWIDTH_EFFICIENT,1,8,0.5,0.5762478709220886,0.6344179861857706,1064,960.0,4760.0,5711.2,4751.2,3800.0,11000,True
83,Fixed_50pct,5,BALANCED,1,8,0.5,0.371446430683136,0.7291571713099188,1064,623.0,6662.4,7613.599999999999,6990.599999999999,6039.4,11000,True
83,Fixed_50pct,6,BALANCED,1,8,0.5,0.3462081551551819,0.7428271743642251,1064,430.0,5711.2,6662.4,6232.4,5281.2,12000,True
83,Fixed_50pct,7,BALANCED,1,8,0.5,0.5726127624511719,0.6358844490371157,1064,607.0,3808.7999999999997,4760.0,4153.0,3201.7999999999997,5000,True
83,Fixed_50pct,8,BANDWIDTH_EFFICIENT,1,8,0.5,0.322214275598526,0.756307066452849,1064,74.0,955.1999999999999,1906.3999999999999,1832.3999999999999,881.1999999999999,5000,True
83,Fixed_50pct,9,BALANCED,1,8,0.5,0.456935316324234,0.6863722697881631,1064,103.0,1906.3999999999999,2857.6,2754.6,1803.3999999999999,2000,False
83,Fixed_50pct,10,BALANCED,1,8,0.5,0.546639084815979,0.6465632543606521,1064,74.0,8564.8,9516.0,9442.0,8490.8,4000,False
83,Fixed_75pct,1,BALANCED,2,12,0.75,0.40770256519317627,0.7103773373196716,1580,4.0,4.0,1368.0,1364.0,0.0,6000,True
83,Fixed_75pct,2,BALANCED,2,12,0.75,0.3471086025238037,0.742330646635693,1580,899.0,10916.0,12280.0,11381.0,10017.0,7000,False
83,Fixed_75pct,3,BALANCED,2,12,0.75,0.2698200047016144,0.7875131879301135,1580,580.0,8188.0,9552.0,8972.0,7608.0,4000,False
83,Fixed_75pct,4,BANDWIDTH_EFFICIENT,2,12,0.75,0.2819423973560333,0.7800662510752973,1580,960.0,12280.0,13644.0,12684.0,11320.0,11000,False
83,Fixed_75pct,5,BALANCED,2,12,0.75,0.10396378487348557,0.9058268157905199,1580,623.0,9552.0,10916.0,10293.0,8929.0,11000,True
83,Fixed_75pct,6,BALANCED,2,12,0.75,0.1963580846786499,0.8358701402252879,1580,430.0,6824.0,8188.0,7758.0,6394.0,12000,True
83,Fixed_75pct,7,BALANCED,2,12,0.75,0.35913220047950745,0.7357635994844327,1580,607.0,5460.0,6824.0,6217.0,4853.0,5000,False
83,Fixed_75pct,8,BANDWIDTH_EFFICIENT,2,12,0.75,0.1402406096458435,0.8770078802145085,1580,74.0,4096.0,5460.0,5386.0,4022.0,5000,False
83,Fixed_75pct,9,BALANCED,2,12,0.75,0.2364962249994278,0.8087367998236006,1580,103.0,1368.0,2732.0,2629.0,1265.0,2000,False
83,Fixed_75pct,10,BALANCED,2,12,0.75,0.2725571393966675,0.7858193310471783,1580,74.0,2732.0,4096.0,4022.0,2658.0,4000,False
83,Fixed_100pct,1,BALANCED,3,16,1.0,0.26209521293640137,0.792333248514105,2096,4.0,4.0,1780.8,1776.8,0.0,6000,True
83,Fixed_100pct,2,BALANCED,3,16,1.0,0.1470375508069992,0.871811039923191,2096,899.0,15995.199999999997,17771.999999999996,16872.999999999996,15096.199999999997,7000,False
83,Fixed_100pct,3,BALANCED,3,16,1.0,0.17849844694137573,0.8485373931508837,2096,580.0,10664.8,12441.599999999999,11861.599999999999,10084.8,4000,False
83,Fixed_100pct,4,BANDWIDTH_EFFICIENT,3,16,1.0,0.17242155969142914,0.8529355262480767,2096,960.0,1780.8,3557.6,2597.6,820.8,11000,True
83,Fixed_100pct,5,BALANCED,3,16,1.0,0.056659478694200516,0.9463786774863183,2096,623.0,14218.399999999998,15995.199999999997,15372.199999999997,13595.399999999998,11000,False
83,Fixed_100pct,6,BALANCED,3,16,1.0,0.07200133800506592,0.9328346565881566,2096,430.0,8888.0,10664.8,10234.8,8458.0,12000,True
83,Fixed_100pct,7,BALANCED,3,16,1.0,0.2096318006515503,0.8266978426504369,2096,607.0,12441.599999999999,14218.399999999998,13611.399999999998,11834.599999999999,5000,False
83,Fixed_100pct,8,BANDWIDTH_EFFICIENT,3,16,1.0,0.04919084161520004,0.9531154489115897,2096,74.0,3557.6,5334.4,5260.4,3483.6,5000,False
83,Fixed_100pct,9,BALANCED,3,16,1.0,0.09315600991249084,0.9147825113087489,2096,103.0,7111.2,8888.0,8785.0,7008.2,2000,False
83,Fixed_100pct,10,BALANCED,3,16,1.0,0.13605132699012756,0.8802419188659512,2096,74.0,5334.4,7111.2,7037.2,5260.4,4000,False
83,PPO_Raw,1,BALANCED,0,4,0.25,1.206121563911438,0.4532841781515462,548,4.0,4.0,542.4,538.4,0.0,6000,True
83,PPO_Raw,2,BALANCED,0,4,0.25,1.4242982864379883,0.41249049491731316,548,899.0,5262.4,5800.799999999999,4901.799999999999,4363.4,7000,True
83,PPO_Raw,3,BALANCED,1,8,0.5,0.47659483551979065,0.6772338463773512,1064,580.0,3772.8,4724.0,4144.0,3192.8,4000,False
83,PPO_Raw,4,BANDWIDTH_EFFICIENT,0,4,0.25,0.9759331941604614,0.5060899846995496,548,960.0,3234.4,3772.8,2812.8,2274.4,11000,True
83,PPO_Raw,5,BALANCED,0,4,0.25,0.6528248190879822,0.6050247966095967,548,623.0,4724.0,5262.4,4639.4,4101.0,11000,True
83,PPO_Raw,6,BALANCED,0,4,0.25,0.8192412853240967,0.5496796978317533,548,430.0,2157.6,2696.0,2266.0,1727.6,12000,True
83,PPO_Raw,7,BALANCED,0,4,0.25,1.1777962446212769,0.45917977977499086,548,607.0,2696.0,3234.4,2627.4,2089.0,5000,True
83,PPO_Raw,8,BANDWIDTH_EFFICIENT,0,4,0.25,0.5260049700737,0.6553058604728554,548,74.0,542.4,1080.8,1006.8,468.4,5000,True
83,PPO_Raw,9,BALANCED,0,4,0.25,0.8554027676582336,0.5389665346150873,548,103.0,1619.1999999999998,2157.6,2054.6,1516.1999999999998,2000,False
83,PPO_Raw,10,BALANCED,0,4,0.25,1.053770899772644,0.4869092263945807,548,74.0,1080.8,1619.1999999999998,1545.1999999999998,1006.8,4000,True
83,PPO_Orchestrated,1,BALANCED,0,4,0.25,1.206121563911438,0.4532841781515462,548,4.0,4.0,542.4,538.4,0.0,6000,True
83,PPO_Orchestrated,2,BALANCED,0,4,0.25,1.4242982864379883,0.41249049491731316,548,899.0,4311.2,4849.599999999999,3950.5999999999995,3412.2,7000,True
83,PPO_Orchestrated,3,BALANCED,0,4,0.25,0.9592461585998535,0.5104003882363793,548,580.0,2696.0,3234.4,2654.4,2116.0,4000,True
83,PPO_Orchestrated,4,BANDWIDTH_EFFICIENT,0,4,0.25,0.9759331941604614,0.5060899846995496,548,960.0,4849.599999999999,5387.999999999999,4427.999999999999,3889.5999999999995,11000,True
83,PPO_Orchestrated,5,BALANCED,0,4,0.25,0.6528248190879822,0.6050247966095967,548,623.0,3772.8,4311.2,3688.2,3149.8,11000,True
83,PPO_Orchestrated,6,BALANCED,0,4,0.25,0.8192412853240967,0.5496796978317533,548,430.0,2157.6,2696.0,2266.0,1727.6,12000,True
83,PPO_Orchestrated,7,BALANCED,0,4,0.25,1.1777962446212769,0.45917977977499086,548,607.0,3234.4,3772.8,3165.8,2627.4,5000,True
83,PPO_Orchestrated,8,BANDWIDTH_EFFICIENT,0,4,0.25,0.5260049700737,0.6553058604728554,548,74.0,542.4,1080.8,1006.8,468.4,5000,True
83,PPO_Orchestrated,9,BALANCED,0,4,0.25,0.8554027676582336,0.5389665346150873,548,103.0,1619.1999999999998,2157.6,2054.6,1516.1999999999998,2000,False
83,PPO_Orchestrated,10,BALANCED,0,4,0.25,1.053770899772644,0.4869092263945807,548,74.0,1080.8,1619.1999999999998,1545.1999999999998,1006.8,4000,True
84,Fixed_25pct,1,BALANCED,0,4,0.25,1.021195888519287,0.49475659716119474,548,300.0,563.4,1101.8,801.8,263.4,13000,True
84,Fixed_25pct,2,BALANCED,0,4,0.25,0.3773978352546692,0.7260066586463805,548,436.0,4870.599999999999,5408.999999999999,4972.999999999999,4434.599999999999,3000,False
84,Fixed_25pct,3,BANDWIDTH_EFFICIENT,0,4,0.25,0.6368396878242493,0.6109333781668251,548,946.0,3255.4,3793.8,2847.8,2309.4,2000,False
84,Fixed_25pct,4,BALANCED,0,4,0.25,1.1505558490753174,0.4649960615670473,548,505.0,4332.2,4870.599999999999,4365.599999999999,3827.2,13000,True
84,Fixed_25pct,5,BALANCED,0,4,0.25,0.7574355602264404,0.5690109057945504,548,569.0,2717.0,3255.4,2686.4,2148.0,12000,True
84,Fixed_25pct,6,BANDWIDTH_EFFICIENT,0,4,0.25,0.9818764925003052,0.5045723100224148,548,252.0,2178.6,2717.0,2465.0,1926.6,9000,True
84,Fixed_25pct,7,BALANCED,0,4,0.25,0.7718300819396973,0.5643882052760149,548,202.0,1640.1999999999998,2178.6,1976.6,1438.1999999999998,6000,True
84,Fixed_25pct,8,BALANCED,0,4,0.25,0.4373965561389923,0.6957022373047225,548,247.0,3793.8,4332.2,4085.2,3546.8,2000,False
84,Fixed_25pct,9,BANDWIDTH_EFFICIENT,0,4,0.25,1.4578689336776733,0.40685651960445046,548,25.0,25.0,563.4,538.4,0.0,15000,True
84,Fixed_25pct,10,BALANCED,0,4,0.25,0.44056686758995056,0.6941711783729879,548,412.0,1101.8,1640.1999999999998,1228.1999999999998,689.8,10000,True
84,Fixed_50pct,1,BALANCED,1,8,0.5,0.6937178373336792,0.5904171155062294,1064,300.0,976.1999999999999,1927.3999999999999,1627.3999999999999,676.1999999999999,13000,True
84,Fixed_50pct,2,BALANCED,1,8,0.5,0.10757767409086227,0.9028712147171387,1064,436.0,7634.599999999999,8585.8,8149.799999999999,7198.599999999999,3000,False
84,Fixed_50pct,3,BANDWIDTH_EFFICIENT,1,8,0.5,0.3305943012237549,0.7515438771083677,1064,946.0,3829.7999999999997,4781.0,3835.0,2883.7999999999997,2000,False
84,Fixed_50pct,4,BALANCED,1,8,0.5,0.457307904958725,0.6861967855916645,1064,505.0,4781.0,5732.2,5227.2,4276.0,13000,True
84,Fixed_50pct,5,BALANCED,1,8,0.5,0.31040140986442566,0.7631249420766879,1064,569.0,5732.2,6683.4,6114.4,5163.2,12000,True
84,Fixed_50pct,6,BANDWIDTH_EFFICIENT,1,8,0.5,0.2709493339061737,0.786813426249314,1064,252.0,2878.6,3829.7999999999997,3577.7999999999997,2626.6,9000,True
84,Fixed_50pct,7,BALANCED,1,8,0.5,0.23175475001335144,0.8118499238498254,1064,202.0,8585.8,9537.0,9335.0,8383.8,6000,False
84,Fixed_50pct,8,BALANCED,1,8,0.5,0.2332521677017212,0.8108641737590391,1064,247.0,6683.4,7634.599999999999,7387.599999999999,6436.4,2000,False
84,Fixed_50pct,9,BANDWIDTH_EFFICIENT,1,8,0.5,0.8211089968681335,0.5491159517193962,1064,25.0,25.0,976.1999999999999,951.1999999999999,0.0,15000,True
84,Fixed_50pct,10,BALANCED,1,8,0.5,0.1875508427619934,0.8420692100004833,1064,412.0,1927.3999999999999,2878.6,2466.6,1515.3999999999999,10000,True
84,Fixed_75pct,1,BALANCED,2,12,0.75,0.3429219126701355,0.7446449347242365,1580,300.0,2753.0,4117.0,3817.0,2453.0,13000,True
84,Fixed_75pct,2,BALANCED,2,12,0.75,0.06962309032678604,0.9349087627628577,1580,436.0,12301.0,13665.0,13229.0,11865.0,3000,False
84,Fixed_75pct,3,BANDWIDTH_EFFICIENT,2,12,0.75,0.1893032044172287,0.8408284752667514,1580,946.0,1389.0,2753.0,1807.0,443.0,2000,True
84,Fixed_75pct,4,BALANCED,2,12,0.75,0.24879832565784454,0.8007698116292861,1580,505.0,6845.0,8209.0,7704.0,6340.0,13000,True
84,Fixed_75pct,5,BALANCED,2,12,0.75,0.160008043050766,0.862062988261743,1580,569.0,5481.0,6845.0,6276.0,4912.0,12000,True
84,Fixed_75pct,6,BANDWIDTH_EFFICIENT,2,12,0.75,0.1847706288099289,0.8440452317799892,1580,252.0,4117.0,5481.0,5229.0,3865.0,9000,True
84,Fixed_75pct,7,BALANCED,2,12,0.75,0.09544765949249268,0.9128688087784017,1580,202.0,8209.0,9573.0,9371.0,8007.0,6000,False
84,Fixed_75pct,8,BALANCED,2,12,0.75,0.16408748924732208,0.859041961396374,1580,247.0,10937.0,12301.0,12054.0,10690.0,2000,False
84,Fixed_75pct,9,BANDWIDTH_EFFICIENT,2,12,0.75,0.2919524312019348,0.7740223059680886,1580,25.0,25.0,1389.0,1364.0,0.0,15000,True
84,Fixed_75pct,10,BALANCED,2,12,0.75,0.14413654804229736,0.8740215507590193,1580,412.0,9573.0,10937.0,10525.0,9161.0,10000,False
84,Fixed_100pct,1,BALANCED,3,16,1.0,0.1796460598707199,0.8477118976768271,2096,300.0,16016.199999999997,17792.999999999996,17492.999999999996,15716.199999999997,13000,False
84,Fixed_100pct,2,BALANCED,3,16,1.0,0.046726930886507034,0.9553590057657803,2096,436.0,12462.599999999999,14239.399999999998,13803.399999999998,12026.599999999999,3000,False
84,Fixed_100pct,3,BANDWIDTH_EFFICIENT,3,16,1.0,0.10912355780601501,0.901612803156147,2096,946.0,1801.8,3578.6,2632.6,855.8,2000,False
84,Fixed_100pct,4,BALANCED,3,16,1.0,0.08693905919790268,0.9200147805323524,2096,505.0,8909.0,10685.8,10180.8,8404.0,13000,True
84,Fixed_100pct,5,BALANCED,3,16,1.0,0.1515331119298935,0.8684075079040202,2096,569.0,7132.2,8909.0,8340.0,6563.2,12000,True
84,Fixed_100pct,6,BANDWIDTH_EFFICIENT,3,16,1.0,0.15151765942573547,0.8684191612820791,2096,252.0,14239.399999999998,16016.199999999997,15764.199999999997,13987.399999999998,9000,False
84,Fixed_100pct,7,BALANCED,3,16,1.0,0.06942073255777359,0.9350856679281526,2096,202.0,5355.4,7132.2,6930.2,5153.4,6000,False
84,Fixed_100pct,8,BALANCED,3,16,1.0,0.12774470448493958,0.8867255115657734,2096,247.0,3578.6,5355.4,5108.4,3331.6,2000,False
84,Fixed_100pct,9,BANDWIDTH_EFFICIENT,3,16,1.0,0.16010987758636475,0.8619873163053512,2096,25.0,25.0,1801.8,1776.8,0.0,15000,True
84,Fixed_100pct,10,BALANCED,3,16,1.0,0.11523304134607315,0.8966735766661036,2096,412.0,10685.8,12462.599999999999,12050.599999999999,10273.8,10000,False
84,PPO_Raw,1,BALANCED,0,4,0.25,1.021195888519287,0.49475659716119474,548,300.0,563.4,1101.8,801.8,263.4,13000,True
84,PPO_Raw,2,BALANCED,0,4,0.25,0.3773978352546692,0.7260066586463805,548,436.0,5283.4,5821.799999999999,5385.799999999999,4847.4,3000,False
84,PPO_Raw,3,BANDWIDTH_EFFICIENT,0,4,0.25,0.6368396878242493,0.6109333781668251,548,946.0,3668.2000000000003,4206.6,3260.6000000000004,2722.2000000000003,2000,False
84,PPO_Raw,4,BALANCED,0,4,0.25,1.1505558490753174,0.4649960615670473,548,505.0,4745.0,5283.4,4778.4,4240.0,13000,True
84,PPO_Raw,5,BALANCED,0,4,0.25,0.7574355602264404,0.5690109057945504,548,569.0,3129.8,3668.2000000000003,3099.2000000000003,2560.8,12000,True
84,PPO_Raw,6,BANDWIDTH_EFFICIENT,0,4,0.25,0.9818764925003052,0.5045723100224148,548,252.0,2591.4,3129.8,2877.8,2339.4,9000,True
84,PPO_Raw,7,BALANCED,0,4,0.25,0.7718300819396973,0.5643882052760149,548,202.0,2053.0,2591.4,2389.4,1851.0,6000,True
84,PPO_Raw,8,BALANCED,0,4,0.25,0.4373965561389923,0.6957022373047225,548,247.0,4206.6,4745.0,4498.0,3959.6000000000004,2000,False
84,PPO_Raw,9,BANDWIDTH_EFFICIENT,0,4,0.25,1.4578689336776733,0.40685651960445046,548,25.0,25.0,563.4,538.4,0.0,15000,True
84,PPO_Raw,10,BALANCED,1,8,0.5,0.1875508427619934,0.8420692100004833,1064,412.0,1101.8,2053.0,1641.0,689.8,10000,True
84,PPO_Orchestrated,1,BALANCED,0,4,0.25,1.021195888519287,0.49475659716119474,548,300.0,563.4,1101.8,801.8,263.4,13000,True
84,PPO_Orchestrated,2,BALANCED,1,8,0.5,0.10757767409086227,0.9028712147171387,1064,436.0,5283.4,6234.599999999999,5798.599999999999,4847.4,3000,False
84,PPO_Orchestrated,3,BANDWIDTH_EFFICIENT,0,4,0.25,0.6368396878242493,0.6109333781668251,548,946.0,3668.2000000000003,4206.6,3260.6000000000004,2722.2000000000003,2000,False
84,PPO_Orchestrated,4,BALANCED,0,4,0.25,1.1505558490753174,0.4649960615670473,548,505.0,4745.0,5283.4,4778.4,4240.0,13000,True
84,PPO_Orchestrated,5,BALANCED,0,4,0.25,0.7574355602264404,0.5690109057945504,548,569.0,3129.8,3668.2000000000003,3099.2000000000003,2560.8,12000,True
84,PPO_Orchestrated,6,BANDWIDTH_EFFICIENT,0,4,0.25,0.9818764925003052,0.5045723100224148,548,252.0,2591.4,3129.8,2877.8,2339.4,9000,True
84,PPO_Orchestrated,7,BALANCED,0,4,0.25,0.7718300819396973,0.5643882052760149,548,202.0,2053.0,2591.4,2389.4,1851.0,6000,True
84,PPO_Orchestrated,8,BALANCED,0,4,0.25,0.4373965561389923,0.6957022373047225,548,247.0,4206.6,4745.0,4498.0,3959.6000000000004,2000,False
84,PPO_Orchestrated,9,BANDWIDTH_EFFICIENT,0,4,0.25,1.4578689336776733,0.40685651960445046,548,25.0,25.0,563.4,538.4,0.0,15000,True
84,PPO_Orchestrated,10,BALANCED,1,8,0.5,0.1875508427619934,0.8420692100004833,1064,412.0,1101.8,2053.0,1641.0,689.8,10000,True
85,Fixed_25pct,1,BALANCED,0,4,0.25,1.219030737876892,0.4506472050751188,548,398.0,1636.1999999999998,2174.6,1776.6,1238.1999999999998,8000,True
85,Fixed_25pct,2,BALANCED,0,4,0.25,0.8244228363037109,0.5481185502073657,548,804.0,3789.8,4328.2,3524.2,2985.8,10000,True
85,Fixed_25pct,3,BALANCED,0,4,0.25,1.2987362146377563,0.43502164086173056,548,21.0,21.0,559.4,538.4,0.0,10000,True
85,Fixed_25pct,4,QUALITY_CRITICAL,0,4,0.25,0.555123507976532,0.6430357427373484,548,391.0,1097.8,1636.1999999999998,1245.1999999999998,706.8,13000,True
85,Fixed_25pct,5,QUALITY_CRITICAL,0,4,0.25,0.8699154257774353,0.5347835448676725,548,626.0,2174.6,2713.0,2087.0,1548.6,2000,False
85,Fixed_25pct,6,BALANCED,0,4,0.25,0.6810728907585144,0.5948582036492133,548,82.0,559.4,1097.8,1015.8,477.4,7000,True
85,Fixed_25pct,7,BANDWIDTH_EFFICIENT,0,4,0.25,0.6911135315895081,0.5913263546889617,548,666.0,2713.0,3251.4,2585.4,2047.0,15000,True
85,Fixed_25pct,8,BALANCED,0,4,0.25,0.3369438648223877,0.7479745607216273,548,931.0,4866.599999999999,5404.999999999999,4473.999999999999,3935.5999999999995,3000,False
85,Fixed_25pct,9,BANDWIDTH_EFFICIENT,0,4,0.25,0.9182972311973572,0.5212956489416517,548,895.0,4328.2,4866.599999999999,3971.5999999999995,3433.2,7000,True
85,Fixed_25pct,10,BALANCED,0,4,0.25,0.4789513945579529,0.6761547429345318,548,734.0,3251.4,3789.8,3055.8,2517.4,5000,True
85,Fixed_50pct,1,BALANCED,1,8,0.5,0.6764777302742004,0.5964886869308085,1064,398.0,4777.0,5728.2,5330.2,4379.0,8000,True
85,Fixed_50pct,2,BALANCED,1,8,0.5,0.3800569474697113,0.7246077792901713,1064,804.0,7630.599999999999,8581.8,7777.799999999999,6826.599999999999,10000,True
85,Fixed_50pct,3,BALANCED,1,8,0.5,0.635975182056427,0.6112562164561667,1064,21.0,21.0,972.1999999999999,951.1999999999999,0.0,10000,True
85,Fixed_50pct,4,QUALITY_CRITICAL,1,8,0.5,0.2882070541381836,0.776272724782589,1064,391.0,3825.7999999999997,4777.0,4386.0,3434.7999999999997,13000,True
85,Fixed_50pct,5,QUALITY_CRITICAL,1,8,0.5,0.2483345866203308,0.8010672865416174,1064,626.0,972.1999999999999,1923.3999999999999,1297.3999999999999,346.19999999999993,2000,True
85,Fixed_50pct,6,BALANCED,1,8,0.5,0.44032713770866394,0.6942867171070901,1064,82.0,2874.6,3825.7999999999997,3743.7999999999997,2792.6,7000,True
85,Fixed_50pct,7,BANDWIDTH_EFFICIENT,1,8,0.5,0.22020676732063293,0.819533235498956,1064,666.0,8581.8,9533.0,8867.0,7915.799999999999,15000,True
85,Fixed_50pct,8,BALANCED,1,8,0.5,0.12490096688270569,0.8889671441666303,1064,931.0,1923.3999999999999,2874.6,1943.6,992.3999999999999,3000,True
85,Fixed_50pct,9,BANDWIDTH_EFFICIENT,1,8,0.5,0.5923586487770081,0.6279992266616807,1064,895.0,5728.2,6679.4,5784.4,4833.2,7000,True
85,Fixed_50pct,10,BALANCED,1,8,0.5,0.20606271922588348,0.8291442758813192,1064,734.0,6679.4,7630.599999999999,6896.599999999999,5945.4,5000,False
85,Fixed_75pct,1,BALANCED,2,12,0.75,0.4408000111579895,0.694058850816004,1580,398.0,12297.0,13661.0,13263.0,11899.0,8000,False
85,Fixed_75pct,2,BALANCED,2,12,0.75,0.14035367965698242,0.8769209218501398,1580,804.0,1385.0,2749.0,1945.0,581.0,10000,True
85,Fixed_75pct,3,BALANCED,2,12,0.75,0.2391050010919571,0.8070341085854333,1580,21.0,21.0,1385.0,1364.0,0.0,10000,True
85,Fixed_75pct,4,QUALITY_CRITICAL,2,12,0.75,0.09831266105175018,0.9104875464536615,1580,391.0,8205.0,9569.0,9178.0,7814.0,13000,True
85,Fixed_75pct,5,QUALITY_CRITICAL,2,12,0.75,0.06201387196779251,0.9416072863032497,1580,626.0,9569.0,10933.0,10307.0,8943.0,2000,False
85,Fixed_75pct,6,BALANCED,2,12,0.75,0.21881186962127686,0.8204711694436742,1580,82.0,10933.0,12297.0,12215.0,10851.0,7000,False
85,Fixed_75pct,7,BANDWIDTH_EFFICIENT,2,12,0.75,0.07766222208738327,0.9279345415514751,1580,666.0,6841.0,8205.0,7539.0,6175.0,15000,True
85,Fixed_75pct,8,BALANCED,2,12,0.75,0.06831925362348557,0.9360497778245942,1580,931.0,4113.0,5477.0,4546.0,3182.0,3000,False
85,Fixed_75pct,9,BANDWIDTH_EFFICIENT,2,12,0.75,0.3291739821434021,0.7523469564062772,1580,895.0,2749.0,4113.0,3218.0,1854.0,7000,True
85,Fixed_75pct,10,BALANCED,2,12,0.75,0.07440623641014099,0.9307466450876618,1580,734.0,5477.0,6841.0,6107.0,4743.0,5000,False
85,Fixed_100pct,1,BALANCED,3,16,1.0,0.30408748984336853,0.7668197170728999,2096,398.0,8905.0,10681.8,10283.8,8507.0,8000,False
85,Fixed_100pct,2,BALANCED,3,16,1.0,0.08038722723722458,0.9255940599716349,2096,804.0,16012.199999999997,17788.999999999996,16984.999999999996,15208.199999999997,10000,False
85,Fixed_100pct,3,BALANCED,3,16,1.0,0.10504438728094101,0.9049410245506861,2096,21.0,21.0,1797.8,1776.8,0.0,10000,True
85,Fixed_100pct,4,QUALITY_CRITICAL,3,16,1.0,0.045994408428668976,0.9560280551616299,2096,391.0,7128.2,8905.0,8514.0,6737.2,13000,True
85,Fixed_100pct,5,QUALITY_CRITICAL,3,16,1.0,0.04471011087298393,0.9572033328598465,2096,626.0,10681.8,12458.599999999999,11832.599999999999,10055.8,2000,False
85,Fixed_100pct,6,BALANCED,3,16,1.0,0.12516024708747864,0.8887622919388942,2096,82.0,5351.4,7128.2,7046.2,5269.4,7000,False
85,Fixed_100pct,7,BANDWIDTH_EFFICIENT,3,16,1.0,0.05594801902770996,0.9470163132847907,2096,666.0,3574.6,5351.4,4685.4,2908.6,15000,True
85,Fixed_100pct,8,BALANCED,3,16,1.0,0.044754933565855026,0.95716226635743,2096,931.0,1797.8,3574.6,2643.6,866.8,3000,True
85,Fixed_100pct,9,BANDWIDTH_EFFICIENT,3,16,1.0,0.20705458521842957,0.8284629479445117,2096,895.0,12458.599999999999,14235.399999999998,13340.399999999998,11563.599999999999,7000,False
85,Fixed_100pct,10,BALANCED,3,16,1.0,0.039107538759708405,0.9623643008052971,2096,734.0,14235.399999999998,16012.199999999997,15278.199999999997,13501.399999999998,5000,False
85,PPO_Raw,1,BALANCED,0,4,0.25,1.219030737876892,0.4506472050751188,548,398.0,1636.1999999999998,2174.6,1776.6,1238.1999999999998,8000,True
85,PPO_Raw,2,BALANCED,0,4,0.25,0.8244228363037109,0.5481185502073657,548,804.0,2713.0,3251.4,2447.4,1909.0,10000,True
85,PPO_Raw,3,BALANCED,0,4,0.25,1.2987362146377563,0.43502164086173056,548,21.0,21.0,559.4,538.4,0.0,10000,True
85,PPO_Raw,4,QUALITY_CRITICAL,0,4,0.25,0.555123507976532,0.6430357427373484,548,391.0,1097.8,1636.1999999999998,1245.1999999999998,706.8,13000,True
85,PPO_Raw,5,QUALITY_CRITICAL,2,12,0.75,0.06201387196779251,0.9416072863032497,1580,626.0,4866.599999999999,6230.599999999999,5604.599999999999,4240.599999999999,2000,False
85,PPO_Raw,6,BALANCED,0,4,0.25,0.6810728907585144,0.5948582036492133,548,82.0,559.4,1097.8,1015.8,477.4,7000,True
85,PPO_Raw,7,BANDWIDTH_EFFICIENT,0,4,0.25,0.6911135315895081,0.5913263546889617,548,666.0,3789.8,4328.2,3662.2,3123.8,15000,True
85,PPO_Raw,8,BALANCED,0,4,0.25,0.3369438648223877,0.7479745607216273,548,931.0,2174.6,2713.0,1782.0,1243.6,3000,True
85,PPO_Raw,9,BANDWIDTH_EFFICIENT,0,4,0.25,0.9182972311973572,0.5212956489416517,548,895.0,3251.4,3789.8,2894.8,2356.4,7000,True
85,PPO_Raw,10,BALANCED,0,4,0.25,0.4789513945579529,0.6761547429345318,548,734.0,4328.2,4866.599999999999,4132.599999999999,3594.2,5000,True
85,PPO_Orchestrated,1,BALANCED,0,4,0.25,1.219030737876892,0.4506472050751188,548,398.0,3000.2,3538.6,3140.6,2602.2,8000,True
85,PPO_Orchestrated,2,BALANCED,0,4,0.25,0.8244228363037109,0.5481185502073657,548,804.0,3538.6,4077.0,3273.0,2734.6,10000,True
85,PPO_Orchestrated,3,BALANCED,0,4,0.25,1.2987362146377563,0.43502164086173056,548,21.0,21.0,559.4,538.4,0.0,10000,True
85,PPO_Orchestrated,4,QUALITY_CRITICAL,2,12,0.75,0.09831266105175018,0.9104875464536615,1580,391.0,1636.1999999999998,3000.2,2609.2,1245.1999999999998,13000,True
85,PPO_Orchestrated,5,QUALITY_CRITICAL,2,12,0.75,0.06201387196779251,0.9416072863032497,1580,626.0,5692.199999999999,7056.199999999999,6430.199999999999,5066.199999999999,2000,False
85,PPO_Orchestrated,6,BALANCED,0,4,0.25,0.6810728907585144,0.5948582036492133,548,82.0,559.4,1097.8,1015.8,477.4,7000,True
85,PPO_Orchestrated,7,BANDWIDTH_EFFICIENT,0,4,0.25,0.6911135315895081,0.5913263546889617,548,666.0,4615.4,5153.799999999999,4487.799999999999,3949.3999999999996,15000,True
85,PPO_Orchestrated,8,BALANCED,0,4,0.25,0.3369438648223877,0.7479745607216273,548,931.0,1097.8,1636.1999999999998,705.1999999999998,166.79999999999995,3000,True
85,PPO_Orchestrated,9,BANDWIDTH_EFFICIENT,0,4,0.25,0.9182972311973572,0.5212956489416517,548,895.0,4077.0,4615.4,3720.3999999999996,3182.0,7000,True
85,PPO_Orchestrated,10,BALANCED,0,4,0.25,0.4789513945579529,0.6761547429345318,548,734.0,5153.799999999999,5692.199999999999,4958.199999999999,4419.799999999999,5000,True
86,Fixed_25pct,1,BALANCED,0,4,0.25,0.35425496101379395,0.7384133924467229,548,711.0,2312.6,2851.0,2140.0,1601.6,5000,True
86,Fixed_25pct,2,BANDWIDTH_EFFICIENT,0,4,0.25,0.7928267121315002,0.5577783916500749,548,656.0,3927.8,4466.2,3810.2,3271.8,8000,True
86,Fixed_25pct,3,BALANCED,0,4,0.25,1.1399180889129639,0.4673076063897288,548,263.0,697.4,1235.8,972.8,434.4,3000,True
86,Fixed_25pct,4,BANDWIDTH_EFFICIENT,0,4,0.25,0.521308422088623,0.6573289054872172,548,159.0,159.0,697.4,538.4,0.0,3000,True
86,Fixed_25pct,5,BALANCED,0,4,0.25,0.8291826248168945,0.5466922692315112,548,411.0,1235.8,1774.1999999999998,1363.1999999999998,824.8,8000,True
86,Fixed_25pct,6,BANDWIDTH_EFFICIENT,0,4,0.25,0.7084476351737976,0.5853266903894726,548,818.0,4466.2,5004.599999999999,4186.599999999999,3648.2,10000,True
86,Fixed_25pct,7,BALANCED,0,4,0.25,0.7453757524490356,0.5729425303387212,548,963.0,3389.4,3927.8,2964.8,2426.4,2000,False
86,Fixed_25pct,8,BALANCED,0,4,0.25,0.3722669780254364,0.7287211716184457,548,476.0,2851.0,3389.4,2913.4,2375.0,11000,True
86,Fixed_25pct,9,BALANCED,0,4,0.25,0.5973787307739258,0.6260256135472034,548,685.0,5004.599999999999,5542.999999999999,4857.999999999999,4319.599999999999,2000,False
86,Fixed_25pct,10,BALANCED,0,4,0.25,0.8514285683631897,0.5401234576843975,548,433.0,1774.1999999999998,2312.6,1879.6,1341.1999999999998,8000,True
86,Fixed_50pct,1,BALANCED,1,8,0.5,0.14121060073375702,0.8762624526595146,1064,711.0,3963.7999999999993,4914.999999999999,4203.999999999999,3252.7999999999993,5000,True
86,Fixed_50pct,2,BANDWIDTH_EFFICIENT,1,8,0.5,0.1998758763074875,0.833419539258854,1064,656.0,5866.199999999999,6817.399999999999,6161.399999999999,5210.199999999999,8000,True
86,Fixed_50pct,3,BALANCED,1,8,0.5,0.37592482566833496,0.7267838920736567,1064,263.0,1110.1999999999998,2061.3999999999996,1798.3999999999996,847.1999999999998,3000,True
86,Fixed_50pct,4,BANDWIDTH_EFFICIENT,1,8,0.5,0.2832925319671631,0.7792455539868972,1064,159.0,159.0,1110.1999999999998,951.1999999999998,0.0,3000,True
86,Fixed_50pct,5,BALANCED,1,8,0.5,0.3945225179195404,0.7170913249159142,1064,411.0,4914.999999999999,5866.199999999999,5455.199999999999,4503.999999999999,8000,True
86,Fixed_50pct,6,BANDWIDTH_EFFICIENT,1,8,0.5,0.17113761603832245,0.8538706180258816,1064,818.0,2061.3999999999996,3012.5999999999995,2194.5999999999995,1243.3999999999996,10000,True
86,Fixed_50pct,7,BALANCED,1,8,0.5,0.5059643387794495,0.6640263479349569,1064,963.0,3012.5999999999995,3963.7999999999993,3000.7999999999993,2049.5999999999995,2000,False
86,Fixed_50pct,8,BALANCED,1,8,0.5,0.1959787905216217,0.8361352290903534,1064,476.0,6817.399999999999,7768.5999999999985,7292.5999999999985,6341.399999999999,11000,True
86,Fixed_50pct,9,BALANCED,1,8,0.5,0.22272968292236328,0.8178422540703909,1064,685.0,8719.8,9671.0,8986.0,8034.799999999999,2000,False
86,Fixed_50pct,10,BALANCED,1,8,0.5,0.28797051310539246,0.7764152904315533,1064,433.0,7768.5999999999985,8719.8,8286.8,7335.5999999999985,8000,False
86,Fixed_75pct,1,BALANCED,2,12,0.75,0.11756731569766998,0.8948006853401259,1580,711.0,6979.0,8343.0,7632.0,6268.0,5000,False
86,Fixed_75pct,2,BANDWIDTH_EFFICIENT,2,12,0.75,0.09588325768709183,0.912505956255361,1580,656.0,12435.0,13799.0,13143.0,11779.0,8000,False
86,Fixed_75pct,3,BALANCED,2,12,0.75,0.2713370621204376,0.7865734664669651,1580,263.0,4251.0,5615.0,5352.0,3988.0,3000,False
86,Fixed_75pct,4,BANDWIDTH_EFFICIENT,2,12,0.75,0.03807693347334862,0.9633197384071089,1580,159.0,159.0,1523.0,1364.0,0.0,3000,True
86,Fixed_75pct,5,BALANCED,2,12,0.75,0.16685013473033905,0.8570080854737199,1580,411.0,2887.0,4251.0,3840.0,2476.0,8000,True
86,Fixed_75pct,6,BANDWIDTH_EFFICIENT,2,12,0.75,0.05269380658864975,0.9499438428735428,1580,818.0,5615.0,6979.0,6161.0,4797.0,10000,True
86,Fixed_75pct,7,BALANCED,2,12,0.75,0.28183886408805847,0.7801292565048199,1580,963.0,1523.0,2887.0,1924.0,560.0,2000,True
86,Fixed_75pct,8,BALANCED,2,12,0.75,0.07609274238348007,0.929287932734367,1580,476.0,9707.0,11071.0,10595.0,9231.0,11000,True
86,Fixed_75pct,9,BALANCED,2,12,0.75,0.12151263654232025,0.8916529046726127,1580,685.0,8343.0,9707.0,9022.0,7658.0,2000,False
86,Fixed_75pct,10,BALANCED,2,12,0.75,0.15183450281620026,0.8681802789854189,1580,433.0,11071.0,12435.0,12002.0,10638.0,8000,False
86,Fixed_100pct,1,BALANCED,3,16,1.0,0.09856398403644562,0.9102792504863552,2096,711.0,14373.399999999998,16150.199999999997,15439.199999999997,13662.399999999998,5000,False
86,Fixed_100pct,2,BANDWIDTH_EFFICIENT,3,16,1.0,0.0720592811703682,0.9327842383009818,2096,656.0,10819.8,12596.599999999999,11940.599999999999,10163.8,8000,False
86,Fixed_100pct,3,BALANCED,3,16,1.0,0.1079433336853981,0.9025732360098764,2096,263.0,3712.6,5489.4,5226.4,3449.6,3000,False
86,Fixed_100pct,4,BANDWIDTH_EFFICIENT,3,16,1.0,0.019965030252933502,0.9804257698443029,2096,159.0,159.0,1935.8,1776.8,0.0,3000,True
86,Fixed_100pct,5,BALANCED,3,16,1.0,0.07276368141174316,0.9321717516424614,2096,411.0,5489.4,7266.2,6855.2,5078.4,8000,True
86,Fixed_100pct,6,BANDWIDTH_EFFICIENT,3,16,1.0,0.024096893146634102,0.9764701042373108,2096,818.0,16150.199999999997,17926.999999999996,17108.999999999996,15332.199999999997,10000,False
86,Fixed_100pct,7,BALANCED,3,16,1.0,0.09442896395921707,0.9137185079444444,2096,963.0,1935.8,3712.6,2749.6,972.8,2000,False
86,Fixed_100pct,8,BALANCED,3,16,1.0,0.031105633825063705,0.9698327379808099,2096,476.0,9043.0,10819.8,10343.8,8567.0,11000,True
86,Fixed_100pct,9,BALANCED,3,16,1.0,0.0848175585269928,0.9218139881122855,2096,685.0,12596.599999999999,14373.399999999998,13688.399999999998,11911.599999999999,2000,False
86,Fixed_100pct,10,BALANCED,3,16,1.0,0.12648291885852814,0.8877187423430317,2096,433.0,7266.2,9043.0,8610.0,6833.2,8000,False
86,PPO_Raw,1,BALANCED,0,4,0.25,0.35425496101379395,0.7384133924467229,548,711.0,2312.6,2851.0,2140.0,1601.6,5000,True
86,PPO_Raw,2,BANDWIDTH_EFFICIENT,0,4,0.25,0.7928267121315002,0.5577783916500749,548,656.0,3927.8,4466.2,3810.2,3271.8,8000,True
86,PPO_Raw,3,BALANCED,0,4,0.25,1.1399180889129639,0.4673076063897288,548,263.0,697.4,1235.8,972.8,434.4,3000,True
86,PPO_Raw,4,BANDWIDTH_EFFICIENT,0,4,0.25,0.521308422088623,0.6573289054872172,548,159.0,159.0,697.4,538.4,0.0,3000,True
86,PPO_Raw,5,BALANCED,0,4,0.25,0.8291826248168945,0.5466922692315112,548,411.0,1235.8,1774.1999999999998,1363.1999999999998,824.8,8000,True
86,PPO_Raw,6,BANDWIDTH_EFFICIENT,0,4,0.25,0.7084476351737976,0.5853266903894726,548,818.0,4466.2,5004.599999999999,4186.599999999999,3648.2,10000,True
86,PPO_Raw,7,BALANCED,0,4,0.25,0.7453757524490356,0.5729425303387212,548,963.0,3389.4,3927.8,2964.8,2426.4,2000,False
86,PPO_Raw,8,BALANCED,0,4,0.25,0.3722669780254364,0.7287211716184457,548,476.0,2851.0,3389.4,2913.4,2375.0,11000,True
86,PPO_Raw,9,BALANCED,0,4,0.25,0.5973787307739258,0.6260256135472034,548,685.0,5004.599999999999,5542.999999999999,4857.999999999999,4319.599999999999,2000,False
86,PPO_Raw,10,BALANCED,0,4,0.25,0.8514285683631897,0.5401234576843975,548,433.0,1774.1999999999998,2312.6,1879.6,1341.1999999999998,8000,True
86,PPO_Orchestrated,1,BALANCED,1,8,0.5,0.14121060073375702,0.8762624526595146,1064,711.0,2312.6,3263.7999999999997,2552.7999999999997,1601.6,5000,True
86,PPO_Orchestrated,2,BANDWIDTH_EFFICIENT,0,4,0.25,0.7928267121315002,0.5577783916500749,548,656.0,4340.599999999999,4878.999999999999,4222.999999999999,3684.5999999999995,8000,True
86,PPO_Orchestrated,3,BALANCED,0,4,0.25,1.1399180889129639,0.4673076063897288,548,263.0,697.4,1235.8,972.8,434.4,3000,True
86,PPO_Orchestrated,4,BANDWIDTH_EFFICIENT,0,4,0.25,0.521308422088623,0.6573289054872172,548,159.0,159.0,697.4,538.4,0.0,3000,True
86,PPO_Orchestrated,5,BALANCED,0,4,0.25,0.8291826248168945,0.5466922692315112,548,411.0,1235.8,1774.1999999999998,1363.1999999999998,824.8,8000,True
86,PPO_Orchestrated,6,BANDWIDTH_EFFICIENT,0,4,0.25,0.7084476351737976,0.5853266903894726,548,818.0,4878.999999999999,5417.399999999999,4599.399999999999,4060.999999999999,10000,True
86,PPO_Orchestrated,7,BALANCED,0,4,0.25,0.7453757524490356,0.5729425303387212,548,963.0,3802.2,4340.599999999999,3377.5999999999995,2839.2,2000,False
86,PPO_Orchestrated,8,BALANCED,0,4,0.25,0.3722669780254364,0.7287211716184457,548,476.0,3263.7999999999997,3802.2,3326.2,2787.7999999999997,11000,True
86,PPO_Orchestrated,9,BALANCED,0,4,0.25,0.5973787307739258,0.6260256135472034,548,685.0,5417.399999999999,5955.799999999998,5270.799999999998,4732.399999999999,2000,False
86,PPO_Orchestrated,10,BALANCED,0,4,0.25,0.8514285683631897,0.5401234576843975,548,433.0,1774.1999999999998,2312.6,1879.6,1341.1999999999998,8000,True
87,Fixed_25pct,1,BANDWIDTH_EFFICIENT,0,4,0.25,0.9734836220741272,0.5067181651849748,548,313.0,1141.8,1680.1999999999998,1367.1999999999998,828.8,3000,True
87,Fixed_25pct,2,BALANCED,0,4,0.25,0.6517947316169739,0.6054021004299248,548,748.0,3833.8,4372.2,3624.2,3085.8,8000,True
87,Fixed_25pct,3,BALANCED,0,4,0.25,0.6374155282974243,0.6107185272878134,548,546.0,3295.4,3833.8,3287.8,2749.4,4000,True
87,Fixed_25pct,4,BALANCED,0,4,0.25,0.36482012271881104,0.7326972861507453,548,974.0,4910.599999999999,5448.999999999999,4474.999999999999,3936.5999999999995,12000,True
87,Fixed_25pct,5,BANDWIDTH_EFFICIENT,0,4,0.25,0.3133764863014221,0.7613963021494953,548,420.0,1680.1999999999998,2218.6,1798.6,1260.1999999999998,2000,True
87,Fixed_25pct,6,BALANCED,0,4,0.25,1.4230256080627441,0.4127071528556891,548,450.0,2218.6,2757.0,2307.0,1768.6,7000,True
87,Fixed_25pct,7,BALANCED,0,4,0.25,0.2576189637184143,0.7951534040511684,548,829.0,2757.0,3295.4,2466.4,1928.0,5000,True
87,Fixed_25pct,8,BALANCED,0,4,0.25,1.0790317058563232,0.48099314559905393,548,65.0,65.0,603.4,538.4,0.0,6000,True
87,Fixed_25pct,9,BALANCED,0,4,0.25,0.7150447964668274,0.5830751488591465,548,818.0,4372.2,4910.599999999999,4092.5999999999995,3554.2,2000,False
87,Fixed_25pct,10,BANDWIDTH_EFFICIENT,0,4,0.25,0.5576451420783997,0.6419947477033686,548,67.0,603.4,1141.8,1074.8,536.4,5000,True
87,Fixed_50pct,1,BANDWIDTH_EFFICIENT,1,8,0.5,0.5507791042327881,0.6448371642811932,1064,313.0,1016.1999999999999,1967.3999999999999,1654.3999999999999,703.1999999999999,3000,True
87,Fixed_50pct,2,BALANCED,1,8,0.5,0.2631191611289978,0.7916909431618333,1064,748.0,3869.7999999999997,4821.0,4073.0,3121.7999999999997,8000,True
87,Fixed_50pct,3,BALANCED,1,8,0.5,0.431139200925827,0.6987440490436457,1064,546.0,1967.3999999999999,2918.6,2372.6,1421.3999999999999,4000,True
87,Fixed_50pct,4,BALANCED,1,8,0.5,0.15879103541374207,0.8629683605059593,1064,974.0,7674.599999999999,8625.8,7651.799999999999,6700.599999999999,12000,True
87,Fixed_50pct,5,BANDWIDTH_EFFICIENT,1,8,0.5,0.10166031122207642,0.9077208190342229,1064,420.0,6723.4,7674.599999999999,7254.599999999999,6303.4,2000,False
87,Fixed_50pct,6,BALANCED,1,8,0.5,0.7410589456558228,0.5743630923554514,1064,450.0,2918.6,3869.7999999999997,3419.7999999999997,2468.6,7000,True
87,Fixed_50pct,7,BALANCED,1,8,0.5,0.15848782658576965,0.8631942235829477,1064,829.0,4821.0,5772.2,4943.2,3992.0,5000,True
87,Fixed_50pct,8,BALANCED,1,8,0.5,0.7998468279838562,0.555602834892442,1064,65.0,65.0,1016.1999999999999,951.1999999999999,0.0,6000,True
87,Fixed_50pct,9,BALANCED,1,8,0.5,0.4174710214138031,0.7054817946137535,1064,818.0,5772.2,6723.4,5905.4,4954.2,2000,False
87,Fixed_50pct,10,BANDWIDTH_EFFICIENT,1,8,0.5,0.20370882749557495,0.8307656944583437,1064,67.0,8625.8,9577.0,9510.0,8558.8,5000,False
87,Fixed_75pct,1,BANDWIDTH_EFFICIENT,2,12,0.75,0.3076852858066559,0.7647099885987798,1580,313.0,6885.0,8249.0,7936.0,6572.0,3000,False
87,Fixed_75pct,2,BALANCED,2,12,0.75,0.17577087879180908,0.8505058409233383,1580,748.0,12341.0,13705.0,12957.0,11593.0,8000,False
87,Fixed_75pct,3,BALANCED,2,12,0.75,0.2019404023885727,0.8319880070698482,1580,546.0,2793.0,4157.0,3611.0,2247.0,4000,True
87,Fixed_75pct,4,BALANCED,2,12,0.75,0.05584210529923439,0.9471113104706046,1580,974.0,1429.0,2793.0,1819.0,455.0,12000,True
87,Fixed_75pct,5,BANDWIDTH_EFFICIENT,2,12,0.75,0.05479399114847183,0.948052423877755,1580,420.0,10977.0,12341.0,11921.0,10557.0,2000,False
87,Fixed_75pct,6,BALANCED,2,12,0.75,0.31975558400154114,0.757716059035695,1580,450.0,5521.0,6885.0,6435.0,5071.0,7000,True
87,Fixed_75pct,7,BALANCED,2,12,0.75,0.09460990130901337,0.9135674716665069,1580,829.0,8249.0,9613.0,8784.0,7420.0,5000,False
87,Fixed_75pct,8,BALANCED,2,12,0.75,0.6314184069633484,0.612963538802628,1580,65.0,65.0,1429.0,1364.0,0.0,6000,True
87,Fixed_75pct,9,BALANCED,2,12,0.75,0.15554003417491913,0.8653962393557588,1580,818.0,9613.0,10977.0,10159.0,8795.0,2000,False
87,Fixed_75pct,10,BANDWIDTH_EFFICIENT,2,12,0.75,0.09847091883420944,0.9103563716200014,1580,67.0,4157.0,5521.0,5454.0,4090.0,5000,False
87,Fixed_100pct,1,BANDWIDTH_EFFICIENT,3,16,1.0,0.21646419167518616,0.8220546127403106,2096,313.0,5395.4,7172.2,6859.2,5082.4,3000,False
87,Fixed_100pct,2,BALANCED,3,16,1.0,0.14640168845653534,0.872294598018567,2096,748.0,12502.599999999999,14279.399999999998,13531.399999999998,11754.599999999999,8000,False
87,Fixed_100pct,3,BALANCED,3,16,1.0,0.0815194696187973,0.9246250558507926,2096,546.0,10725.8,12502.599999999999,11956.599999999999,10179.8,4000,False
87,Fixed_100pct,4,BALANCED,3,16,1.0,0.03950344771146774,0.9619977713412716,2096,974.0,1841.8,3618.6,2644.6,867.8,12000,True
87,Fixed_100pct,5,BANDWIDTH_EFFICIENT,3,16,1.0,0.035179346799850464,0.9660161817286987,2096,420.0,7172.2,8949.0,8529.0,6752.2,2000,False
87,Fixed_100pct,6,BALANCED,3,16,1.0,0.141322061419487,0.8761768775031635,2096,450.0,8949.0,10725.8,10275.8,8499.0,7000,False
87,Fixed_100pct,7,BALANCED,3,16,1.0,0.045590080320835114,0.9563977497693494,2096,829.0,16056.199999999997,17832.999999999996,17003.999999999996,15227.199999999997,5000,False
87,Fixed_100pct,8,BALANCED,3,16,1.0,0.4709888696670532,0.6798147971210293,2096,65.0,65.0,1841.8,1776.8,0.0,6000,True
87,Fixed_100pct,9,BALANCED,3,16,1.0,0.0641292855143547,0.9397354378012843,2096,818.0,14279.399999999998,16056.199999999997,15238.199999999997,13461.399999999998,2000,False
87,Fixed_100pct,10,BANDWIDTH_EFFICIENT,3,16,1.0,0.08126650005578995,0.9248413780954123,2096,67.0,3618.6,5395.4,5328.4,3551.6,5000,False
87,PPO_Raw,1,BANDWIDTH_EFFICIENT,0,4,0.25,0.9734836220741272,0.5067181651849748,548,313.0,1141.8,1680.1999999999998,1367.1999999999998,828.8,3000,True
87,PPO_Raw,2,BALANCED,0,4,0.25,0.6517947316169739,0.6054021004299248,548,748.0,3833.8,4372.2,3624.2,3085.8,8000,True
87,PPO_Raw,3,BALANCED,0,4,0.25,0.6374155282974243,0.6107185272878134,548,546.0,3295.4,3833.8,3287.8,2749.4,4000,True
87,PPO_Raw,4,BALANCED,0,4,0.25,0.36482012271881104,0.7326972861507453,548,974.0,4910.599999999999,5448.999999999999,4474.999999999999,3936.5999999999995,12000,True
87,PPO_Raw,5,BANDWIDTH_EFFICIENT,0,4,0.25,0.3133764863014221,0.7613963021494953,548,420.0,1680.1999999999998,2218.6,1798.6,1260.1999999999998,2000,True
87,PPO_Raw,6,BALANCED,0,4,0.25,1.4230256080627441,0.4127071528556891,548,450.0,2218.6,2757.0,2307.0,1768.6,7000,True
87,PPO_Raw,7,BALANCED,0,4,0.25,0.2576189637184143,0.7951534040511684,548,829.0,2757.0,3295.4,2466.4,1928.0,5000,True
87,PPO_Raw,8,BALANCED,0,4,0.25,1.0790317058563232,0.48099314559905393,548,65.0,65.0,603.4,538.4,0.0,6000,True
87,PPO_Raw,9,BALANCED,0,4,0.25,0.7150447964668274,0.5830751488591465,548,818.0,4372.2,4910.599999999999,4092.5999999999995,3554.2,2000,False
87,PPO_Raw,10,BANDWIDTH_EFFICIENT,0,4,0.25,0.5576451420783997,0.6419947477033686,548,67.0,603.4,1141.8,1074.8,536.4,5000,True
87,PPO_Orchestrated,1,BANDWIDTH_EFFICIENT,0,4,0.25,0.9734836220741272,0.5067181651849748,548,313.0,1141.8,1680.1999999999998,1367.1999999999998,828.8,3000,True
87,PPO_Orchestrated,2,BALANCED,0,4,0.25,0.6517947316169739,0.6054021004299248,548,748.0,3833.8,4372.2,3624.2,3085.8,8000,True
87,PPO_Orchestrated,3,BALANCED,0,4,0.25,0.6374155282974243,0.6107185272878134,548,546.0,3295.4,3833.8,3287.8,2749.4,4000,True
87,PPO_Orchestrated,4,BALANCED,0,4,0.25,0.36482012271881104,0.7326972861507453,548,974.0,4910.599999999999,5448.999999999999,4474.999999999999,3936.5999999999995,12000,True
87,PPO_Orchestrated,5,BANDWIDTH_EFFICIENT,0,4,0.25,0.3133764863014221,0.7613963021494953,548,420.0,1680.1999999999998,2218.6,1798.6,1260.1999999999998,2000,True
87,PPO_Orchestrated,6,BALANCED,0,4,0.25,1.4230256080627441,0.4127071528556891,548,450.0,2218.6,2757.0,2307.0,1768.6,7000,True
87,PPO_Orchestrated,7,BALANCED,0,4,0.25,0.2576189637184143,0.7951534040511684,548,829.0,2757.0,3295.4,2466.4,1928.0,5000,True
87,PPO_Orchestrated,8,BALANCED,0,4,0.25,1.0790317058563232,0.48099314559905393,548,65.0,65.0,603.4,538.4,0.0,6000,True
87,PPO_Orchestrated,9,BALANCED,0,4,0.25,0.7150447964668274,0.5830751488591465,548,818.0,4372.2,4910.599999999999,4092.5999999999995,3554.2,2000,False
87,PPO_Orchestrated,10,BANDWIDTH_EFFICIENT,0,4,0.25,0.5576451420783997,0.6419947477033686,548,67.0,603.4,1141.8,1074.8,536.4,5000,True
88,Fixed_25pct,1,BANDWIDTH_EFFICIENT,0,4,0.25,0.6738826632499695,0.5974134399949066,548,680.0,3236.4,3774.8,3094.8,2556.4,2000,False
88,Fixed_25pct,2,BALANCED,0,4,0.25,1.036105751991272,0.49113362556046974,548,6.0,6.0,544.4,538.4,0.0,9000,True
88,Fixed_25pct,3,BALANCED,0,4,0.25,0.6115622520446777,0.620515899234575,548,861.0,4313.2,4851.599999999999,3990.5999999999995,3452.2,10000,True
88,Fixed_25pct,4,BANDWIDTH_EFFICIENT,0,4,0.25,1.021782398223877,0.4946130705651081,548,244.0,1082.8,1621.1999999999998,1377.1999999999998,838.8,5000,True
88,Fixed_25pct,5,BALANCED,0,4,0.25,1.5803461074829102,0.38754491000259084,548,889.0,4851.599999999999,5389.999999999999,4500.999999999999,3962.5999999999995,15000,True
88,Fixed_25pct,6,BALANCED,0,4,0.25,0.6811819672584534,0.5948196087486745,548,729.0,3774.8,4313.2,3584.2,3045.8,7000,True
88,Fixed_25pct,7,BALANCED,0,4,0.25,0.387928307056427,0.7204983102627537,548,644.0,2698.0,3236.4,2592.4,2054.0,12000,True
88,Fixed_25pct,8,BALANCED,0,4,0.25,0.6870020031929016,0.5927675237535887,548,471.0,2159.6,2698.0,2227.0,1688.6,9000,True
88,Fixed_25pct,9,BALANCED,0,4,0.25,0.556961715221405,0.6422765506843543,548,284.0,1621.1999999999998,2159.6,1875.6,1337.1999999999998,11000,True
88,Fixed_25pct,10,BALANCED,0,4,0.25,1.8079922199249268,0.35612634283820616,548,215.0,544.4,1082.8,867.8,329.4,3000,True
88,Fixed_50pct,1,BANDWIDTH_EFFICIENT,1,8,0.5,0.15163949131965637,0.8683272912551013,1064,680.0,2859.6,3810.7999999999997,3130.7999999999997,2179.6,2000,False
88,Fixed_50pct,2,BALANCED,1,8,0.5,0.4575212001800537,0.6860963668154301,1064,6.0,6.0,957.1999999999999,951.1999999999999,0.0,9000,True
88,Fixed_50pct,3,BALANCED,1,8,0.5,0.2711814045906067,0.7866697832336977,1064,861.0,7615.599999999999,8566.8,7705.799999999999,6754.599999999999,10000,True
88,Fixed_50pct,4,BANDWIDTH_EFFICIENT,1,8,0.5,0.454059898853302,0.6877295775700975,1064,244.0,1908.3999999999999,2859.6,2615.6,1664.3999999999999,5000,True
88,Fixed_50pct,5,BALANCED,1,8,0.5,0.9570117592811584,0.5109831329615085,1064,889.0,5713.2,6664.4,5775.4,4824.2,15000,True
88,Fixed_50pct,6,BALANCED,1,8,0.5,0.21560411155223846,0.8226362435736355,1064,729.0,6664.4,7615.599999999999,6886.599999999999,5935.4,7000,True
88,Fixed_50pct,7,BALANCED,1,8,0.5,0.11095498502254486,0.9001264799038701,1064,644.0,8566.8,9518.0,8874.0,7922.799999999999,12000,True
88,Fixed_50pct,8,BALANCED,1,8,0.5,0.25063395500183105,0.7995944744667802,1064,471.0,4762.0,5713.2,5242.2,4291.0,9000,True
88,Fixed_50pct,9,BALANCED,1,8,0.5,0.27341780066490173,0.7852882215702187,1064,284.0,3810.7999999999997,4762.0,4478.0,3526.7999999999997,11000,True
88,Fixed_50pct,10,BALANCED,1,8,0.5,0.9004189372062683,0.526199765968477,1064,215.0,957.1999999999999,1908.3999999999999,1693.3999999999999,742.1999999999999,3000,True
88,Fixed_75pct,1,BANDWIDTH_EFFICIENT,2,12,0.75,0.053071361035108566,0.9496032624199917,1580,680.0,12282.0,13646.0,12966.0,11602.0,2000,False
88,Fixed_75pct,2,BALANCED,2,12,0.75,0.23804159462451935,0.8077273044313878,1580,6.0,6.0,1370.0,1364.0,0.0,9000,True
88,Fixed_75pct,3,BALANCED,2,12,0.75,0.16687245666980743,0.8569916911518739,1580,861.0,9554.0,10918.0,10057.0,8693.0,10000,False
88,Fixed_75pct,4,BANDWIDTH_EFFICIENT,2,12,0.75,0.24902856349945068,0.8006222029048415,1580,244.0,1370.0,2734.0,2490.0,1126.0,5000,True
88,Fixed_75pct,5,BALANCED,2,12,0.75,0.4607403874397278,0.6845843440754878,1580,889.0,8190.0,9554.0,8665.0,7301.0,15000,True
88,Fixed_75pct,6,BALANCED,2,12,0.75,0.04581233114004135,0.9561945008908995,1580,729.0,4098.0,5462.0,4733.0,3369.0,7000,True
88,Fixed_75pct,7,BALANCED,2,12,0.75,0.06613723933696747,0.9379655480582422,1580,644.0,5462.0,6826.0,6182.0,4818.0,12000,True
88,Fixed_75pct,8,BALANCED,2,12,0.75,0.07830033451318741,0.927385412016461,1580,471.0,6826.0,8190.0,7719.0,6355.0,9000,True
88,Fixed_75pct,9,BALANCED,2,12,0.75,0.1240805834531784,0.8896159356547174,1580,284.0,2734.0,4098.0,3814.0,2450.0,11000,True
88,Fixed_75pct,10,BALANCED,2,12,0.75,0.4486887454986572,0.6902794013601501,1580,215.0,10918.0,12282.0,12067.0,10703.0,3000,False
88,Fixed_100pct,1,BANDWIDTH_EFFICIENT,3,16,1.0,0.03787185251712799,0.9635100880467292,2096,680.0,12443.599999999999,14220.399999999998,13540.399999999998,11763.599999999999,2000,False
88,Fixed_100pct,2,BALANCED,3,16,1.0,0.13491778075695038,0.8811210970128911,2096,6.0,6.0,1782.8,1776.8,0.0,9000,True
88,Fixed_100pct,3,BALANCED,3,16,1.0,0.08115515857934952,0.9249366217833264,2096,861.0,15997.199999999997,17773.999999999996,16912.999999999996,15136.199999999997,10000,False
88,Fixed_100pct,4,BANDWIDTH_EFFICIENT,3,16,1.0,0.16367009282112122,0.8593500908626681,2096,244.0,3559.6,5336.4,5092.4,3315.6,5000,False
88,Fixed_100pct,5,BALANCED,3,16,1.0,0.24903102219104767,0.8006206268966819,2096,889.0,1782.8,3559.6,2670.6,893.8,15000,True
88,Fixed_100pct,6,BALANCED,3,16,1.0,0.022194940596818924,0.978286978622825,2096,729.0,14220.399999999998,15997.199999999997,15268.199999999997,13491.399999999998,7000,False
88,Fixed_100pct,7,BALANCED,3,16,1.0,0.03776634484529495,0.9636080462303632,2096,644.0,10666.8,12443.599999999999,11799.599999999999,10022.8,12000,True
88,Fixed_100pct,8,BALANCED,3,16,1.0,0.06621324270963669,0.9378986866254215,2096,471.0,8890.0,10666.8,10195.8,8419.0,9000,False
88,Fixed_100pct,9,BALANCED,3,16,1.0,0.10500971972942352,0.9049694153322592,2096,284.0,7113.2,8890.0,8606.0,6829.2,11000,True
88,Fixed_100pct,10,BALANCED,3,16,1.0,0.25898370146751404,0.794291458129574,2096,215.0,5336.4,7113.2,6898.2,5121.4,3000,False
88,PPO_Raw,1,BANDWIDTH_EFFICIENT,0,4,0.25,0.6738826632499695,0.5974134399949066,548,680.0,3236.4,3774.8,3094.8,2556.4,2000,False
88,PPO_Raw,2,BALANCED,0,4,0.25,1.036105751991272,0.49113362556046974,548,6.0,6.0,544.4,538.4,0.0,9000,True
88,PPO_Raw,3,BALANCED,0,4,0.25,0.6115622520446777,0.620515899234575,548,861.0,4313.2,4851.599999999999,3990.5999999999995,3452.2,10000,True
88,PPO_Raw,4,BANDWIDTH_EFFICIENT,0,4,0.25,1.021782398223877,0.4946130705651081,548,244.0,1082.8,1621.1999999999998,1377.1999999999998,838.8,5000,True
88,PPO_Raw,5,BALANCED,0,4,0.25,1.5803461074829102,0.38754491000259084,548,889.0,4851.599999999999,5389.999999999999,4500.999999999999,3962.5999999999995,15000,True
88,PPO_Raw,6,BALANCED,0,4,0.25,0.6811819672584534,0.5948196087486745,548,729.0,3774.8,4313.2,3584.2,3045.8,7000,True
88,PPO_Raw,7,BALANCED,0,4,0.25,0.387928307056427,0.7204983102627537,548,644.0,2698.0,3236.4,2592.4,2054.0,12000,True
88,PPO_Raw,8,BALANCED,0,4,0.25,0.6870020031929016,0.5927675237535887,548,471.0,2159.6,2698.0,2227.0,1688.6,9000,True
88,PPO_Raw,9,BALANCED,0,4,0.25,0.556961715221405,0.6422765506843543,548,284.0,1621.1999999999998,2159.6,1875.6,1337.1999999999998,11000,True
88,PPO_Raw,10,BALANCED,0,4,0.25,1.8079922199249268,0.35612634283820616,548,215.0,544.4,1082.8,867.8,329.4,3000,True
88,PPO_Orchestrated,1,BANDWIDTH_EFFICIENT,0,4,0.25,0.6738826632499695,0.5974134399949066,548,680.0,3236.4,3774.8,3094.8,2556.4,2000,False
88,PPO_Orchestrated,2,BALANCED,0,4,0.25,1.036105751991272,0.49113362556046974,548,6.0,6.0,544.4,538.4,0.0,9000,True
88,PPO_Orchestrated,3,BALANCED,0,4,0.25,0.6115622520446777,0.620515899234575,548,861.0,4313.2,4851.599999999999,3990.5999999999995,3452.2,10000,True
88,PPO_Orchestrated,4,BANDWIDTH_EFFICIENT,0,4,0.25,1.021782398223877,0.4946130705651081,548,244.0,1082.8,1621.1999999999998,1377.1999999999998,838.8,5000,True
88,PPO_Orchestrated,5,BALANCED,0,4,0.25,1.5803461074829102,0.38754491000259084,548,889.0,4851.599999999999,5389.999999999999,4500.999999999999,3962.5999999999995,15000,True
88,PPO_Orchestrated,6,BALANCED,0,4,0.25,0.6811819672584534,0.5948196087486745,548,729.0,3774.8,4313.2,3584.2,3045.8,7000,True
88,PPO_Orchestrated,7,BALANCED,0,4,0.25,0.387928307056427,0.7204983102627537,548,644.0,2698.0,3236.4,2592.4,2054.0,12000,True
88,PPO_Orchestrated,8,BALANCED,0,4,0.25,0.6870020031929016,0.5927675237535887,548,471.0,2159.6,2698.0,2227.0,1688.6,9000,True
88,PPO_Orchestrated,9,BALANCED,0,4,0.25,0.556961715221405,0.6422765506843543,548,284.0,1621.1999999999998,2159.6,1875.6,1337.1999999999998,11000,True
88,PPO_Orchestrated,10,BALANCED,0,4,0.25,1.8079922199249268,0.35612634283820616,548,215.0,544.4,1082.8,867.8,329.4,3000,True
89,Fixed_25pct,1,BANDWIDTH_EFFICIENT,0,4,0.25,0.624828577041626,0.6154495398035957,548,622.0,2872.0,3410.4,2788.4,2250.0,13000,True
89,Fixed_25pct,2,BALANCED,0,4,0.25,1.0205134153366089,0.49492371216619924,548,371.0,1256.8,1795.1999999999998,1424.1999999999998,885.8,14000,True
89,Fixed_25pct,3,BALANCED,0,4,0.25,0.9347688555717468,0.5168576065922295,548,983.0,4487.2,5025.599999999999,4042.5999999999995,3504.2,5000,True
89,Fixed_25pct,4,BALANCED,0,4,0.25,0.3616771101951599,0.7343884923325742,548,598.0,2333.6,2872.0,2274.0,1735.6,7000,True
89,Fixed_25pct,5,BANDWIDTH_EFFICIENT,0,4,0.25,1.2908825874328613,0.4365129865169517,548,929.0,5025.599999999999,5563.999999999999,4634.999999999999,4096.599999999999,3000,False
89,Fixed_25pct,6,BALANCED,0,4,0.25,0.4679364562034607,0.6812283977102868,548,860.0,3948.8,4487.2,3627.2,3088.8,9000,True
89,Fixed_25pct,7,BALANCED,0,4,0.25,0.4655762314796448,0.6823254761646896,548,180.0,180.0,718.4,538.4,0.0,12000,True
89,Fixed_25pct,8,QUALITY_CRITICAL,0,4,0.25,0.39204689860343933,0.7183666017310498,548,200.0,718.4,1256.8,1056.8,518.4,13000,True
89,Fixed_25pct,9,BANDWIDTH_EFFICIENT,0,4,0.25,0.6920076608657837,0.5910138725307602,548,572.0,1795.1999999999998,2333.6,1761.6,1223.1999999999998,6000,True
89,Fixed_25pct,10,BALANCED,0,4,0.25,0.7016133666038513,0.5876775650839182,548,721.0,3410.4,3948.8,3227.8,2689.4,7000,True
89,Fixed_50pct,1,BANDWIDTH_EFFICIENT,1,8,0.5,0.2686401307582855,0.7882455991694703,1064,622.0,8740.8,9692.0,9070.0,8118.799999999999,13000,True
89,Fixed_50pct,2,BALANCED,1,8,0.5,0.33648502826690674,0.7482313522784125,1064,371.0,7789.5999999999985,8740.8,8369.8,7418.5999999999985,14000,True
89,Fixed_50pct,3,BALANCED,1,8,0.5,0.3567831218242645,0.7370374704068021,1064,983.0,2082.3999999999996,3033.5999999999995,2050.5999999999995,1099.3999999999996,5000,True
89,Fixed_50pct,4,BALANCED,1,8,0.5,0.13444285094738007,0.8814899747174518,1064,598.0,1131.1999999999998,2082.3999999999996,1484.3999999999996,533.1999999999998,7000,True
89,Fixed_50pct,5,BANDWIDTH_EFFICIENT,1,8,0.5,0.5643138289451599,0.6392579171113733,1064,929.0,3984.7999999999993,4935.999999999999,4006.999999999999,3055.7999999999993,3000,False
89,Fixed_50pct,6,BALANCED,1,8,0.5,0.26229074597358704,0.7922105134571942,1064,860.0,5887.199999999999,6838.399999999999,5978.399999999999,5027.199999999999,9000,True
89,Fixed_50pct,7,BALANCED,1,8,0.5,0.2248338907957077,0.8164372389715266,1064,180.0,180.0,1131.1999999999998,951.1999999999998,0.0,12000,True
89,Fixed_50pct,8,QUALITY_CRITICAL,1,8,0.5,0.2807336747646332,0.7808024569852706,1064,200.0,6838.399999999999,7789.5999999999985,7589.5999999999985,6638.399999999999,13000,True
89,Fixed_50pct,9,BANDWIDTH_EFFICIENT,1,8,0.5,0.4474213719367981,0.690883815444771,1064,572.0,3033.5999999999995,3984.7999999999993,3412.7999999999993,2461.5999999999995,6000,True
89,Fixed_50pct,10,BALANCED,1,8,0.5,0.47201472520828247,0.6793410302729853,1064,721.0,4935.999999999999,5887.199999999999,5166.199999999999,4214.999999999999,7000,True
89,Fixed_75pct,1,BANDWIDTH_EFFICIENT,2,12,0.75,0.14556416869163513,0.87293233092487,1580,622.0,4272.0,5636.0,5014.0,3650.0,13000,True
89,Fixed_75pct,2,BALANCED,2,12,0.75,0.14369824528694153,0.8743565045420795,1580,371.0,9728.0,11092.0,10721.0,9357.0,14000,True
89,Fixed_75pct,3,BALANCED,2,12,0.75,0.16538797318935394,0.858083336198561,1580,983.0,7000.0,8364.0,7381.0,6017.0,5000,False
89,Fixed_75pct,4,BALANCED,2,12,0.75,0.025008300319314003,0.9756018557981205,1580,598.0,2908.0,4272.0,3674.0,2310.0,7000,True
89,Fixed_75pct,5,BANDWIDTH_EFFICIENT,2,12,0.75,0.33155399560928345,0.751002214928901,1580,929.0,12456.0,13820.0,12891.0,11527.0,3000,False
89,Fixed_75pct,6,BALANCED,2,12,0.75,0.1200551763176918,0.8928131588013487,1580,860.0,11092.0,12456.0,11596.0,10232.0,9000,False
89,Fixed_75pct,7,BALANCED,2,12,0.75,0.0997508317232132,0.9092968799424208,1580,180.0,180.0,1544.0,1364.0,0.0,12000,True
89,Fixed_75pct,8,QUALITY_CRITICAL,2,12,0.75,0.1358855962753296,0.8803703500414913,1580,200.0,8364.0,9728.0,9528.0,8164.0,13000,True
89,Fixed_75pct,9,BANDWIDTH_EFFICIENT,2,12,0.75,0.24084728956222534,0.8059009423736607,1580,572.0,1544.0,2908.0,2336.0,972.0,6000,True
89,Fixed_75pct,10,BALANCED,2,12,0.75,0.24810941517353058,0.8012118071082456,1580,721.0,5636.0,7000.0,6279.0,4915.0,7000,True
89,Fixed_100pct,1,BANDWIDTH_EFFICIENT,3,16,1.0,0.09012210369110107,0.9173284319380811,2096,622.0,10840.8,12617.599999999999,11995.599999999999,10218.8,13000,True
89,Fixed_100pct,2,BALANCED,3,16,1.0,0.09574616700410843,0.9126201214411828,2096,371.0,9064.0,10840.8,10469.8,8693.0,14000,True
89,Fixed_100pct,3,BALANCED,3,16,1.0,0.08122128993272781,0.9248800493580909,2096,983.0,16171.199999999997,17947.999999999996,16964.999999999996,15188.199999999997,5000,False
89,Fixed_100pct,4,BALANCED,3,16,1.0,0.021380599588155746,0.9790669613298149,2096,598.0,3733.6,5510.4,4912.4,3135.6,7000,True
89,Fixed_100pct,5,BANDWIDTH_EFFICIENT,3,16,1.0,0.20317287743091583,0.8311357567627835,2096,929.0,14394.399999999998,16171.199999999997,15242.199999999997,13465.399999999998,3000,False
89,Fixed_100pct,6,BALANCED,3,16,1.0,0.057981956750154495,0.9451957035937929,2096,860.0,12617.599999999999,14394.399999999998,13534.399999999998,11757.599999999999,9000,False
89,Fixed_100pct,7,BALANCED,3,16,1.0,0.032581403851509094,0.9684466486322715,2096,180.0,180.0,1956.8,1776.8,0.0,12000,True
89,Fixed_100pct,8,QUALITY_CRITICAL,3,16,1.0,0.0829978659749031,0.9233628536283501,2096,200.0,5510.4,7287.2,7087.2,5310.4,13000,True
89,Fixed_100pct,9,BANDWIDTH_EFFICIENT,3,16,1.0,0.14650557935237885,0.8722155548208194,2096,572.0,1956.8,3733.6,3161.6,1384.8,6000,True
89,Fixed_100pct,10,BALANCED,3,16,1.0,0.15223106741905212,0.8678814764472171,2096,721.0,7287.2,9064.0,8343.0,6566.2,7000,False
89,PPO_Raw,1,BANDWIDTH_EFFICIENT,0,4,0.25,0.624828577041626,0.6154495398035957,548,622.0,2872.0,3410.4,2788.4,2250.0,13000,True
89,PPO_Raw,2,BALANCED,0,4,0.25,1.0205134153366089,0.49492371216619924,548,371.0,1256.8,1795.1999999999998,1424.1999999999998,885.8,14000,True
89,PPO_Raw,3,BALANCED,0,4,0.25,0.9347688555717468,0.5168576065922295,548,983.0,4487.2,5025.599999999999,4042.5999999999995,3504.2,5000,True
89,PPO_Raw,4,BALANCED,0,4,0.25,0.3616771101951599,0.7343884923325742,548,598.0,2333.6,2872.0,2274.0,1735.6,7000,True
89,PPO_Raw,5,BANDWIDTH_EFFICIENT,0,4,0.25,1.2908825874328613,0.4365129865169517,548,929.0,5025.599999999999,5563.999999999999,4634.999999999999,4096.599999999999,3000,False
89,PPO_Raw,6,BALANCED,0,4,0.25,0.4679364562034607,0.6812283977102868,548,860.0,3948.8,4487.2,3627.2,3088.8,9000,True
89,PPO_Raw,7,BALANCED,0,4,0.25,0.4655762314796448,0.6823254761646896,548,180.0,180.0,718.4,538.4,0.0,12000,True
89,PPO_Raw,8,QUALITY_CRITICAL,0,4,0.25,0.39204689860343933,0.7183666017310498,548,200.0,718.4,1256.8,1056.8,518.4,13000,True
89,PPO_Raw,9,BANDWIDTH_EFFICIENT,0,4,0.25,0.6920076608657837,0.5910138725307602,548,572.0,1795.1999999999998,2333.6,1761.6,1223.1999999999998,6000,True
89,PPO_Raw,10,BALANCED,0,4,0.25,0.7016133666038513,0.5876775650839182,548,721.0,3410.4,3948.8,3227.8,2689.4,7000,True
89,PPO_Orchestrated,1,BANDWIDTH_EFFICIENT,0,4,0.25,0.624828577041626,0.6154495398035957,548,622.0,3697.6000000000004,4236.0,3614.0,3075.6000000000004,13000,True
89,PPO_Orchestrated,2,BALANCED,0,4,0.25,1.0205134153366089,0.49492371216619924,548,371.0,2082.4,2620.8,2249.8,1711.4,14000,True
89,PPO_Orchestrated,3,BALANCED,0,4,0.25,0.9347688555717468,0.5168576065922295,548,983.0,5312.799999999999,5851.199999999999,4868.199999999999,4329.799999999999,5000,True
89,PPO_Orchestrated,4,BALANCED,0,4,0.25,0.3616771101951599,0.7343884923325742,548,598.0,3159.2000000000003,3697.6000000000004,3099.6000000000004,2561.2000000000003,7000,True
89,PPO_Orchestrated,5,BANDWIDTH_EFFICIENT,0,4,0.25,1.2908825874328613,0.4365129865169517,548,929.0,5851.199999999999,6389.5999999999985,5460.5999999999985,4922.199999999999,3000,False
89,PPO_Orchestrated,6,BALANCED,0,4,0.25,0.4679364562034607,0.6812283977102868,548,860.0,4774.4,5312.799999999999,4452.799999999999,3914.3999999999996,9000,True
89,PPO_Orchestrated,7,BALANCED,0,4,0.25,0.4655762314796448,0.6823254761646896,548,180.0,180.0,718.4,538.4,0.0,12000,True
89,PPO_Orchestrated,8,QUALITY_CRITICAL,2,12,0.75,0.1358855962753296,0.8803703500414913,1580,200.0,718.4,2082.4,1882.4,518.4,13000,True
89,PPO_Orchestrated,9,BANDWIDTH_EFFICIENT,0,4,0.25,0.6920076608657837,0.5910138725307602,548,572.0,2620.8,3159.2000000000003,2587.2000000000003,2048.8,6000,True
89,PPO_Orchestrated,10,BALANCED,0,4,0.25,0.7016133666038513,0.5876775650839182,548,721.0,4236.0,4774.4,4053.3999999999996,3515.0,7000,True
90,Fixed_25pct,1,BANDWIDTH_EFFICIENT,0,4,0.25,0.7699697613716125,0.5649814035382528,548,310.0,574.4,1112.8,802.8,264.4,4000,True
90,Fixed_25pct,2,BALANCED,0,4,0.25,0.8985797762870789,0.5267094975359059,548,343.0,1112.8,1651.1999999999998,1308.1999999999998,769.8,9000,True
90,Fixed_25pct,3,BANDWIDTH_EFFICIENT,0,4,0.25,0.6635429859161377,0.601126636622068,548,604.0,2728.0,3266.4,2662.4,2124.0,12000,True
90,Fixed_25pct,4,BALANCED,0,4,0.25,0.6386184692382812,0.6102701872174395,548,360.0,1651.1999999999998,2189.6,1829.6,1291.1999999999998,9000,True
90,Fixed_25pct,5,QUALITY_CRITICAL,0,4,0.25,0.5600717663764954,0.6409961525825524,548,896.0,3804.8,4343.2,3447.2,2908.8,13000,True
90,Fixed_25pct,6,BALANCED,0,4,0.25,1.6685512065887451,0.3747351737268393,548,529.0,2189.6,2728.0,2199.0,1660.6,2000,False
90,Fixed_25pct,7,BALANCED,0,4,0.25,0.8085230588912964,0.5529373789754407,548,991.0,4881.599999999999,5419.999999999999,4428.999999999999,3890.5999999999995,4000,False
90,Fixed_25pct,8,QUALITY_CRITICAL,0,4,0.25,0.7145532369613647,0.5832423155155337,548,843.0,3266.4,3804.8,2961.8,2423.4,6000,True
90,Fixed_25pct,9,QUALITY_CRITICAL,0,4,0.25,0.8074803948402405,0.5532563467104096,548,36.0,36.0,574.4,538.4,0.0,14000,True
90,Fixed_25pct,10,BANDWIDTH_EFFICIENT,0,4,0.25,1.1586613655090332,0.46325005671475034,548,945.0,4343.2,4881.599999999999,3936.5999999999995,3398.2,9000,True
90,Fixed_50pct,1,BANDWIDTH_EFFICIENT,1,8,0.5,0.3369065523147583,0.7479954363815267,1064,310.0,2889.6,3840.7999999999997,3530.7999999999997,2579.6,4000,True
90,Fixed_50pct,2,BALANCED,1,8,0.5,0.5627143979072571,0.6399121946653666,1064,343.0,6694.4,7645.599999999999,7302.599999999999,6351.4,9000,True
90,Fixed_50pct,3,BANDWIDTH_EFFICIENT,1,8,0.5,0.414601594209671,0.7069128184877338,1064,604.0,7645.599999999999,8596.8,7992.799999999999,7041.599999999999,12000,True
90,Fixed_50pct,4,BALANCED,1,8,0.5,0.3842497169971466,0.7224130066425445,1064,360.0,4792.0,5743.2,5383.2,4432.0,9000,True
90,Fixed_50pct,5,QUALITY_CRITICAL,1,8,0.5,0.19282831251621246,0.8383436153443988,1064,896.0,5743.2,6694.4,5798.4,4847.2,13000,True
90,Fixed_50pct,6,BALANCED,1,8,0.5,1.0974559783935547,0.4767680515354138,1064,529.0,987.1999999999999,1938.3999999999999,1409.3999999999999,458.19999999999993,2000,True
90,Fixed_50pct,7,BALANCED,1,8,0.5,0.35227617621421814,0.7394939122565648,1064,991.0,1938.3999999999999,2889.6,1898.6,947.3999999999999,4000,True
90,Fixed_50pct,8,QUALITY_CRITICAL,1,8,0.5,0.4567514657974243,0.6864588939696731,1064,843.0,8596.8,9548.0,8705.0,7753.799999999999,6000,False
90,Fixed_50pct,9,QUALITY_CRITICAL,1,8,0.5,0.48883387446403503,0.6716666091171453,1064,36.0,36.0,987.1999999999999,951.1999999999999,0.0,14000,True
90,Fixed_50pct,10,BANDWIDTH_EFFICIENT,1,8,0.5,0.4279404282569885,0.7003093267837841,1064,945.0,3840.7999999999997,4792.0,3847.0,2895.7999999999997,9000,True
90,Fixed_75pct,1,BANDWIDTH_EFFICIENT,2,12,0.75,0.1406593769788742,0.8766859065750009,1580,310.0,10948.0,12312.0,12002.0,10638.0,4000,False
90,Fixed_75pct,2,BALANCED,2,12,0.75,0.20226441323757172,0.8317637858939075,1580,343.0,12312.0,13676.0,13333.0,11969.0,9000,False
90,Fixed_75pct,3,BANDWIDTH_EFFICIENT,2,12,0.75,0.17673304677009583,0.8498104160028531,1580,604.0,1400.0,2764.0,2160.0,796.0,12000,True
90,Fixed_75pct,4,BALANCED,2,12,0.75,0.22649504244327545,0.815331465187108,1580,360.0,9584.0,10948.0,10588.0,9224.0,9000,False
90,Fixed_75pct,5,QUALITY_CRITICAL,2,12,0.75,0.07367760688066483,0.931378277419123,1580,896.0,8220.0,9584.0,8688.0,7324.0,13000,True
90,Fixed_75pct,6,BALANCED,2,12,0.75,0.4292493164539337,0.6996679924822837,1580,529.0,6856.0,8220.0,7691.0,6327.0,2000,False
90,Fixed_75pct,7,BALANCED,2,12,0.75,0.13036008179187775,0.8846738451828311,1580,991.0,4128.0,5492.0,4501.0,3137.0,4000,False
90,Fixed_75pct,8,QUALITY_CRITICAL,2,12,0.75,0.22671067714691162,0.815188143895351,1580,843.0,2764.0,4128.0,3285.0,1921.0,6000,True
90,Fixed_75pct,9,QUALITY_CRITICAL,2,12,0.75,0.2575143873691559,0.795219529926889,1580,36.0,36.0,1400.0,1364.0,0.0,14000,True
90,Fixed_75pct,10,BANDWIDTH_EFFICIENT,2,12,0.75,0.2900329530239105,0.7751739966455455,1580,945.0,5492.0,6856.0,5911.0,4547.0,9000,True
90,Fixed_100pct,1,BANDWIDTH_EFFICIENT,3,16,1.0,0.056138504296541214,0.9468455093075759,2096,310.0,5366.4,7143.2,6833.2,5056.4,4000,False
90,Fixed_100pct,2,BALANCED,3,16,1.0,0.11155269294977188,0.8996424608052183,2096,343.0,3589.6,5366.4,5023.4,3246.6,9000,True
90,Fixed_100pct,3,BANDWIDTH_EFFICIENT,3,16,1.0,0.06347876787185669,0.9403102630822757,2096,604.0,14250.399999999998,16027.199999999997,15423.199999999997,13646.399999999998,12000,False
90,Fixed_100pct,4,BALANCED,3,16,1.0,0.08678018301725388,0.920149277311697,2096,360.0,8920.0,10696.8,10336.8,8560.0,9000,False
90,Fixed_100pct,5,QUALITY_CRITICAL,3,16,1.0,0.038988687098026276,0.9624743872746828,2096,896.0,10696.8,12473.599999999999,11577.599999999999,9800.8,13000,True
90,Fixed_100pct,6,BALANCED,3,16,1.0,0.1969291716814041,0.8354713241680249,2096,529.0,12473.599999999999,14250.399999999998,13721.399999999998,11944.599999999999,2000,False
90,Fixed_100pct,7,BALANCED,3,16,1.0,0.04140010476112366,0.9602457263333769,2096,991.0,1812.8,3589.6,2598.6,821.8,4000,True
90,Fixed_100pct,8,QUALITY_CRITICAL,3,16,1.0,0.1479320079088211,0.8711317335089317,2096,843.0,16027.199999999997,17803.999999999996,16960.999999999996,15184.199999999997,6000,False
90,Fixed_100pct,9,QUALITY_CRITICAL,3,16,1.0,0.1251903623342514,0.8887385045899797,2096,36.0,36.0,1812.8,1776.8,0.0,14000,True
90,Fixed_100pct,10,BANDWIDTH_EFFICIENT,3,16,1.0,0.22912582755088806,0.8135863534757577,2096,945.0,7143.2,8920.0,7975.0,6198.2,9000,True
90,PPO_Raw,1,BANDWIDTH_EFFICIENT,0,4,0.25,0.7699697613716125,0.5649814035382528,548,310.0,1400.0,1938.4,1628.4,1090.0,4000,True
90,PPO_Raw,2,BALANCED,0,4,0.25,0.8985797762870789,0.5267094975359059,548,343.0,1938.4,2476.8,2133.8,1595.4,9000,True
90,PPO_Raw,3,BANDWIDTH_EFFICIENT,0,4,0.25,0.6635429859161377,0.601126636622068,548,604.0,3553.6000000000004,4092.0000000000005,3488.0000000000005,2949.6000000000004,12000,True
90,PPO_Raw,4,BALANCED,0,4,0.25,0.6386184692382812,0.6102701872174395,548,360.0,2476.8,3015.2000000000003,2655.2000000000003,2116.8,9000,True
90,PPO_Raw,5,QUALITY_CRITICAL,1,8,0.5,0.19282831251621246,0.8383436153443988,1064,896.0,5168.8,6120.0,5224.0,4272.8,13000,True
90,PPO_Raw,6,BALANCED,0,4,0.25,1.6685512065887451,0.3747351737268393,548,529.0,3015.2000000000003,3553.6000000000004,3024.6000000000004,2486.2000000000003,2000,False
90,PPO_Raw,7,BALANCED,0,4,0.25,0.8085230588912964,0.5529373789754407,548,991.0,4092.0000000000005,4630.400000000001,3639.4000000000005,3101.0000000000005,4000,True
90,PPO_Raw,8,QUALITY_CRITICAL,0,4,0.25,0.7145532369613647,0.5832423155155337,548,843.0,4630.400000000001,5168.8,4325.8,3787.4000000000005,6000,True
90,PPO_Raw,9,QUALITY_CRITICAL,2,12,0.75,0.2575143873691559,0.795219529926889,1580,36.0,36.0,1400.0,1364.0,0.0,14000,True
90,PPO_Raw,10,BANDWIDTH_EFFICIENT,0,4,0.25,1.1586613655090332,0.46325005671475034,548,945.0,6120.0,6658.4,5713.4,5175.0,9000,True
90,PPO_Orchestrated,1,BANDWIDTH_EFFICIENT,0,4,0.25,0.7699697613716125,0.5649814035382528,548,310.0,1938.4,2476.8,2166.8,1628.4,4000,True
90,PPO_Orchestrated,2,BALANCED,0,4,0.25,0.8985797762870789,0.5267094975359059,548,343.0,2476.8,3015.2000000000003,2672.2000000000003,2133.8,9000,True
90,PPO_Orchestrated,3,BANDWIDTH_EFFICIENT,0,4,0.25,0.6635429859161377,0.601126636622068,548,604.0,3553.6000000000004,4092.0000000000005,3488.0000000000005,2949.6000000000004,12000,True
90,PPO_Orchestrated,4,BALANCED,0,4,0.25,0.6386184692382812,0.6102701872174395,548,360.0,3015.2000000000003,3553.6000000000004,3193.6000000000004,2655.2000000000003,9000,True
90,PPO_Orchestrated,5,QUALITY_CRITICAL,2,12,0.75,0.07367760688066483,0.931378277419123,1580,896.0,4630.400000000001,5994.400000000001,5098.400000000001,3734.4000000000005,13000,True
90,PPO_Orchestrated,6,BALANCED,0,4,0.25,1.6685512065887451,0.3747351737268393,548,529.0,1400.0,1938.4,1409.4,871.0,2000,True
90,PPO_Orchestrated,7,BALANCED,0,4,0.25,0.8085230588912964,0.5529373789754407,548,991.0,4092.0000000000005,4630.400000000001,3639.4000000000005,3101.0000000000005,4000,True
90,PPO_Orchestrated,8,QUALITY_CRITICAL,2,12,0.75,0.22671067714691162,0.815188143895351,1580,843.0,6532.8,7896.8,7053.8,5689.8,6000,False
90,PPO_Orchestrated,9,QUALITY_CRITICAL,2,12,0.75,0.2575143873691559,0.795219529926889,1580,36.0,36.0,1400.0,1364.0,0.0,14000,True
90,PPO_Orchestrated,10,BANDWIDTH_EFFICIENT,0,4,0.25,1.1586613655090332,0.46325005671475034,548,945.0,5994.400000000001,6532.8,5587.8,5049.400000000001,9000,True
91,Fixed_25pct,1,LATENCY_CRITICAL,0,4,0.25,1.0712863206863403,0.48279177533922035,548,211.0,211.0,749.4,538.4,0.0,10000,True
91,Fixed_25pct,2,QUALITY_CRITICAL,0,4,0.25,0.9143121838569641,0.5223808365389996,548,245.0,1287.8,1826.1999999999998,1581.1999999999998,1042.8,14000,True
91,Fixed_25pct,3,LATENCY_CRITICAL,0,4,0.25,0.48888787627220154,0.6716422478392039,548,812.0,4518.2,5056.599999999999,4244.599999999999,3706.2,11000,True
91,Fixed_25pct,4,BANDWIDTH_EFFICIENT,0,4,0.25,1.27521550655365,0.43951880475477934,548,973.0,5056.599999999999,5594.999999999999,4621.999999999999,4083.5999999999995,10000,True
91,Fixed_25pct,5,BALANCED,0,4,0.25,1.6248940229415894,0.3809677614638892,548,390.0,2903.0,3441.4,3051.4,2513.0,8000,True
91,Fixed_25pct,6,BALANCED,0,4,0.25,0.5960067510604858,0.6265637656830324,548,219.0,749.4,1287.8,1068.8,530.4,8000,True
91,Fixed_25pct,7,BALANCED,0,4,0.25,0.8469474911689758,0.5414339090750635,548,556.0,3441.4,3979.8,3423.8,2885.4,11000,True
91,Fixed_25pct,8,LATENCY_CRITICAL,0,4,0.25,0.7952606678009033,0.5570221739581392,548,328.0,2364.6,2903.0,2575.0,2036.6,15000,True
91,Fixed_25pct,9,QUALITY_CRITICAL,0,4,0.25,0.6483569145202637,0.6066647284887564,548,323.0,1826.1999999999998,2364.6,2041.6,1503.1999999999998,4000,True
91,Fixed_25pct,10,QUALITY_CRITICAL,0,4,0.25,0.3363708555698395,0.7482952773417015,548,778.0,3979.8,4518.2,3740.2,3201.8,12000,True
91,Fixed_50pct,1,LATENCY_CRITICAL,1,8,0.5,0.5529475212097168,0.6439367630536664,1064,211.0,211.0,1162.1999999999998,951.1999999999998,0.0,10000,True
91,Fixed_50pct,2,QUALITY_CRITICAL,1,8,0.5,0.3650495111942291,0.7325741607168069,1064,245.0,3064.5999999999995,4015.7999999999993,3770.7999999999993,2819.5999999999995,14000,True
91,Fixed_50pct,3,LATENCY_CRITICAL,1,8,0.5,0.2446831464767456,0.8034173217743356,1064,812.0,7820.5999999999985,8771.8,7959.799999999999,7008.5999999999985,11000,True
91,Fixed_50pct,4,BANDWIDTH_EFFICIENT,1,8,0.5,0.7681893706321716,0.5655502835889546,1064,973.0,8771.8,9723.0,8750.0,7798.799999999999,10000,True
91,Fixed_50pct,5,BALANCED,1,8,0.5,0.7881343960762024,0.5592420805697562,1064,390.0,4966.999999999999,5918.199999999999,5528.199999999999,4576.999999999999,8000,True
91,Fixed_50pct,6,BALANCED,1,8,0.5,0.19850018620491028,0.8343761740801496,1064,219.0,2113.3999999999996,3064.5999999999995,2845.5999999999995,1894.3999999999996,8000,True
91,Fixed_50pct,7,BALANCED,1,8,0.5,0.5051377415657043,0.6643910204256522,1064,556.0,5918.199999999999,6869.399999999999,6313.399999999999,5362.199999999999,11000,True
91,Fixed_50pct,8,LATENCY_CRITICAL,1,8,0.5,0.28135767579078674,0.7804222184745195,1064,328.0,4015.7999999999993,4966.999999999999,4638.999999999999,3687.7999999999993,15000,True
91,Fixed_50pct,9,QUALITY_CRITICAL,1,8,0.5,0.3847200572490692,0.7221676285867001,1064,323.0,1162.1999999999998,2113.3999999999996,1790.3999999999996,839.1999999999998,4000,True
91,Fixed_50pct,10,QUALITY_CRITICAL,1,8,0.5,0.15059180557727814,0.8691179575177639,1064,778.0,6869.399999999999,7820.5999999999985,7042.5999999999985,6091.399999999999,12000,True
91,Fixed_75pct,1,LATENCY_CRITICAL,2,12,0.75,0.3419697880744934,0.7451732586579584,1580,211.0,211.0,1575.0,1364.0,0.0,10000,True
91,Fixed_75pct,2,QUALITY_CRITICAL,2,12,0.75,0.14517176151275635,0.8732314519168841,1580,245.0,8395.0,9759.0,9514.0,8150.0,14000,True
91,Fixed_75pct,3,LATENCY_CRITICAL,2,12,0.75,0.10015970468521118,0.9089589409077022,1580,812.0,2939.0,4303.0,3491.0,2127.0,11000,True
91,Fixed_75pct,4,BANDWIDTH_EFFICIENT,2,12,0.75,0.530958354473114,0.653185631783011,1580,973.0,4303.0,5667.0,4694.0,3330.0,10000,True
91,Fixed_75pct,5,BALANCED,2,12,0.75,0.3897704780101776,0.7195432741036227,1580,390.0,12487.0,13851.0,13461.0,12097.0,8000,False
91,Fixed_75pct,6,BALANCED,2,12,0.75,0.057028915733098984,0.9460479132744001,1580,219.0,11123.0,12487.0,12268.0,10904.0,8000,False
91,Fixed_75pct,7,BALANCED,2,12,0.75,0.32871562242507935,0.7526064893967827,1580,556.0,7031.0,8395.0,7839.0,6475.0,11000,True
91,Fixed_75pct,8,LATENCY_CRITICAL,2,12,0.75,0.09792954474687576,0.9108052559333822,1580,328.0,9759.0,11123.0,10795.0,9431.0,15000,True
91,Fixed_75pct,9,QUALITY_CRITICAL,2,12,0.75,0.25019481778144836,0.7998753360492765,1580,323.0,1575.0,2939.0,2616.0,1252.0,4000,True
91,Fixed_75pct,10,QUALITY_CRITICAL,2,12,0.75,0.07340946793556213,0.9316109368061126,1580,778.0,5667.0,7031.0,6253.0,4889.0,12000,True
91,Fixed_100pct,1,LATENCY_CRITICAL,3,16,1.0,0.2047361582517624,0.8300572645309636,2096,211.0,211.0,1987.8,1776.8,0.0,10000,True
91,Fixed_100pct,2,QUALITY_CRITICAL,3,16,1.0,0.08511791378259659,0.9215588345732075,2096,245.0,3764.6,5541.4,5296.4,3519.6,14000,True
91,Fixed_100pct,3,LATENCY_CRITICAL,3,16,1.0,0.0739467591047287,0.9311448556664274,2096,812.0,14425.399999999998,16202.199999999997,15390.199999999997,13613.399999999998,11000,False
91,Fixed_100pct,4,BANDWIDTH_EFFICIENT,3,16,1.0,0.21816153824329376,0.8209091886467671,2096,973.0,16202.199999999997,17978.999999999996,17005.999999999996,15229.199999999997,10000,False
91,Fixed_100pct,5,BALANCED,3,16,1.0,0.26221245527267456,0.7922596515528528,2096,390.0,5541.4,7318.2,6928.2,5151.4,8000,True
91,Fixed_100pct,6,BALANCED,3,16,1.0,0.0455205924808979,0.9564613142885279,2096,219.0,9095.0,10871.8,10652.8,8876.0,8000,False
91,Fixed_100pct,7,BALANCED,3,16,1.0,0.14910495281219482,0.8702425288070584,2096,556.0,7318.2,9095.0,8539.0,6762.2,11000,True
91,Fixed_100pct,8,LATENCY_CRITICAL,3,16,1.0,0.03890971466898918,0.9625475494938592,2096,328.0,10871.8,12648.599999999999,12320.599999999999,10543.8,15000,True
91,Fixed_100pct,9,QUALITY_CRITICAL,3,16,1.0,0.13758696615695953,0.8790536721585681,2096,323.0,1987.8,3764.6,3441.6,1664.8,4000,True
91,Fixed_100pct,10,QUALITY_CRITICAL,3,16,1.0,0.04517277330160141,0.956779611509679,2096,778.0,12648.599999999999,14425.399999999998,13647.399999999998,11870.599999999999,12000,False
91,PPO_Raw,1,LATENCY_CRITICAL,0,4,0.25,1.0712863206863403,0.48279177533922035,548,211.0,211.0,749.4,538.4,0.0,10000,True
91,PPO_Raw,2,QUALITY_CRITICAL,0,4,0.25,0.9143121838569641,0.5223808365389996,548,245.0,1287.8,1826.1999999999998,1581.1999999999998,1042.8,14000,True
91,PPO_Raw,3,LATENCY_CRITICAL,2,12,0.75,0.10015970468521118,0.9089589409077022,1580,812.0,4518.2,5882.2,5070.2,3706.2,11000,True
91,PPO_Raw,4,BANDWIDTH_EFFICIENT,0,4,0.25,1.27521550655365,0.43951880475477934,548,973.0,5882.2,6420.599999999999,5447.599999999999,4909.2,10000,True
91,PPO_Raw,5,BALANCED,0,4,0.25,1.6248940229415894,0.3809677614638892,548,390.0,2903.0,3441.4,3051.4,2513.0,8000,True
91,PPO_Raw,6,BALANCED,0,4,0.25,0.5960067510604858,0.6265637656830324,548,219.0,749.4,1287.8,1068.8,530.4,8000,True
91,PPO_Raw,7,BALANCED,0,4,0.25,0.8469474911689758,0.5414339090750635,548,556.0,3441.4,3979.8,3423.8,2885.4,11000,True
91,PPO_Raw,8,LATENCY_CRITICAL,0,4,0.25,0.7952606678009033,0.5570221739581392,548,328.0,2364.6,2903.0,2575.0,2036.6,15000,True
91,PPO_Raw,9,QUALITY_CRITICAL,0,4,0.25,0.6483569145202637,0.6066647284887564,548,323.0,1826.1999999999998,2364.6,2041.6,1503.1999999999998,4000,True
91,PPO_Raw,10,QUALITY_CRITICAL,0,4,0.25,0.3363708555698395,0.7482952773417015,548,778.0,3979.8,4518.2,3740.2,3201.8,12000,True
91,PPO_Orchestrated,1,LATENCY_CRITICAL,0,4,0.25,1.0712863206863403,0.48279177533922035,548,211.0,211.0,749.4,538.4,0.0,10000,True
91,PPO_Orchestrated,2,QUALITY_CRITICAL,2,12,0.75,0.14517176151275635,0.8732314519168841,1580,245.0,1826.1999999999998,3190.2,2945.2,1581.1999999999998,14000,True
91,PPO_Orchestrated,3,LATENCY_CRITICAL,2,12,0.75,0.10015970468521118,0.9089589409077022,1580,812.0,3728.6,5092.6,4280.6,2916.6,11000,True
91,PPO_Orchestrated,4,BANDWIDTH_EFFICIENT,0,4,0.25,1.27521550655365,0.43951880475477934,548,973.0,3190.2,3728.6,2755.6,2217.2,10000,True
91,PPO_Orchestrated,5,BALANCED,0,4,0.25,1.6248940229415894,0.3809677614638892,548,390.0,1287.8,1826.1999999999998,1436.1999999999998,897.8,8000,True
91,PPO_Orchestrated,6,BALANCED,0,4,0.25,0.5960067510604858,0.6265637656830324,548,219.0,749.4,1287.8,1068.8,530.4,8000,True
91,PPO_Orchestrated,7,BALANCED,0,4,0.25,0.8469474911689758,0.5414339090750635,548,556.0,6995.0,7533.4,6977.4,6439.0,11000,True
91,PPO_Orchestrated,8,LATENCY_CRITICAL,0,4,0.25,0.7952606678009033,0.5570221739581392,548,328.0,6456.6,6995.0,6667.0,6128.6,15000,True
91,PPO_Orchestrated,9,QUALITY_CRITICAL,2,12,0.75,0.25019481778144836,0.7998753360492765,1580,323.0,7533.4,8897.4,8574.4,7210.4,4000,False
91,PPO_Orchestrated,10,QUALITY_CRITICAL,2,12,0.75,0.07340946793556213,0.9316109368061126,1580,778.0,5092.6,6456.6,5678.6,4314.6,12000,True
92,Fixed_25pct,1,BALANCED,0,4,0.25,0.8028553128242493,0.5546756818956579,548,286.0,3244.4,3782.8,3496.8,2958.4,13000,True
92,Fixed_25pct,2,BALANCED,0,4,0.25,0.47355180978775024,0.6786323991852309,548,632.0,4859.599999999999,5397.999999999999,4765.999999999999,4227.599999999999,3000,False
92,Fixed_25pct,3,QUALITY_CRITICAL,0,4,0.25,2.602886199951172,0.2775552555652611,548,14.0,14.0,552.4,538.4,0.0,11000,True
92,Fixed_25pct,4,BALANCED,0,4,0.25,1.4532655477523804,0.407619958188454,548,327.0,3782.8,4321.2,3994.2,3455.8,5000,True
92,Fixed_25pct,5,BALANCED,0,4,0.25,1.2343876361846924,0.4475499164986164,548,282.0,2706.0,3244.4,2962.4,2424.0,14000,True
92,Fixed_25pct,6,BANDWIDTH_EFFICIENT,0,4,0.25,1.6923364400863647,0.37142460545084105,548,258.0,2167.6,2706.0,2448.0,1909.6,7000,True
92,Fixed_25pct,7,BANDWIDTH_EFFICIENT,0,4,0.25,0.522444486618042,0.6568383995539961,548,143.0,1629.1999999999998,2167.6,2024.6,1486.1999999999998,10000,True
92,Fixed_25pct,8,BANDWIDTH_EFFICIENT,0,4,0.25,0.45796599984169006,0.6858870509384875,548,337.0,4321.2,4859.599999999999,4522.599999999999,3984.2,12000,True
92,Fixed_25pct,9,BALANCED,0,4,0.25,0.6536450386047363,0.6047247000745398,548,17.0,552.4,1090.8,1073.8,535.4,2000,True
92,Fixed_25pct,10,BALANCED,0,4,0.25,0.3978079855442047,0.7154058428208742,548,35.0,1090.8,1629.1999999999998,1594.1999999999998,1055.8,10000,True
92,Fixed_50pct,1,BALANCED,1,8,0.5,0.43564310669898987,0.6965519461862113,1064,286.0,8574.8,9526.0,9240.0,8288.8,13000,True
92,Fixed_50pct,2,BALANCED,1,8,0.5,0.23253144323825836,0.8113383277043844,1064,632.0,1916.3999999999999,2867.6,2235.6,1284.3999999999999,3000,True
92,Fixed_50pct,3,QUALITY_CRITICAL,1,8,0.5,1.2977344989776611,0.43521129201173303,1064,14.0,14.0,965.1999999999999,951.1999999999999,0.0,11000,True
92,Fixed_50pct,4,BALANCED,1,8,0.5,0.5404647588729858,0.6491547399835401,1064,327.0,5721.2,6672.4,6345.4,5394.2,5000,False
92,Fixed_50pct,5,BALANCED,1,8,0.5,0.7022857069969177,0.5874454540090964,1064,282.0,6672.4,7623.599999999999,7341.599999999999,6390.4,14000,True
92,Fixed_50pct,6,BANDWIDTH_EFFICIENT,1,8,0.5,1.1697776317596436,0.4608767208965194,1064,258.0,3818.7999999999997,4770.0,4512.0,3560.7999999999997,7000,True
92,Fixed_50pct,7,BANDWIDTH_EFFICIENT,1,8,0.5,0.20970518887043,0.8266476900324421,1064,143.0,7623.599999999999,8574.8,8431.8,7480.599999999999,10000,True
92,Fixed_50pct,8,BANDWIDTH_EFFICIENT,1,8,0.5,0.1497087925672531,0.8697854678201082,1064,337.0,2867.6,3818.7999999999997,3481.7999999999997,2530.6,12000,True
92,Fixed_50pct,9,BALANCED,1,8,0.5,0.12248514592647552,0.8908803859267297,1064,17.0,965.1999999999999,1916.3999999999999,1899.3999999999999,948.1999999999999,2000,True
92,Fixed_50pct,10,BALANCED,1,8,0.5,0.1616399586200714,0.8608519297045482,1064,35.0,4770.0,5721.2,5686.2,4735.0,10000,True
92,Fixed_75pct,1,BALANCED,2,12,0.75,0.20018704235553741,0.8332034630513575,1580,286.0,8198.0,9562.0,9276.0,7912.0,13000,True
92,Fixed_75pct,2,BALANCED,2,12,0.75,0.10421734303236008,0.9056188134609783,1580,632.0,12290.0,13654.0,13022.0,11658.0,3000,False
92,Fixed_75pct,3,QUALITY_CRITICAL,2,12,0.75,0.7069146037101746,0.5858523899358441,1580,14.0,14.0,1378.0,1364.0,0.0,11000,True
92,Fixed_75pct,4,BALANCED,2,12,0.75,0.23323245346546173,0.8108771360905532,1580,327.0,10926.0,12290.0,11963.0,10599.0,5000,False
92,Fixed_75pct,5,BALANCED,2,12,0.75,0.4009797275066376,0.7137862028737044,1580,282.0,5470.0,6834.0,6552.0,5188.0,14000,True
92,Fixed_75pct,6,BANDWIDTH_EFFICIENT,2,12,0.75,0.6655703186988831,0.6003949450667349,1580,258.0,9562.0,10926.0,10668.0,9304.0,7000,False
92,Fixed_75pct,7,BANDWIDTH_EFFICIENT,2,12,0.75,0.09183058142662048,0.915893012168031,1580,143.0,6834.0,8198.0,8055.0,6691.0,10000,True
92,Fixed_75pct,8,BANDWIDTH_EFFICIENT,2,12,0.75,0.04992635175585747,0.9524477581952653,1580,337.0,2742.0,4106.0,3769.0,2405.0,12000,True
92,Fixed_75pct,9,BALANCED,2,12,0.75,0.05347868800163269,0.9492360988307437,1580,17.0,4106.0,5470.0,5453.0,4089.0,2000,False
92,Fixed_75pct,10,BALANCED,2,12,0.75,0.08818594366312027,0.9189605929237946,1580,35.0,1378.0,2742.0,2707.0,1343.0,10000,True
92,Fixed_100pct,1,BALANCED,3,16,1.0,0.09310775250196457,0.9148228961976946,2096,286.0,12451.599999999999,14228.399999999998,13942.399999999998,12165.599999999999,13000,False
92,Fixed_100pct,2,BALANCED,3,16,1.0,0.0483727753162384,0.9538591840086205,2096,632.0,1790.8,3567.6,2935.6,1158.8,3000,True
92,Fixed_100pct,3,QUALITY_CRITICAL,3,16,1.0,0.43669775128364563,0.696040624485234,2096,14.0,14.0,1790.8,1776.8,0.0,11000,True
92,Fixed_100pct,4,BALANCED,3,16,1.0,0.16462236642837524,0.8586474284078592,2096,327.0,14228.399999999998,16005.199999999997,15678.199999999997,13901.399999999998,5000,False
92,Fixed_100pct,5,BALANCED,3,16,1.0,0.21070414781570435,0.8259656182760694,2096,282.0,7121.2,8898.0,8616.0,6839.2,14000,True
92,Fixed_100pct,6,BANDWIDTH_EFFICIENT,3,16,1.0,0.3152468800544739,0.760313531371831,2096,258.0,10674.8,12451.599999999999,12193.599999999999,10416.8,7000,False
92,Fixed_100pct,7,BANDWIDTH_EFFICIENT,3,16,1.0,0.07440304011106491,0.9307494140156439,2096,143.0,8898.0,10674.8,10531.8,8755.0,10000,False
92,Fixed_100pct,8,BANDWIDTH_EFFICIENT,3,16,1.0,0.03504743054509163,0.9661392999868282,2096,337.0,16005.199999999997,17781.999999999996,17444.999999999996,15668.199999999997,12000,False
92,Fixed_100pct,9,BALANCED,3,16,1.0,0.04781151935458183,0.9543701147854986,2096,17.0,5344.4,7121.2,7104.2,5327.4,2000,False
92,Fixed_100pct,10,BALANCED,3,16,1.0,0.05435633659362793,0.9484459525616926,2096,35.0,3567.6,5344.4,5309.4,3532.6,10000,True
92,PPO_Raw,1,BALANCED,0,4,0.25,0.8028553128242493,0.5546756818956579,548,286.0,3244.4,3782.8,3496.8,2958.4,13000,True
92,PPO_Raw,2,BALANCED,0,4,0.25,0.47355180978775024,0.6786323991852309,548,632.0,4859.599999999999,5397.999999999999,4765.999999999999,4227.599999999999,3000,False
92,PPO_Raw,3,QUALITY_CRITICAL,0,4,0.25,2.602886199951172,0.2775552555652611,548,14.0,14.0,552.4,538.4,0.0,11000,True
92,PPO_Raw,4,BALANCED,0,4,0.25,1.4532655477523804,0.407619958188454,548,327.0,3782.8,4321.2,3994.2,3455.8,5000,True
92,PPO_Raw,5,BALANCED,0,4,0.25,1.2343876361846924,0.4475499164986164,548,282.0,2706.0,3244.4,2962.4,2424.0,14000,True
92,PPO_Raw,6,BANDWIDTH_EFFICIENT,0,4,0.25,1.6923364400863647,0.37142460545084105,548,258.0,2167.6,2706.0,2448.0,1909.6,7000,True
92,PPO_Raw,7,BANDWIDTH_EFFICIENT,0,4,0.25,0.522444486618042,0.6568383995539961,548,143.0,1629.1999999999998,2167.6,2024.6,1486.1999999999998,10000,True
92,PPO_Raw,8,BANDWIDTH_EFFICIENT,0,4,0.25,0.45796599984169006,0.6858870509384875,548,337.0,4321.2,4859.599999999999,4522.599999999999,3984.2,12000,True
92,PPO_Raw,9,BALANCED,0,4,0.25,0.6536450386047363,0.6047247000745398,548,17.0,552.4,1090.8,1073.8,535.4,2000,True
92,PPO_Raw,10,BALANCED,0,4,0.25,0.3978079855442047,0.7154058428208742,548,35.0,1090.8,1629.1999999999998,1594.1999999999998,1055.8,10000,True
92,PPO_Orchestrated,1,BALANCED,0,4,0.25,0.8028553128242493,0.5546756818956579,548,286.0,5021.2,5559.599999999999,5273.599999999999,4735.2,13000,True
92,PPO_Orchestrated,2,BALANCED,0,4,0.25,0.47355180978775024,0.6786323991852309,548,632.0,3406.0,3944.4,3312.4,2774.0,3000,False
92,PPO_Orchestrated,3,QUALITY_CRITICAL,2,12,0.75,0.7069146037101746,0.5858523899358441,1580,14.0,14.0,1378.0,1364.0,0.0,11000,True
92,PPO_Orchestrated,4,BALANCED,0,4,0.25,1.4532655477523804,0.407619958188454,548,327.0,6097.999999999999,6636.399999999999,6309.399999999999,5770.999999999999,5000,False
92,PPO_Orchestrated,5,BALANCED,0,4,0.25,1.2343876361846924,0.4475499164986164,548,282.0,4482.8,5021.2,4739.2,4200.8,14000,True
92,PPO_Orchestrated,6,BANDWIDTH_EFFICIENT,0,4,0.25,1.6923364400863647,0.37142460545084105,548,258.0,3944.4,4482.8,4224.8,3686.4,7000,True
92,PPO_Orchestrated,7,BANDWIDTH_EFFICIENT,0,4,0.25,0.522444486618042,0.6568383995539961,548,143.0,2867.6,3406.0,3263.0,2724.6,10000,True
92,PPO_Orchestrated,8,BANDWIDTH_EFFICIENT,0,4,0.25,0.45796599984169006,0.6858870509384875,548,337.0,5559.599999999999,6097.999999999999,5760.999999999999,5222.599999999999,12000,True
92,PPO_Orchestrated,9,BALANCED,1,8,0.5,0.12248514592647552,0.8908803859267297,1064,17.0,1378.0,2329.2,2312.2,1361.0,2000,False
92,PPO_Orchestrated,10,BALANCED,0,4,0.25,0.3978079855442047,0.7154058428208742,548,35.0,2329.2,2867.6,2832.6,2294.2,10000,True
93,Fixed_25pct,1,BALANCED,0,4,0.25,0.5809943675994873,0.6325133223076286,548,639.0,4312.2,4850.599999999999,4211.599999999999,3673.2,8000,True
93,Fixed_25pct,2,BALANCED,0,4,0.25,0.6256209015846252,0.6151495708656418,548,371.0,1620.1999999999998,2158.6,1787.6,1249.1999999999998,4000,True
93,Fixed_25pct,3,QUALITY_CRITICAL,0,4,0.25,0.6146954894065857,0.6193118185816624,548,5.0,5.0,543.4,538.4,0.0,12000,True
93,Fixed_25pct,4,BALANCED,0,4,0.25,0.5877034664154053,0.6298405345538,548,606.0,3773.8,4312.2,3706.2,3167.8,2000,False
93,Fixed_25pct,5,BALANCED,0,4,0.25,0.4160573482513428,0.7061860886035989,548,449.0,2158.6,2697.0,2248.0,1709.6,4000,True
93,Fixed_25pct,6,BALANCED,0,4,0.25,0.5685021877288818,0.63755091183389,548,56.0,543.4,1081.8,1025.8,487.4,10000,True
93,Fixed_25pct,7,QUALITY_CRITICAL,0,4,0.25,0.5012163519859314,0.6661265038028119,548,188.0,1081.8,1620.1999999999998,1432.1999999999998,893.8,11000,True
93,Fixed_25pct,8,BALANCED,0,4,0.25,0.520399272441864,0.6577219669369694,548,583.0,3235.4,3773.8,3190.8,2652.4,7000,True
93,Fixed_25pct,9,BANDWIDTH_EFFICIENT,0,4,0.25,2.461940050125122,0.2888553774823044,548,571.0,2697.0,3235.4,2664.4,2126.0,3000,True
93,Fixed_25pct,10,LATENCY_CRITICAL,0,4,0.25,1.0693961381912231,0.48323275642819175,548,875.0,4850.599999999999,5388.999999999999,4513.999999999999,3975.5999999999995,5000,True
93,Fixed_50pct,1,BALANCED,1,8,0.5,0.4106374680995941,0.7088993611854054,1064,639.0,6663.4,7614.599999999999,6975.599999999999,6024.4,8000,True
93,Fixed_50pct,2,BALANCED,1,8,0.5,0.37194815278053284,0.7288905181826996,1064,371.0,1907.3999999999999,2858.6,2487.6,1536.3999999999999,4000,True
93,Fixed_50pct,3,QUALITY_CRITICAL,1,8,0.5,0.2539239823818207,0.7974965101955434,1064,5.0,5.0,956.1999999999999,951.1999999999999,0.0,12000,True
93,Fixed_50pct,4,BALANCED,1,8,0.5,0.26371702551841736,0.7913163942614193,1064,606.0,8565.8,9517.0,8911.0,7959.799999999999,2000,False
93,Fixed_50pct,5,BALANCED,1,8,0.5,0.23340079188346863,0.8107664650295439,1064,449.0,956.1999999999999,1907.3999999999999,1458.3999999999999,507.19999999999993,4000,True
93,Fixed_50pct,6,BALANCED,1,8,0.5,0.2408333569765091,0.8059099913598886,1064,56.0,5712.2,6663.4,6607.4,5656.2,10000,True
93,Fixed_50pct,7,QUALITY_CRITICAL,1,8,0.5,0.21124862134456635,0.8255943349515921,1064,188.0,7614.599999999999,8565.8,8377.8,7426.599999999999,11000,True
93,Fixed_50pct,8,BALANCED,1,8,0.5,0.18002179265022278,0.8474419762656162,1064,583.0,3809.7999999999997,4761.0,4178.0,3226.7999999999997,7000,True
93,Fixed_50pct,9,BANDWIDTH_EFFICIENT,1,8,0.5,0.9692381024360657,0.5078106089674682,1064,571.0,2858.6,3809.7999999999997,3238.7999999999997,2287.6,3000,False
93,Fixed_50pct,10,LATENCY_CRITICAL,1,8,0.5,0.414935827255249,0.7067458330883043,1064,875.0,4761.0,5712.2,4837.2,3886.0,5000,True
93,Fixed_75pct,1,BALANCED,2,12,0.75,0.15782487392425537,0.8636884752792241,1580,639.0,12281.0,13645.0,13006.0,11642.0,8000,False
93,Fixed_75pct,2,BALANCED,2,12,0.75,0.21348847448825836,0.8240704555696017,1580,371.0,4097.0,5461.0,5090.0,3726.0,4000,False
93,Fixed_75pct,3,QUALITY_CRITICAL,2,12,0.75,0.15810264647006989,0.8634813183857482,1580,5.0,5.0,1369.0,1364.0,0.0,12000,True
93,Fixed_75pct,4,BALANCED,2,12,0.75,0.1202949732542038,0.8926220538999884,1580,606.0,9553.0,10917.0,10311.0,8947.0,2000,False
93,Fixed_75pct,5,BALANCED,2,12,0.75,0.0668327659368515,0.9373540370423835,1580,449.0,8189.0,9553.0,9104.0,7740.0,4000,False
93,Fixed_75pct,6,BALANCED,2,12,0.75,0.05354110151529312,0.9491798645175915,1580,56.0,5461.0,6825.0,6769.0,5405.0,10000,True
93,Fixed_75pct,7,QUALITY_CRITICAL,2,12,0.75,0.12859505414962769,0.8860574005912853,1580,188.0,6825.0,8189.0,8001.0,6637.0,11000,True
93,Fixed_75pct,8,BALANCED,2,12,0.75,0.0847683995962143,0.9218557623657107,1580,583.0,10917.0,12281.0,11698.0,10334.0,7000,False
93,Fixed_75pct,9,BANDWIDTH_EFFICIENT,2,12,0.75,0.5560578107833862,0.6426496451931674,1580,571.0,2733.0,4097.0,3526.0,2162.0,3000,False
93,Fixed_75pct,10,LATENCY_CRITICAL,2,12,0.75,0.20082436501979828,0.8327612506292814,1580,875.0,1369.0,2733.0,1858.0,494.0,5000,True
93,Fixed_100pct,1,BALANCED,3,16,1.0,0.08157819509506226,0.9245748523176429,2096,639.0,15996.199999999997,17772.999999999996,17133.999999999996,15357.199999999997,8000,False
93,Fixed_100pct,2,BALANCED,3,16,1.0,0.1494729071855545,0.869963958044445,2096,371.0,8889.0,10665.8,10294.8,8518.0,4000,False
93,Fixed_100pct,3,QUALITY_CRITICAL,3,16,1.0,0.09496297687292099,0.913272887870489,2096,5.0,5.0,1781.8,1776.8,0.0,12000,True
93,Fixed_100pct,4,BALANCED,3,16,1.0,0.07892630249261856,0.9268473645416958,2096,606.0,14219.399999999998,15996.199999999997,15390.199999999997,13613.399999999998,2000,False
93,Fixed_100pct,5,BALANCED,3,16,1.0,0.024976802989840508,0.9756318358454712,2096,449.0,10665.8,12442.599999999999,11993.599999999999,10216.8,4000,False
93,Fixed_100pct,6,BALANCED,3,16,1.0,0.02479446306824684,0.9758054283451025,2096,56.0,5335.4,7112.2,7056.2,5279.4,10000,True
93,Fixed_100pct,7,QUALITY_CRITICAL,3,16,1.0,0.09077277034521103,0.9167812281228078,2096,188.0,7112.2,8889.0,8701.0,6924.2,11000,True
93,Fixed_100pct,8,BALANCED,3,16,1.0,0.041964493691921234,0.9597256010680063,2096,583.0,12442.599999999999,14219.399999999998,13636.399999999998,11859.599999999999,7000,False
93,Fixed_100pct,9,BANDWIDTH_EFFICIENT,3,16,1.0,0.3044445514678955,0.7666098178528914,2096,571.0,3558.6,5335.4,4764.4,2987.6,3000,False
93,Fixed_100pct,10,LATENCY_CRITICAL,3,16,1.0,0.13295307755470276,0.8826490874258794,2096,875.0,1781.8,3558.6,2683.6,906.8,5000,True
93,PPO_Raw,1,BALANCED,0,4,0.25,0.5809943675994873,0.6325133223076286,548,639.0,3773.8,4312.2,3673.2,3134.8,8000,True
93,PPO_Raw,2,BALANCED,0,4,0.25,0.6256209015846252,0.6151495708656418,548,371.0,1620.1999999999998,2158.6,1787.6,1249.1999999999998,4000,True
93,PPO_Raw,3,QUALITY_CRITICAL,0,4,0.25,0.6146954894065857,0.6193118185816624,548,5.0,5.0,543.4,538.4,0.0,12000,True
93,PPO_Raw,4,BALANCED,0,4,0.25,0.5877034664154053,0.6298405345538,548,606.0,4312.2,4850.599999999999,4244.599999999999,3706.2,2000,False
93,PPO_Raw,5,BALANCED,0,4,0.25,0.4160573482513428,0.7061860886035989,548,449.0,2158.6,2697.0,2248.0,1709.6,4000,True
93,PPO_Raw,6,BALANCED,0,4,0.25,0.5685021877288818,0.63755091183389,548,56.0,543.4,1081.8,1025.8,487.4,10000,True
93,PPO_Raw,7,QUALITY_CRITICAL,0,4,0.25,0.5012163519859314,0.6661265038028119,548,188.0,1081.8,1620.1999999999998,1432.1999999999998,893.8,11000,True
93,PPO_Raw,8,BALANCED,0,4,0.25,0.520399272441864,0.6577219669369694,548,583.0,3235.4,3773.8,3190.8,2652.4,7000,True
93,PPO_Raw,9,BANDWIDTH_EFFICIENT,0,4,0.25,2.461940050125122,0.2888553774823044,548,571.0,2697.0,3235.4,2664.4,2126.0,3000,True
93,PPO_Raw,10,LATENCY_CRITICAL,1,8,0.5,0.414935827255249,0.7067458330883043,1064,875.0,4850.599999999999,5801.799999999999,4926.799999999999,3975.5999999999995,5000,True
93,PPO_Orchestrated,1,BALANCED,0,4,0.25,0.5809943675994873,0.6325133223076286,548,639.0,3522.6000000000004,4061.0000000000005,3422.0000000000005,2883.6000000000004,8000,True
93,PPO_Orchestrated,2,BALANCED,0,4,0.25,0.6256209015846252,0.6151495708656418,548,371.0,5550.6,6089.0,5718.0,5179.6,4000,False
93,PPO_Orchestrated,3,QUALITY_CRITICAL,2,12,0.75,0.15810264647006989,0.8634813183857482,1580,5.0,5.0,1369.0,1364.0,0.0,12000,True
93,PPO_Orchestrated,4,BALANCED,0,4,0.25,0.5877034664154053,0.6298405345538,548,606.0,5012.200000000001,5550.6,4944.6,4406.200000000001,2000,False
93,PPO_Orchestrated,5,BALANCED,0,4,0.25,0.4160573482513428,0.7061860886035989,548,449.0,1369.0,1907.4,1458.4,920.0,4000,True
93,PPO_Orchestrated,6,BALANCED,0,4,0.25,0.5685021877288818,0.63755091183389,548,56.0,2445.8,2984.2000000000003,2928.2000000000003,2389.8,10000,True
93,PPO_Orchestrated,7,QUALITY_CRITICAL,2,12,0.75,0.12859505414962769,0.8860574005912853,1580,188.0,6089.0,7453.0,7265.0,5901.0,11000,True
93,PPO_Orchestrated,8,BALANCED,0,4,0.25,0.520399272441864,0.6577219669369694,548,583.0,2984.2000000000003,3522.6000000000004,2939.6000000000004,2401.2000000000003,7000,True
93,PPO_Orchestrated,9,BANDWIDTH_EFFICIENT,0,4,0.25,2.461940050125122,0.2888553774823044,548,571.0,1907.4,2445.8,1874.8000000000002,1336.4,3000,True
93,PPO_Orchestrated,10,LATENCY_CRITICAL,1,8,0.5,0.414935827255249,0.7067458330883043,1064,875.0,4061.0000000000005,5012.200000000001,4137.200000000001,3186.0000000000005,5000,True
94,Fixed_25pct,1,LATENCY_CRITICAL,0,4,0.25,0.5149741172790527,0.6600772835618046,548,739.0,3540.4,4078.8,3339.8,2801.4,13000,True
94,Fixed_25pct,2,BALANCED,0,4,0.25,0.7950396537780762,0.5570907572405259,548,605.0,2463.6,3002.0,2397.0,1858.6,13000,True
94,Fixed_25pct,3,QUALITY_CRITICAL,0,4,0.25,0.7582005262374878,0.5687633378997895,548,318.0,848.4,1386.8,1068.8,530.4,7000,True
94,Fixed_25pct,4,QUALITY_CRITICAL,0,4,0.25,0.9634668231010437,0.5093032325448863,548,808.0,5155.599999999999,5693.999999999999,4885.999999999999,4347.599999999999,14000,True
94,Fixed_25pct,5,QUALITY_CRITICAL,0,4,0.25,0.6250836253166199,0.6153529482553041,548,768.0,4078.8,4617.2,3849.2,3310.8,12000,True
94,Fixed_25pct,6,BALANCED,0,4,0.25,0.3265148103237152,0.753855133932478,548,384.0,1386.8,1925.1999999999998,1541.1999999999998,1002.8,13000,True
94,Fixed_25pct,7,BALANCED,0,4,0.25,0.7398683428764343,0.5747561326087189,548,433.0,1925.1999999999998,2463.6,2030.6,1492.1999999999998,3000,True
94,Fixed_25pct,8,BANDWIDTH_EFFICIENT,0,4,0.25,0.6174433827400208,0.6182596625459345,548,310.0,310.0,848.4,538.4,0.0,13000,True
94,Fixed_25pct,9,BALANCED,0,4,0.25,0.37897148728370667,0.7251781557643346,548,777.0,4617.2,5155.599999999999,4378.599999999999,3840.2,7000,True
94,Fixed_25pct,10,LATENCY_CRITICAL,0,4,0.25,1.451786994934082,0.40786577384830514,548,717.0,3002.0,3540.4,2823.4,2285.0,13000,True
94,Fixed_50pct,1,LATENCY_CRITICAL,1,8,0.5,0.22370660305023193,0.817189347109334,1064,739.0,7919.5999999999985,8870.8,8131.799999999999,7180.5999999999985,13000,True
94,Fixed_50pct,2,BALANCED,1,8,0.5,0.4510439932346344,0.6891589811628127,1064,605.0,1261.1999999999998,2212.3999999999996,1607.3999999999996,656.1999999999998,13000,True
94,Fixed_50pct,3,QUALITY_CRITICAL,1,8,0.5,0.14811351895332336,0.8709940119089,1064,318.0,8870.8,9822.0,9504.0,8552.8,7000,False
94,Fixed_50pct,4,QUALITY_CRITICAL,1,8,0.5,0.33431315422058105,0.7494492554741656,1064,808.0,2212.3999999999996,3163.5999999999995,2355.5999999999995,1404.3999999999996,14000,True
94,Fixed_50pct,5,QUALITY_CRITICAL,1,8,0.5,0.33079981803894043,0.7514278153972058,1064,768.0,6017.199999999999,6968.399999999999,6200.399999999999,5249.199999999999,12000,True
94,Fixed_50pct,6,BALANCED,1,8,0.5,0.22344394028186798,0.8173647905515075,1064,384.0,5065.999999999999,6017.199999999999,5633.199999999999,4681.999999999999,13000,True
94,Fixed_50pct,7,BALANCED,1,8,0.5,0.28689682483673096,0.7770630719575132,1064,433.0,3163.5999999999995,4114.799999999999,3681.7999999999993,2730.5999999999995,3000,False
94,Fixed_50pct,8,BANDWIDTH_EFFICIENT,1,8,0.5,0.2513841688632965,0.7991151117952506,1064,310.0,310.0,1261.1999999999998,951.1999999999998,0.0,13000,True
94,Fixed_50pct,9,BALANCED,1,8,0.5,0.1834278106689453,0.8450029574974576,1064,777.0,4114.799999999999,5065.999999999999,4288.999999999999,3337.7999999999993,7000,True
94,Fixed_50pct,10,LATENCY_CRITICAL,1,8,0.5,0.8474568724632263,0.5412846247754046,1064,717.0,6968.399999999999,7919.5999999999985,7202.5999999999985,6251.399999999999,13000,True
94,Fixed_75pct,1,LATENCY_CRITICAL,2,12,0.75,0.07045914232730865,0.9341785785731888,1580,739.0,11222.0,12586.0,11847.0,10483.0,13000,True
94,Fixed_75pct,2,BALANCED,2,12,0.75,0.14707553386688232,0.8717821716839526,1580,605.0,4402.0,5766.0,5161.0,3797.0,13000,True
94,Fixed_75pct,3,QUALITY_CRITICAL,2,12,0.75,0.05726361274719238,0.9458379045142784,1580,318.0,12586.0,13950.0,13632.0,12268.0,7000,False
94,Fixed_75pct,4,QUALITY_CRITICAL,2,12,0.75,0.10328363627195358,0.9063852368725835,1580,808.0,5766.0,7130.0,6322.0,4958.0,14000,True
94,Fixed_75pct,5,QUALITY_CRITICAL,2,12,0.75,0.17630361020565033,0.8501206587516742,1580,768.0,8494.0,9858.0,9090.0,7726.0,12000,True
94,Fixed_75pct,6,BALANCED,2,12,0.75,0.1238735243678093,0.8897798358249525,1580,384.0,7130.0,8494.0,8110.0,6746.0,13000,True
94,Fixed_75pct,7,BALANCED,2,12,0.75,0.17181217670440674,0.8533790823136779,1580,433.0,1674.0,3038.0,2605.0,1241.0,3000,True
94,Fixed_75pct,8,BANDWIDTH_EFFICIENT,2,12,0.75,0.12626609206199646,0.887889644417133,1580,310.0,310.0,1674.0,1364.0,0.0,13000,True
94,Fixed_75pct,9,BALANCED,2,12,0.75,0.0926724299788475,0.9151873631691783,1580,777.0,3038.0,4402.0,3625.0,2261.0,7000,True
94,Fixed_75pct,10,LATENCY_CRITICAL,2,12,0.75,0.5629394054412842,0.6398200701310346,1580,717.0,9858.0,11222.0,10505.0,9141.0,13000,True
94,Fixed_100pct,1,LATENCY_CRITICAL,3,16,1.0,0.04365440458059311,0.958171589762862,2096,739.0,7417.200000000001,9194.0,8455.0,6678.200000000001,13000,True
94,Fixed_100pct,2,BALANCED,3,16,1.0,0.07932203263044357,0.9265075387767951,2096,605.0,3863.6000000000004,5640.400000000001,5035.400000000001,3258.6000000000004,13000,True
94,Fixed_100pct,3,QUALITY_CRITICAL,3,16,1.0,0.029598254710435867,0.9712526176350599,2096,318.0,5640.400000000001,7417.200000000001,7099.200000000001,5322.400000000001,7000,False
94,Fixed_100pct,4,QUALITY_CRITICAL,3,16,1.0,0.04979206994175911,0.9525695884285719,2096,808.0,16301.199999999997,18077.999999999996,17269.999999999996,15493.199999999997,14000,False
94,Fixed_100pct,5,QUALITY_CRITICAL,3,16,1.0,0.110003761947155,0.9008978476305451,2096,768.0,12747.599999999999,14524.399999999998,13756.399999999998,11979.599999999999,12000,False
94,Fixed_100pct,6,BALANCED,3,16,1.0,0.027678219601511955,0.9730672314800597,2096,384.0,9194.0,10970.8,10586.8,8810.0,13000,True
94,Fixed_100pct,7,BALANCED,3,16,1.0,0.11526554822921753,0.8966474411298435,2096,433.0,2086.8,3863.6000000000004,3430.6000000000004,1653.8000000000002,3000,False
94,Fixed_100pct,8,BANDWIDTH_EFFICIENT,3,16,1.0,0.07186709344387054,0.9329514882176632,2096,310.0,310.0,2086.8,1776.8000000000002,0.0,13000,True
94,Fixed_100pct,9,BALANCED,3,16,1.0,0.054895300418138504,0.9479613755067644,2096,777.0,14524.399999999998,16301.199999999997,15524.199999999997,13747.399999999998,7000,False
94,Fixed_100pct,10,LATENCY_CRITICAL,3,16,1.0,0.2647217810153961,0.7906877346550787,2096,717.0,10970.8,12747.599999999999,12030.599999999999,10253.8,13000,True
94,PPO_Raw,1,LATENCY_CRITICAL,0,4,0.25,0.5149741172790527,0.6600772835618046,548,739.0,6268.4,6806.799999999999,6067.799999999999,5529.4,13000,True
94,PPO_Raw,2,BALANCED,1,8,0.5,0.4510439932346344,0.6891589811628127,1064,605.0,848.4,1799.6,1194.6,243.39999999999998,13000,True
94,PPO_Raw,3,QUALITY_CRITICAL,2,12,0.75,0.05726361274719238,0.9458379045142784,1580,318.0,6806.799999999999,8170.799999999999,7852.799999999999,6488.799999999999,7000,False
94,PPO_Raw,4,QUALITY_CRITICAL,1,8,0.5,0.33431315422058105,0.7494492554741656,1064,808.0,1799.6,2750.7999999999997,1942.7999999999997,991.5999999999999,14000,True
94,PPO_Raw,5,QUALITY_CRITICAL,2,12,0.75,0.17630361020565033,0.8501206587516742,1580,768.0,3827.6,5191.6,4423.6,3059.6,12000,True
94,PPO_Raw,6,BALANCED,0,4,0.25,0.3265148103237152,0.753855133932478,548,384.0,3289.2,3827.6,3443.6,2905.2,13000,True
94,PPO_Raw,7,BALANCED,0,4,0.25,0.7398683428764343,0.5747561326087189,548,433.0,2750.7999999999997,3289.2,2856.2,2317.7999999999997,3000,True
94,PPO_Raw,8,BANDWIDTH_EFFICIENT,0,4,0.25,0.6174433827400208,0.6182596625459345,548,310.0,310.0,848.4,538.4,0.0,13000,True
94,PPO_Raw,9,BALANCED,0,4,0.25,0.37897148728370667,0.7251781557643346,548,777.0,5191.6,5730.0,4953.0,4414.6,7000,True
94,PPO_Raw,10,LATENCY_CRITICAL,0,4,0.25,1.451786994934082,0.40786577384830514,548,717.0,5730.0,6268.4,5551.4,5013.0,13000,True
94,PPO_Orchestrated,1,LATENCY_CRITICAL,0,4,0.25,0.5149741172790527,0.6600772835618046,548,739.0,7093.999999999999,7632.399999999999,6893.399999999999,6354.999999999999,13000,True
94,PPO_Orchestrated,2,BALANCED,1,8,0.5,0.4510439932346344,0.6891589811628127,1064,605.0,848.4,1799.6,1194.6,243.39999999999998,13000,True
94,PPO_Orchestrated,3,QUALITY_CRITICAL,2,12,0.75,0.05726361274719238,0.9458379045142784,1580,318.0,7632.399999999999,8996.399999999998,8678.399999999998,7314.399999999999,7000,False
94,PPO_Orchestrated,4,QUALITY_CRITICAL,2,12,0.75,0.10328363627195358,0.9063852368725835,1580,808.0,1799.6,3163.6,2355.6,991.5999999999999,14000,True
94,PPO_Orchestrated,5,QUALITY_CRITICAL,2,12,0.75,0.17630361020565033,0.8501206587516742,1580,768.0,4653.2,6017.2,5249.2,3885.2,12000,True
94,PPO_Orchestrated,6,BALANCED,1,8,0.5,0.22344394028186798,0.8173647905515075,1064,384.0,3702.0,4653.2,4269.2,3318.0,13000,True
94,PPO_Orchestrated,7,BALANCED,0,4,0.25,0.7398683428764343,0.5747561326087189,548,433.0,3163.6,3702.0,3269.0,2730.6,3000,False
94,PPO_Orchestrated,8,BANDWIDTH_EFFICIENT,0,4,0.25,0.6174433827400208,0.6182596625459345,548,310.0,310.0,848.4,538.4,0.0,13000,True
94,PPO_Orchestrated,9,BALANCED,0,4,0.25,0.37897148728370667,0.7251781557643346,548,777.0,6017.2,6555.599999999999,5778.599999999999,5240.2,7000,True
94,PPO_Orchestrated,10,LATENCY_CRITICAL,0,4,0.25,1.451786994934082,0.40786577384830514,548,717.0,6555.599999999999,7093.999999999999,6376.999999999999,5838.599999999999,13000,True
95,Fixed_25pct,1,BANDWIDTH_EFFICIENT,0,4,0.25,0.9782412648200989,0.5054995150406691,548,841.0,3855.8,4394.2,3553.2,3014.8,15000,True
95,Fixed_25pct,2,LATENCY_CRITICAL,0,4,0.25,0.5276684761047363,0.6545922859845937,548,923.0,4932.599999999999,5470.999999999999,4547.999999999999,4009.5999999999995,7000,True
95,Fixed_25pct,3,QUALITY_CRITICAL,0,4,0.25,0.8305056095123291,0.5462971513462956,548,840.0,3317.4,3855.8,3015.8,2477.4,14000,True
95,Fixed_25pct,4,QUALITY_CRITICAL,0,4,0.25,0.5486192107200623,0.6457365329563679,548,625.0,1702.1999999999998,2240.6,1615.6,1077.1999999999998,15000,True
95,Fixed_25pct,5,QUALITY_CRITICAL,0,4,0.25,0.9002547264099121,0.5262452375999436,548,233.0,625.4,1163.8,930.8,392.4,13000,True
95,Fixed_25pct,6,BALANCED,0,4,0.25,0.7453370094299316,0.5729552485262567,548,382.0,1163.8,1702.1999999999998,1320.1999999999998,781.8,4000,True
95,Fixed_25pct,7,BALANCED,0,4,0.25,0.5153985023498535,0.6598924299115707,548,719.0,2779.0,3317.4,2598.4,2060.0,3000,True
95,Fixed_25pct,8,BALANCED,0,4,0.25,0.49418267607688904,0.6692622100435469,548,713.0,2240.6,2779.0,2066.0,1527.6,10000,True
95,Fixed_25pct,9,QUALITY_CRITICAL,0,4,0.25,2.7851274013519287,0.26419190002503784,548,845.0,4394.2,4932.599999999999,4087.5999999999995,3549.2,8000,True
95,Fixed_25pct,10,QUALITY_CRITICAL,0,4,0.25,0.754126787185669,0.570084219285201,548,87.0,87.0,625.4,538.4,0.0,6000,True
95,Fixed_50pct,1,BANDWIDTH_EFFICIENT,1,8,0.5,0.5834755301475525,0.6315222312951165,1064,841.0,7696.5999999999985,8647.8,7806.799999999999,6855.5999999999985,15000,True
95,Fixed_50pct,2,LATENCY_CRITICAL,1,8,0.5,0.29048699140548706,0.774901263367937,1064,923.0,8647.8,9599.0,8676.0,7724.799999999999,7000,False
95,Fixed_50pct,3,QUALITY_CRITICAL,1,8,0.5,0.4455818235874176,0.6917629868355409,1064,840.0,6745.399999999999,7696.5999999999985,6856.5999999999985,5905.399999999999,14000,True
95,Fixed_50pct,4,QUALITY_CRITICAL,1,8,0.5,0.18799841403961182,0.8417519654758198,1064,625.0,5794.199999999999,6745.399999999999,6120.399999999999,5169.199999999999,15000,True
95,Fixed_50pct,5,QUALITY_CRITICAL,1,8,0.5,0.5068739652633667,0.6636255075421806,1064,233.0,3891.7999999999993,4842.999999999999,4609.999999999999,3658.7999999999993,13000,True
95,Fixed_50pct,6,BALANCED,1,8,0.5,0.4333917200565338,0.6976460000484441,1064,382.0,2940.5999999999995,3891.7999999999993,3509.7999999999993,2558.5999999999995,4000,True
95,Fixed_50pct,7,BALANCED,1,8,0.5,0.2671535611152649,0.7891703347460635,1064,719.0,1989.3999999999996,2940.5999999999995,2221.5999999999995,1270.3999999999996,3000,True
95,Fixed_50pct,8,BALANCED,1,8,0.5,0.30233609676361084,0.7678509429977902,1064,713.0,1038.1999999999998,1989.3999999999996,1276.3999999999996,325.1999999999998,10000,True
95,Fixed_50pct,9,QUALITY_CRITICAL,1,8,0.5,1.9870151281356812,0.3347823687200878,1064,845.0,4842.999999999999,5794.199999999999,4949.199999999999,3997.999999999999,8000,True
95,Fixed_50pct,10,QUALITY_CRITICAL,1,8,0.5,0.4429652988910675,0.6930173586076599,1064,87.0,87.0,1038.1999999999998,951.1999999999998,0.0,6000,True
95,Fixed_75pct,1,BANDWIDTH_EFFICIENT,2,12,0.75,0.24840112030506134,0.8010245935662397,1580,841.0,9635.0,10999.0,10158.0,8794.0,15000,True
95,Fixed_75pct,2,LATENCY_CRITICAL,2,12,0.75,0.13886825740337372,0.8780646870253508,1580,923.0,12363.0,13727.0,12804.0,11440.0,7000,False
95,Fixed_75pct,3,QUALITY_CRITICAL,2,12,0.75,0.2409072369337082,0.8058620098557956,1580,840.0,8271.0,9635.0,8795.0,7431.0,14000,True
95,Fixed_75pct,4,QUALITY_CRITICAL,2,12,0.75,0.10759282112121582,0.9028588673838643,1580,625.0,6907.0,8271.0,7646.0,6282.0,15000,True
95,Fixed_75pct,5,QUALITY_CRITICAL,2,12,0.75,0.2934112250804901,0.7731493129246417,1580,233.0,5543.0,6907.0,6674.0,5310.0,13000,True
95,Fixed_75pct,6,BALANCED,2,12,0.75,0.2846543490886688,0.7784195030432879,1580,382.0,1451.0,2815.0,2433.0,1069.0,4000,True
95,Fixed_75pct,7,BALANCED,2,12,0.75,0.1417875438928604,0.8758196788437157,1580,719.0,4179.0,5543.0,4824.0,3460.0,3000,False
95,Fixed_75pct,8,BALANCED,2,12,0.75,0.13440865278244019,0.8815165483331187,1580,713.0,2815.0,4179.0,3466.0,2102.0,10000,True
95,Fixed_75pct,9,QUALITY_CRITICAL,2,12,0.75,0.738198459148407,0.5753082996575251,1580,845.0,10999.0,12363.0,11518.0,10154.0,8000,False
95,Fixed_75pct,10,QUALITY_CRITICAL,2,12,0.75,0.3344231843948364,0.7493874594613716,1580,87.0,87.0,1451.0,1364.0,0.0,6000,True
95,Fixed_100pct,1,BANDWIDTH_EFFICIENT,3,16,1.0,0.0773480013012886,0.9282051842043028,2096,841.0,12524.599999999999,14301.399999999998,13460.399999999998,11683.599999999999,15000,True
95,Fixed_100pct,2,LATENCY_CRITICAL,3,16,1.0,0.07009629160165787,0.9344953420063331,2096,923.0,8971.0,10747.8,9824.8,8048.0,7000,False
95,Fixed_100pct,3,QUALITY_CRITICAL,3,16,1.0,0.19027599692344666,0.8401412803288812,2096,840.0,10747.8,12524.599999999999,11684.599999999999,9907.8,14000,True
95,Fixed_100pct,4,QUALITY_CRITICAL,3,16,1.0,0.05900266766548157,0.9442846845744497,2096,625.0,1863.8,3640.6,3015.6,1238.8,15000,True
95,Fixed_100pct,5,QUALITY_CRITICAL,3,16,1.0,0.1466590315103531,0.8720988301839151,2096,233.0,7194.2,8971.0,8738.0,6961.2,13000,True
95,Fixed_100pct,6,BALANCED,3,16,1.0,0.20097669959068298,0.8326556213295563,2096,382.0,14301.399999999998,16078.199999999997,15696.199999999997,13919.399999999998,4000,False
95,Fixed_100pct,7,BALANCED,3,16,1.0,0.07253927737474442,0.9323667870212652,2096,719.0,5417.4,7194.2,6475.2,4698.4,3000,False
95,Fixed_100pct,8,BALANCED,3,16,1.0,0.11923935264348984,0.8934639383775572,2096,713.0,3640.6,5417.4,4704.4,2927.6,10000,True
95,Fixed_100pct,9,QUALITY_CRITICAL,3,16,1.0,0.36287248134613037,0.7337443625043221,2096,845.0,16078.199999999997,17854.999999999996,17009.999999999996,15233.199999999997,8000,False
95,Fixed_100pct,10,QUALITY_CRITICAL,3,16,1.0,0.23259085416793823,0.8112992211637422,2096,87.0,87.0,1863.8,1776.8,0.0,6000,True
95,PPO_Raw,1,BANDWIDTH_EFFICIENT,0,4,0.25,0.9782412648200989,0.5054995150406691,548,841.0,5632.599999999999,6170.999999999999,5329.999999999999,4791.599999999999,15000,True
95,PPO_Raw,2,LATENCY_CRITICAL,1,8,0.5,0.29048699140548706,0.774901263367937,1064,923.0,6170.999999999999,7122.199999999999,6199.199999999999,5247.999999999999,7000,True
95,PPO_Raw,3,QUALITY_CRITICAL,1,8,0.5,0.4455818235874176,0.6917629868355409,1064,840.0,4143.0,5094.2,4254.2,3303.0,14000,True
95,PPO_Raw,4,QUALITY_CRITICAL,0,4,0.25,0.5486192107200623,0.6457365329563679,548,625.0,2653.4,3191.8,2566.8,2028.4,15000,True
95,PPO_Raw,5,QUALITY_CRITICAL,1,8,0.5,0.5068739652633667,0.6636255075421806,1064,233.0,625.4,1576.6,1343.6,392.4,13000,True
95,PPO_Raw,6,BALANCED,0,4,0.25,0.7453370094299316,0.5729552485262567,548,382.0,2115.0,2653.4,2271.4,1733.0,4000,True
95,PPO_Raw,7,BALANCED,0,4,0.25,0.5153985023498535,0.6598924299115707,548,719.0,1576.6,2115.0,1396.0,857.5999999999999,3000,True
95,PPO_Raw,8,BALANCED,1,8,0.5,0.30233609676361084,0.7678509429977902,1064,713.0,3191.8,4143.0,3430.0,2478.8,10000,True
95,PPO_Raw,9,QUALITY_CRITICAL,0,4,0.25,2.7851274013519287,0.26419190002503784,548,845.0,5094.2,5632.599999999999,4787.599999999999,4249.2,8000,True
95,PPO_Raw,10,QUALITY_CRITICAL,0,4,0.25,0.754126787185669,0.570084219285201,548,87.0,87.0,625.4,538.4,0.0,6000,True
95,PPO_Orchestrated,1,BANDWIDTH_EFFICIENT,0,4,0.25,0.9782412648200989,0.5054995150406691,548,841.0,8935.0,9473.4,8632.4,8094.0,15000,True
95,PPO_Orchestrated,2,LATENCY_CRITICAL,1,8,0.5,0.29048699140548706,0.774901263367937,1064,923.0,6619.799999999999,7570.999999999999,6647.999999999999,5696.799999999999,7000,True
95,PPO_Orchestrated,3,QUALITY_CRITICAL,2,12,0.75,0.2409072369337082,0.8058620098557956,1580,840.0,9473.4,10837.4,9997.4,8633.4,14000,True
95,PPO_Orchestrated,4,QUALITY_CRITICAL,2,12,0.75,0.10759282112121582,0.9028588673838643,1580,625.0,7570.999999999999,8935.0,8310.0,6945.999999999999,15000,True
95,PPO_Orchestrated,5,QUALITY_CRITICAL,2,12,0.75,0.2934112250804901,0.7731493129246417,1580,233.0,3891.7999999999997,5255.799999999999,5022.799999999999,3658.7999999999997,13000,True
95,PPO_Orchestrated,6,BALANCED,1,8,0.5,0.4333917200565338,0.6976460000484441,1064,382.0,1451.0,2402.2,2020.1999999999998,1069.0,4000,True
95,PPO_Orchestrated,7,BALANCED,0,4,0.25,0.5153985023498535,0.6598924299115707,548,719.0,2402.2,2940.6,2221.6,1683.1999999999998,3000,True
95,PPO_Orchestrated,8,BALANCED,1,8,0.5,0.30233609676361084,0.7678509429977902,1064,713.0,2940.6,3891.7999999999997,3178.7999999999997,2227.6,10000,True
95,PPO_Orchestrated,9,QUALITY_CRITICAL,2,12,0.75,0.738198459148407,0.5753082996575251,1580,845.0,5255.799999999999,6619.799999999999,5774.799999999999,4410.799999999999,8000,True
95,PPO_Orchestrated,10,QUALITY_CRITICAL,2,12,0.75,0.3344231843948364,0.7493874594613716,1580,87.0,87.0,1451.0,1364.0,0.0,6000,True
96,Fixed_25pct,1,BALANCED,0,4,0.25,0.5637405514717102,0.6394922732283516,548,786.0,3799.8,4338.2,3552.2,3013.8,10000,True
96,Fixed_25pct,2,BANDWIDTH_EFFICIENT,0,4,0.25,0.6911349296569824,0.5913188725886188,548,70.0,569.4,1107.8,1037.8,499.4,14000,True
96,Fixed_25pct,3,BALANCED,0,4,0.25,0.47066888213157654,0.679962710947285,548,31.0,31.0,569.4,538.4,0.0,7000,True
96,Fixed_25pct,4,BALANCED,0,4,0.25,0.7782848477363586,0.5623396056446948,548,168.0,1107.8,1646.1999999999998,1478.1999999999998,939.8,14000,True
96,Fixed_25pct,5,BALANCED,0,4,0.25,0.6072104573249817,0.6221960512031423,548,600.0,2723.0,3261.4,2661.4,2123.0,4000,True
96,Fixed_25pct,6,BALANCED,0,4,0.25,1.0372976064682007,0.4908463038611088,548,180.0,1646.1999999999998,2184.6,2004.6,1466.1999999999998,11000,True
96,Fixed_25pct,7,BANDWIDTH_EFFICIENT,0,4,0.25,1.213665246963501,0.4517394856208302,548,948.0,4876.599999999999,5414.999999999999,4466.999999999999,3928.5999999999995,12000,True
96,Fixed_25pct,8,BALANCED,0,4,0.25,2.1527347564697266,0.31718494489518984,548,755.0,3261.4,3799.8,3044.8,2506.4,10000,True
96,Fixed_25pct,9,BALANCED,0,4,0.25,1.2238420248031616,0.44967222889337777,548,432.0,2184.6,2723.0,2291.0,1752.6,6000,True
96,Fixed_25pct,10,LATENCY_CRITICAL,0,4,0.25,0.886622965335846,0.5300476133141874,548,872.0,4338.2,4876.599999999999,4004.5999999999995,3466.2,12000,True
96,Fixed_50pct,1,BALANCED,1,8,0.5,0.3742711544036865,0.7276584368344051,1064,786.0,8591.8,9543.0,8757.0,7805.799999999999,10000,True
96,Fixed_50pct,2,BANDWIDTH_EFFICIENT,1,8,0.5,0.4867249131202698,0.6726193872013929,1064,70.0,3835.7999999999997,4787.0,4717.0,3765.7999999999997,14000,True
96,Fixed_50pct,3,BALANCED,1,8,0.5,0.26127660274505615,0.7928474989733332,1064,31.0,31.0,982.1999999999999,951.1999999999999,0.0,7000,True
96,Fixed_50pct,4,BALANCED,1,8,0.5,0.28169044852256775,0.7802195929233315,1064,168.0,6689.4,7640.599999999999,7472.599999999999,6521.4,14000,True
96,Fixed_50pct,5,BALANCED,1,8,0.5,0.2904789447784424,0.774906095172042,1064,600.0,1933.3999999999999,2884.6,2284.6,1333.3999999999999,4000,True
96,Fixed_50pct,6,BALANCED,1,8,0.5,0.4783356189727783,0.6764363837048384,1064,180.0,4787.0,5738.2,5558.2,4607.0,11000,True
96,Fixed_50pct,7,BANDWIDTH_EFFICIENT,1,8,0.5,0.6490366458892822,0.6064146618529064,1064,948.0,5738.2,6689.4,5741.4,4790.2,12000,True
96,Fixed_50pct,8,BALANCED,1,8,0.5,1.4568511247634888,0.4070250695781438,1064,755.0,2884.6,3835.7999999999997,3080.7999999999997,2129.6,10000,True
96,Fixed_50pct,9,BALANCED,1,8,0.5,0.5194366574287415,0.6581386562650428,1064,432.0,982.1999999999999,1933.3999999999999,1501.3999999999999,550.1999999999999,6000,True
96,Fixed_50pct,10,LATENCY_CRITICAL,1,8,0.5,0.4516059458255768,0.6888921906635389,1064,872.0,7640.599999999999,8591.8,7719.799999999999,6768.599999999999,12000,True
96,Fixed_75pct,1,BALANCED,2,12,0.75,0.21902872622013092,0.8203252134186549,1580,786.0,12307.0,13671.0,12885.0,11521.0,10000,False
96,Fixed_75pct,2,BANDWIDTH_EFFICIENT,2,12,0.75,0.23082497715950012,0.8124632003388504,1580,70.0,9579.0,10943.0,10873.0,9509.0,14000,True
96,Fixed_75pct,3,BALANCED,2,12,0.75,0.11646030098199844,0.8956879157462526,1580,31.0,31.0,1395.0,1364.0,0.0,7000,True
96,Fixed_75pct,4,BALANCED,2,12,0.75,0.1194281205534935,0.8933132745544724,1580,168.0,6851.0,8215.0,8047.0,6683.0,14000,True
96,Fixed_75pct,5,BALANCED,2,12,0.75,0.1436089426279068,0.874424781693376,1580,600.0,2759.0,4123.0,3523.0,2159.0,4000,True
96,Fixed_75pct,6,BALANCED,2,12,0.75,0.19163675606250763,0.8391819024652045,1580,180.0,4123.0,5487.0,5307.0,3943.0,11000,True
96,Fixed_75pct,7,BANDWIDTH_EFFICIENT,2,12,0.75,0.35538095235824585,0.7377999508256969,1580,948.0,10943.0,12307.0,11359.0,9995.0,12000,True
96,Fixed_75pct,8,BALANCED,2,12,0.75,0.7390261292457581,0.5750344880865678,1580,755.0,5487.0,6851.0,6096.0,4732.0,10000,True
96,Fixed_75pct,9,BALANCED,2,12,0.75,0.27684485912323,0.783180503766659,1580,432.0,1395.0,2759.0,2327.0,963.0,6000,True
96,Fixed_75pct,10,LATENCY_CRITICAL,2,12,0.75,0.22409212589263916,0.8169319766441391,1580,872.0,8215.0,9579.0,8707.0,7343.0,12000,True
96,Fixed_100pct,1,BALANCED,3,16,1.0,0.08302706480026245,0.9233379594114071,2096,786.0,14245.399999999998,16022.199999999997,15236.199999999997,13459.399999999998,10000,False
96,Fixed_100pct,2,BANDWIDTH_EFFICIENT,3,16,1.0,0.1331355720758438,0.8825069344244956,2096,70.0,5361.4,7138.2,7068.2,5291.4,14000,True
96,Fixed_100pct,3,BALANCED,3,16,1.0,0.046780191361904144,0.9553103968264425,2096,31.0,31.0,1807.8,1776.8,0.0,7000,True
96,Fixed_100pct,4,BALANCED,3,16,1.0,0.0886809229850769,0.9185427785930879,2096,168.0,3584.6,5361.4,5193.4,3416.6,14000,True
96,Fixed_100pct,5,BALANCED,3,16,1.0,0.08060947805643082,0.9254036914414133,2096,600.0,12468.599999999999,14245.399999999998,13645.399999999998,11868.599999999999,4000,False
96,Fixed_100pct,6,BALANCED,3,16,1.0,0.0950152799487114,0.9132292656654419,2096,180.0,1807.8,3584.6,3404.6,1627.8,11000,True
96,Fixed_100pct,7,BANDWIDTH_EFFICIENT,3,16,1.0,0.22743184864521027,0.8147091841422883,2096,948.0,10691.8,12468.599999999999,11520.599999999999,9743.8,12000,True
96,Fixed_100pct,8,BALANCED,3,16,1.0,0.31765618920326233,0.7589233126166719,2096,755.0,7138.2,8915.0,8160.0,6383.2,10000,True
96,Fixed_100pct,9,BALANCED,3,16,1.0,0.17341116070747375,0.852216199645723,2096,432.0,8915.0,10691.8,10259.8,8483.0,6000,False
96,Fixed_100pct,10,LATENCY_CRITICAL,3,16,1.0,0.15577515959739685,0.8652201872450178,2096,872.0,16022.199999999997,17798.999999999996,16926.999999999996,15150.199999999997,12000,False
96,PPO_Raw,1,BALANCED,0,4,0.25,0.5637405514717102,0.6394922732283516,548,786.0,3799.8,4338.2,3552.2,3013.8,10000,True
96,PPO_Raw,2,BANDWIDTH_EFFICIENT,0,4,0.25,0.6911349296569824,0.5913188725886188,548,70.0,569.4,1107.8,1037.8,499.4,14000,True
96,PPO_Raw,3,BALANCED,0,4,0.25,0.47066888213157654,0.679962710947285,548,31.0,31.0,569.4,538.4,0.0,7000,True
96,PPO_Raw,4,BALANCED,0,4,0.25,0.7782848477363586,0.5623396056446948,548,168.0,1107.8,1646.1999999999998,1478.1999999999998,939.8,14000,True
96,PPO_Raw,5,BALANCED,0,4,0.25,0.6072104573249817,0.6221960512031423,548,600.0,2723.0,3261.4,2661.4,2123.0,4000,True
96,PPO_Raw,6,BALANCED,0,4,0.25,1.0372976064682007,0.4908463038611088,548,180.0,1646.1999999999998,2184.6,2004.6,1466.1999999999998,11000,True
96,PPO_Raw,7,BANDWIDTH_EFFICIENT,0,4,0.25,1.213665246963501,0.4517394856208302,548,948.0,4338.2,4876.599999999999,3928.5999999999995,3390.2,12000,True
96,PPO_Raw,8,BALANCED,0,4,0.25,2.1527347564697266,0.31718494489518984,548,755.0,3261.4,3799.8,3044.8,2506.4,10000,True
96,PPO_Raw,9,BALANCED,0,4,0.25,1.2238420248031616,0.44967222889337777,548,432.0,2184.6,2723.0,2291.0,1752.6,6000,True
96,PPO_Raw,10,LATENCY_CRITICAL,2,12,0.75,0.22409212589263916,0.8169319766441391,1580,872.0,4876.599999999999,6240.599999999999,5368.599999999999,4004.5999999999995,12000,True
96,PPO_Orchestrated,1,BALANCED,0,4,0.25,0.5637405514717102,0.6394922732283516,548,786.0,3799.8,4338.2,3552.2,3013.8,10000,True
96,PPO_Orchestrated,2,BANDWIDTH_EFFICIENT,0,4,0.25,0.6911349296569824,0.5913188725886188,548,70.0,569.4,1107.8,1037.8,499.4,14000,True
96,PPO_Orchestrated,3,BALANCED,0,4,0.25,0.47066888213157654,0.679962710947285,548,31.0,31.0,569.4,538.4,0.0,7000,True
96,PPO_Orchestrated,4,BALANCED,0,4,0.25,0.7782848477363586,0.5623396056446948,548,168.0,1107.8,1646.1999999999998,1478.1999999999998,939.8,14000,True
96,PPO_Orchestrated,5,BALANCED,0,4,0.25,0.6072104573249817,0.6221960512031423,548,600.0,2723.0,3261.4,2661.4,2123.0,4000,True
96,PPO_Orchestrated,6,BALANCED,0,4,0.25,1.0372976064682007,0.4908463038611088,548,180.0,1646.1999999999998,2184.6,2004.6,1466.1999999999998,11000,True
96,PPO_Orchestrated,7,BANDWIDTH_EFFICIENT,0,4,0.25,1.213665246963501,0.4517394856208302,548,948.0,4338.2,4876.599999999999,3928.5999999999995,3390.2,12000,True
96,PPO_Orchestrated,8,BALANCED,0,4,0.25,2.1527347564697266,0.31718494489518984,548,755.0,3261.4,3799.8,3044.8,2506.4,10000,True
96,PPO_Orchestrated,9,BALANCED,0,4,0.25,1.2238420248031616,0.44967222889337777,548,432.0,2184.6,2723.0,2291.0,1752.6,6000,True
96,PPO_Orchestrated,10,LATENCY_CRITICAL,2,12,0.75,0.22409212589263916,0.8169319766441391,1580,872.0,4876.599999999999,6240.599999999999,5368.599999999999,4004.5999999999995,12000,True
97,Fixed_25pct,1,BANDWIDTH_EFFICIENT,0,4,0.25,0.5634250044822693,0.6396213423304891,548,753.0,3971.8,4510.2,3757.2,3218.8,12000,True
97,Fixed_25pct,2,BALANCED,0,4,0.25,0.526043713092804,0.6552892236443993,548,866.0,4510.2,5048.599999999999,4182.599999999999,3644.2,15000,True
97,Fixed_25pct,3,BANDWIDTH_EFFICIENT,0,4,0.25,0.99853515625,0.5003664793549963,548,376.0,1279.8,1818.1999999999998,1442.1999999999998,903.8,11000,True
97,Fixed_25pct,4,LATENCY_CRITICAL,0,4,0.25,0.9906269907951355,0.5023542856718527,548,494.0,2356.6,2895.0,2401.0,1862.6,8000,True
97,Fixed_25pct,5,BANDWIDTH_EFFICIENT,0,4,0.25,0.9225057363510132,0.5201544947782767,548,640.0,2895.0,3433.4,2793.4,2255.0,8000,True
97,Fixed_25pct,6,BALANCED,0,4,0.25,0.9522031545639038,0.5122417703619512,548,964.0,5048.599999999999,5586.999999999999,4622.999999999999,4084.5999999999995,12000,True
97,Fixed_25pct,7,BALANCED,0,4,0.25,0.42272114753723145,0.7028784254251277,548,422.0,1818.1999999999998,2356.6,1934.6,1396.1999999999998,13000,True
97,Fixed_25pct,8,BALANCED,0,4,0.25,0.4111817181110382,0.7086259601907027,548,321.0,741.4,1279.8,958.8,420.4,4000,True
97,Fixed_25pct,9,BALANCED,0,4,0.25,0.7526652812957764,0.5705595989558727,548,708.0,3433.4,3971.8,3263.8,2725.4,10000,True
97,Fixed_25pct,10,BALANCED,0,4,0.25,0.6241990923881531,0.6156880672366604,548,203.0,203.0,741.4,538.4,0.0,3000,True
97,Fixed_50pct,1,BANDWIDTH_EFFICIENT,1,8,0.5,0.26010262966156006,0.793586154382188,1064,753.0,3056.5999999999995,4007.7999999999993,3254.7999999999993,2303.5999999999995,12000,True
97,Fixed_50pct,2,BALANCED,1,8,0.5,0.28669098019599915,0.7771873863976818,1064,866.0,1154.1999999999998,2105.3999999999996,1239.3999999999996,288.1999999999998,15000,True
97,Fixed_50pct,3,BANDWIDTH_EFFICIENT,1,8,0.5,0.23305794596672058,0.8109918948018274,1064,376.0,4958.999999999999,5910.199999999999,5534.199999999999,4582.999999999999,11000,True
97,Fixed_50pct,4,LATENCY_CRITICAL,1,8,0.5,0.5068467855453491,0.6636374776736746,1064,494.0,7812.5999999999985,8763.8,8269.8,7318.5999999999985,8000,False
97,Fixed_50pct,5,BANDWIDTH_EFFICIENT,1,8,0.5,0.43848925828933716,0.6951737694511587,1064,640.0,5910.199999999999,6861.399999999999,6221.399999999999,5270.199999999999,8000,True
97,Fixed_50pct,6,BALANCED,1,8,0.5,0.41529014706611633,0.7065688983089375,1064,964.0,2105.3999999999996,3056.5999999999995,2092.5999999999995,1141.3999999999996,12000,True
97,Fixed_50pct,7,BALANCED,1,8,0.5,0.22338387370109558,0.8174049221154978,1064,422.0,6861.399999999999,7812.5999999999985,7390.5999999999985,6439.399999999999,13000,True
97,Fixed_50pct,8,BALANCED,1,8,0.5,0.15784795582294464,0.8636712575005121,1064,321.0,8763.8,9715.0,9394.0,8442.8,4000,False
97,Fixed_50pct,9,BALANCED,1,8,0.5,0.33983325958251953,0.7463615288305288,1064,708.0,4007.7999999999993,4958.999999999999,4250.999999999999,3299.7999999999993,10000,True
97,Fixed_50pct,10,BALANCED,1,8,0.5,0.2449164092540741,0.8032667836703812,1064,203.0,203.0,1154.1999999999998,951.1999999999998,0.0,3000,True
97,Fixed_75pct,1,BANDWIDTH_EFFICIENT,2,12,0.75,0.08005180209875107,0.9258815161058064,1580,753.0,9751.0,11115.0,10362.0,8998.0,12000,True
97,Fixed_75pct,2,BALANCED,2,12,0.75,0.15026040375232697,0.8693683593191991,1580,866.0,11115.0,12479.0,11613.0,10249.0,15000,True
97,Fixed_75pct,3,BANDWIDTH_EFFICIENT,2,12,0.75,0.10655247420072556,0.9037077077816038,1580,376.0,8387.0,9751.0,9375.0,8011.0,11000,True
97,Fixed_75pct,4,LATENCY_CRITICAL,2,12,0.75,0.21707411110401154,0.8216426517304661,1580,494.0,2931.0,4295.0,3801.0,2437.0,8000,True
97,Fixed_75pct,5,BANDWIDTH_EFFICIENT,2,12,0.75,0.18259823322296143,0.8455957162008247,1580,640.0,4295.0,5659.0,5019.0,3655.0,8000,True
97,Fixed_75pct,6,BALANCED,2,12,0.75,0.19851025938987732,0.8343691613529178,1580,964.0,12479.0,13843.0,12879.0,11515.0,12000,False
97,Fixed_75pct,7,BALANCED,2,12,0.75,0.09594593942165375,0.9124537662210913,1580,422.0,1567.0,2931.0,2509.0,1145.0,13000,True
97,Fixed_75pct,8,BALANCED,2,12,0.75,0.07923010736703873,0.9265864556351807,1580,321.0,7023.0,8387.0,8066.0,6702.0,4000,False
97,Fixed_75pct,9,BALANCED,2,12,0.75,0.1684001237154007,0.8558711863364885,1580,708.0,5659.0,7023.0,6315.0,4951.0,10000,True
97,Fixed_75pct,10,BALANCED,2,12,0.75,0.09572692960500717,0.9126361440806102,1580,203.0,203.0,1567.0,1364.0,0.0,3000,True
97,Fixed_100pct,1,BANDWIDTH_EFFICIENT,3,16,1.0,0.030131462961435318,0.9707498857720421,2096,753.0,14417.399999999998,16194.199999999997,15441.199999999997,13664.399999999998,12000,False
97,Fixed_100pct,2,BALANCED,3,16,1.0,0.09085925668478012,0.916708543170904,2096,866.0,12640.599999999999,14417.399999999998,13551.399999999998,11774.599999999999,15000,True
97,Fixed_100pct,3,BANDWIDTH_EFFICIENT,3,16,1.0,0.07342146337032318,0.9316005260973683,2096,376.0,10863.8,12640.599999999999,12264.599999999999,10487.8,11000,False
97,Fixed_100pct,4,LATENCY_CRITICAL,3,16,1.0,0.10453587770462036,0.905357644043342,2096,494.0,3756.6,5533.4,5039.4,3262.6,8000,True
97,Fixed_100pct,5,BANDWIDTH_EFFICIENT,3,16,1.0,0.08271421492099762,0.9236047575795123,2096,640.0,5533.4,7310.2,6670.2,4893.4,8000,True
97,Fixed_100pct,6,BALANCED,3,16,1.0,0.09038081020116806,0.9171107842731628,2096,964.0,16194.199999999997,17970.999999999996,17006.999999999996,15230.199999999997,12000,False
97,Fixed_100pct,7,BALANCED,3,16,1.0,0.07347435504198074,0.9315546247594267,2096,422.0,1979.8,3756.6,3334.6,1557.8,13000,True
97,Fixed_100pct,8,BALANCED,3,16,1.0,0.06355716288089752,0.9402409526266197,2096,321.0,9087.0,10863.8,10542.8,8766.0,4000,False
97,Fixed_100pct,9,BALANCED,3,16,1.0,0.11235406249761581,0.8989943343710702,2096,708.0,7310.2,9087.0,8379.0,6602.2,10000,True
97,Fixed_100pct,10,BALANCED,3,16,1.0,0.053526438772678375,0.9491930749881942,2096,203.0,203.0,1979.8,1776.8,0.0,3000,True
97,PPO_Raw,1,BANDWIDTH_EFFICIENT,0,4,0.25,0.5634250044822693,0.6396213423304891,548,753.0,5210.200000000001,5748.6,4995.6,4457.200000000001,12000,True
97,PPO_Raw,2,BALANCED,0,4,0.25,0.526043713092804,0.6552892236443993,548,866.0,5748.6,6287.0,5421.0,4882.6,15000,True
97,PPO_Raw,3,BANDWIDTH_EFFICIENT,0,4,0.25,0.99853515625,0.5003664793549963,548,376.0,1692.6,2231.0,1855.0,1316.6,11000,True
97,PPO_Raw,4,LATENCY_CRITICAL,0,4,0.25,0.9906269907951355,0.5023542856718527,548,494.0,2769.4,3307.8,2813.8,2275.4,8000,True
97,PPO_Raw,5,BANDWIDTH_EFFICIENT,0,4,0.25,0.9225057363510132,0.5201544947782767,548,640.0,3307.8,3846.2000000000003,3206.2000000000003,2667.8,8000,True
97,PPO_Raw,6,BALANCED,0,4,0.25,0.9522031545639038,0.5122417703619512,548,964.0,6287.0,6825.4,5861.4,5323.0,12000,True
97,PPO_Raw,7,BALANCED,0,4,0.25,0.42272114753723145,0.7028784254251277,548,422.0,2231.0,2769.4,2347.4,1809.0,13000,True
97,PPO_Raw,8,BALANCED,0,4,0.25,0.4111817181110382,0.7086259601907027,548,321.0,1154.1999999999998,1692.6,1371.6,833.1999999999998,4000,True
97,PPO_Raw,9,BALANCED,2,12,0.75,0.1684001237154007,0.8558711863364885,1580,708.0,3846.2000000000003,5210.200000000001,4502.200000000001,3138.2000000000003,10000,True
97,PPO_Raw,10,BALANCED,1,8,0.5,0.2449164092540741,0.8032667836703812,1064,203.0,203.0,1154.1999999999998,951.1999999999998,0.0,3000,True
97,PPO_Orchestrated,1,BANDWIDTH_EFFICIENT,0,4,0.25,0.5634250044822693,0.6396213423304891,548,753.0,5210.200000000001,5748.6,4995.6,4457.200000000001,12000,True
97,PPO_Orchestrated,2,BALANCED,0,4,0.25,0.526043713092804,0.6552892236443993,548,866.0,5748.6,6287.0,5421.0,4882.6,15000,True
97,PPO_Orchestrated,3,BANDWIDTH_EFFICIENT,0,4,0.25,0.99853515625,0.5003664793549963,548,376.0,1692.6,2231.0,1855.0,1316.6,11000,True
97,PPO_Orchestrated,4,LATENCY_CRITICAL,0,4,0.25,0.9906269907951355,0.5023542856718527,548,494.0,2769.4,3307.8,2813.8,2275.4,8000,True
97,PPO_Orchestrated,5,BANDWIDTH_EFFICIENT,0,4,0.25,0.9225057363510132,0.5201544947782767,548,640.0,3307.8,3846.2000000000003,3206.2000000000003,2667.8,8000,True
97,PPO_Orchestrated,6,BALANCED,0,4,0.25,0.9522031545639038,0.5122417703619512,548,964.0,6287.0,6825.4,5861.4,5323.0,12000,True
97,PPO_Orchestrated,7,BALANCED,0,4,0.25,0.42272114753723145,0.7028784254251277,548,422.0,2231.0,2769.4,2347.4,1809.0,13000,True
97,PPO_Orchestrated,8,BALANCED,0,4,0.25,0.4111817181110382,0.7086259601907027,548,321.0,1154.1999999999998,1692.6,1371.6,833.1999999999998,4000,True
97,PPO_Orchestrated,9,BALANCED,2,12,0.75,0.1684001237154007,0.8558711863364885,1580,708.0,3846.2000000000003,5210.200000000001,4502.200000000001,3138.2000000000003,10000,True
97,PPO_Orchestrated,10,BALANCED,1,8,0.5,0.2449164092540741,0.8032667836703812,1064,203.0,203.0,1154.1999999999998,951.1999999999998,0.0,3000,True
98,Fixed_25pct,1,BALANCED,0,4,0.25,0.8627356290817261,0.5368448342253327,548,252.0,620.4,1158.8,906.8,368.4,2000,True
98,Fixed_25pct,2,BALANCED,0,4,0.25,1.1834853887557983,0.45798337151677654,548,944.0,3850.8,4389.2,3445.2,2906.8,5000,True
98,Fixed_25pct,3,QUALITY_CRITICAL,0,4,0.25,0.6683661937713623,0.599388793499518,548,575.0,2235.6,2774.0,2199.0,1660.6,11000,True
98,Fixed_25pct,4,BANDWIDTH_EFFICIENT,0,4,0.25,1.064314365386963,0.48442234223979086,548,308.0,1697.1999999999998,2235.6,1927.6,1389.1999999999998,7000,True
98,Fixed_25pct,5,QUALITY_CRITICAL,0,4,0.25,0.8392258882522583,0.543707005424037,548,978.0,4927.599999999999,5465.999999999999,4487.999999999999,3949.5999999999995,5000,True
98,Fixed_25pct,6,BALANCED,0,4,0.25,0.4922538697719574,0.6701272620273503,548,266.0,1158.8,1697.1999999999998,1431.1999999999998,892.8,5000,True
98,Fixed_25pct,7,BALANCED,0,4,0.25,0.8159956932067871,0.5506620988919549,548,961.0,4389.2,4927.599999999999,3966.5999999999995,3428.2,15000,True
98,Fixed_25pct,8,LATENCY_CRITICAL,0,4,0.25,0.48604050278663635,0.6729291685689529,548,82.0,82.0,620.4,538.4,0.0,6000,True
98,Fixed_25pct,9,BALANCED,0,4,0.25,1.669306755065918,0.3746291047674306,548,849.0,3312.4,3850.8,3001.8,2463.4,8000,True
98,Fixed_25pct,10,BALANCED,0,4,0.25,0.7694470286369324,0.5651483112045097,548,750.0,2774.0,3312.4,2562.4,2024.0,5000,True
98,Fixed_50pct,1,BALANCED,1,8,0.5,0.45740994811058044,0.686148740302221,1064,252.0,1033.1999999999998,1984.3999999999996,1732.3999999999996,781.1999999999998,2000,True
98,Fixed_50pct,2,BALANCED,1,8,0.5,0.4353550374507904,0.6966917410036846,1064,944.0,3886.7999999999993,4837.999999999999,3893.999999999999,2942.7999999999993,5000,True
98,Fixed_50pct,3,QUALITY_CRITICAL,1,8,0.5,0.3629944324493408,0.7336787122475407,1064,575.0,7691.5999999999985,8642.8,8067.799999999999,7116.5999999999985,11000,True
98,Fixed_50pct,4,BANDWIDTH_EFFICIENT,1,8,0.5,0.5340889692306519,0.6518526761205392,1064,308.0,6740.399999999999,7691.5999999999985,7383.5999999999985,6432.399999999999,7000,False
98,Fixed_50pct,5,QUALITY_CRITICAL,1,8,0.5,0.38446542620658875,0.7223004497410835,1064,978.0,2935.5999999999995,3886.7999999999993,2908.7999999999993,1957.5999999999995,5000,True
98,Fixed_50pct,6,BALANCED,1,8,0.5,0.20719541609287262,0.8283662998295112,1064,266.0,8642.8,9594.0,9328.0,8376.8,5000,False
98,Fixed_50pct,7,BALANCED,1,8,0.5,0.6091407537460327,0.6214496759665239,1064,961.0,1984.3999999999996,2935.5999999999995,1974.5999999999995,1023.3999999999996,15000,True
98,Fixed_50pct,8,LATENCY_CRITICAL,1,8,0.5,0.2722930312156677,0.785982454878737,1064,82.0,82.0,1033.1999999999998,951.1999999999998,0.0,6000,True
98,Fixed_50pct,9,BALANCED,1,8,0.5,0.834084689617157,0.545231093013888,1064,849.0,5789.199999999999,6740.399999999999,5891.399999999999,4940.199999999999,8000,True
98,Fixed_50pct,10,BALANCED,1,8,0.5,0.3849046528339386,0.7220713700063712,1064,750.0,4837.999999999999,5789.199999999999,5039.199999999999,4087.999999999999,5000,False
98,Fixed_75pct,1,BALANCED,2,12,0.75,0.12502607703208923,0.8888682852917346,1580,252.0,1446.0,2810.0,2558.0,1194.0,2000,False
98,Fixed_75pct,2,BALANCED,2,12,0.75,0.2687762975692749,0.7881610035715537,1580,944.0,12358.0,13722.0,12778.0,11414.0,5000,False
98,Fixed_75pct,3,QUALITY_CRITICAL,2,12,0.75,0.12688462436199188,0.8874022933502796,1580,575.0,9630.0,10994.0,10419.0,9055.0,11000,True
98,Fixed_75pct,4,BANDWIDTH_EFFICIENT,2,12,0.75,0.19159656763076782,0.8392102051689221,1580,308.0,10994.0,12358.0,12050.0,10686.0,7000,False
98,Fixed_75pct,5,QUALITY_CRITICAL,2,12,0.75,0.11075272411108017,0.9002903871339014,1580,978.0,6902.0,8266.0,7288.0,5924.0,5000,False
98,Fixed_75pct,6,BALANCED,2,12,0.75,0.12722758948802948,0.8871322963752027,1580,266.0,4174.0,5538.0,5272.0,3908.0,5000,False
98,Fixed_75pct,7,BALANCED,2,12,0.75,0.34672531485557556,0.7425419192534012,1580,961.0,2810.0,4174.0,3213.0,1849.0,15000,True
98,Fixed_75pct,8,LATENCY_CRITICAL,2,12,0.75,0.16612274944782257,0.8575426561856508,1580,82.0,82.0,1446.0,1364.0,0.0,6000,True
98,Fixed_75pct,9,BALANCED,2,12,0.75,0.45301663875579834,0.6882233646383352,1580,849.0,8266.0,9630.0,8781.0,7417.0,8000,False
98,Fixed_75pct,10,BALANCED,2,12,0.75,0.22560837864875793,0.8159213150145948,1580,750.0,5538.0,6902.0,6152.0,4788.0,5000,False
98,Fixed_100pct,1,BALANCED,3,16,1.0,0.09246575087308884,0.9153605037053189,2096,252.0,3635.6,5412.4,5160.4,3383.6,2000,False
98,Fixed_100pct,2,BALANCED,3,16,1.0,0.15268485248088837,0.8675398118121623,2096,944.0,12519.599999999999,14296.399999999998,13352.399999999998,11575.599999999999,5000,False
98,Fixed_100pct,3,QUALITY_CRITICAL,3,16,1.0,0.07309727370738983,0.9318819686729333,2096,575.0,14296.399999999998,16073.199999999997,15498.199999999997,13721.399999999998,11000,False
98,Fixed_100pct,4,BANDWIDTH_EFFICIENT,3,16,1.0,0.10159921646118164,0.907771161287167,2096,308.0,10742.8,12519.599999999999,12211.599999999999,10434.8,7000,False
98,Fixed_100pct,5,QUALITY_CRITICAL,3,16,1.0,0.059537798166275024,0.9438077638482402,2096,978.0,1858.8,3635.6,2657.6,880.8,5000,True
98,Fixed_100pct,6,BALANCED,3,16,1.0,0.09227948635816574,0.9155165985348308,2096,266.0,5412.4,7189.2,6923.2,5146.4,5000,False
98,Fixed_100pct,7,BALANCED,3,16,1.0,0.14225725829601288,0.8754595278228057,2096,961.0,8966.0,10742.8,9781.8,8005.0,15000,True
98,Fixed_100pct,8,LATENCY_CRITICAL,3,16,1.0,0.12011092901229858,0.8927687196854591,2096,82.0,82.0,1858.8,1776.8,0.0,6000,True
98,Fixed_100pct,9,BALANCED,3,16,1.0,0.277047723531723,0.7830560922456858,2096,849.0,16073.199999999997,17849.999999999996,17000.999999999996,15224.199999999997,8000,False
98,Fixed_100pct,10,BALANCED,3,16,1.0,0.1681845784187317,0.8560291057373927,2096,750.0,7189.2,8966.0,8216.0,6439.2,5000,False
98,PPO_Raw,1,BALANCED,0,4,0.25,0.8627356290817261,0.5368448342253327,548,252.0,620.4,1158.8,906.8,368.4,2000,True
98,PPO_Raw,2,BALANCED,0,4,0.25,1.1834853887557983,0.45798337151677654,548,944.0,4676.4,5214.799999999999,4270.799999999999,3732.3999999999996,5000,True
98,PPO_Raw,3,QUALITY_CRITICAL,0,4,0.25,0.6683661937713623,0.599388793499518,548,575.0,2235.6,2774.0,2199.0,1660.6,11000,True
98,PPO_Raw,4,BANDWIDTH_EFFICIENT,0,4,0.25,1.064314365386963,0.48442234223979086,548,308.0,1697.1999999999998,2235.6,1927.6,1389.1999999999998,7000,True
98,PPO_Raw,5,QUALITY_CRITICAL,0,4,0.25,0.8392258882522583,0.543707005424037,548,978.0,5753.199999999999,6291.5999999999985,5313.5999999999985,4775.199999999999,5000,False
98,PPO_Raw,6,BALANCED,0,4,0.25,0.4922538697719574,0.6701272620273503,548,266.0,1158.8,1697.1999999999998,1431.1999999999998,892.8,5000,True
98,PPO_Raw,7,BALANCED,0,4,0.25,0.8159956932067871,0.5506620988919549,548,961.0,5214.799999999999,5753.199999999999,4792.199999999999,4253.799999999999,15000,True
98,PPO_Raw,8,LATENCY_CRITICAL,0,4,0.25,0.48604050278663635,0.6729291685689529,548,82.0,82.0,620.4,538.4,0.0,6000,True
98,PPO_Raw,9,BALANCED,1,8,0.5,0.834084689617157,0.545231093013888,1064,849.0,3725.2,4676.4,3827.3999999999996,2876.2,8000,True
98,PPO_Raw,10,BALANCED,1,8,0.5,0.3849046528339386,0.7220713700063712,1064,750.0,2774.0,3725.2,2975.2,2024.0,5000,True
98,PPO_Orchestrated,1,BALANCED,0,4,0.25,0.8627356290817261,0.5368448342253327,548,252.0,1033.1999999999998,1571.6,1319.6,781.1999999999998,2000,True
98,PPO_Orchestrated,2,BALANCED,0,4,0.25,1.1834853887557983,0.45798337151677654,548,944.0,5914.8,6453.2,5509.2,4970.8,5000,False
98,PPO_Orchestrated,3,QUALITY_CRITICAL,2,12,0.75,0.12688462436199188,0.8874022933502796,1580,575.0,6453.2,7817.2,7242.2,5878.2,11000,True
98,PPO_Orchestrated,4,BANDWIDTH_EFFICIENT,0,4,0.25,1.064314365386963,0.48442234223979086,548,308.0,2110.0,2648.4,2340.4,1802.0,7000,True
98,PPO_Orchestrated,5,QUALITY_CRITICAL,2,12,0.75,0.11075272411108017,0.9002903871339014,1580,978.0,4550.8,5914.8,4936.8,3572.8,5000,True
98,PPO_Orchestrated,6,BALANCED,0,4,0.25,0.4922538697719574,0.6701272620273503,548,266.0,1571.6,2110.0,1844.0,1305.6,5000,True
98,PPO_Orchestrated,7,BALANCED,0,4,0.25,0.8159956932067871,0.5506620988919549,548,961.0,7817.2,8355.6,7394.6,6856.2,15000,True
98,PPO_Orchestrated,8,LATENCY_CRITICAL,1,8,0.5,0.2722930312156677,0.785982454878737,1064,82.0,82.0,1033.1999999999998,951.1999999999998,0.0,6000,True
98,PPO_Orchestrated,9,BALANCED,1,8,0.5,0.834084689617157,0.545231093013888,1064,849.0,3599.6,4550.8,3701.8,2750.6,8000,True
98,PPO_Orchestrated,10,BALANCED,1,8,0.5,0.3849046528339386,0.7220713700063712,1064,750.0,2648.4,3599.6,2849.6,1898.4,5000,True
99,Fixed_25pct,1,BALANCED,0,4,0.25,1.1281648874282837,0.46988840287108563,548,305.0,1846.1999999999998,2384.6,2079.6,1541.1999999999998,12000,True
99,Fixed_25pct,2,BANDWIDTH_EFFICIENT,0,4,0.25,0.37713944911956787,0.7261428758280939,548,671.0,3461.4,3999.8,3328.8,2790.4,7000,True
99,Fixed_25pct,3,QUALITY_CRITICAL,0,4,0.25,0.4786432683467865,0.6762956430444924,548,897.0,5076.599999999999,5614.999999999999,4717.999999999999,4179.599999999999,7000,True
99,Fixed_25pct,4,BALANCED,0,4,0.25,0.48534512519836426,0.6732442063701878,548,478.0,2384.6,2923.0,2445.0,1906.6,9000,True
99,Fixed_25pct,5,BALANCED,0,4,0.25,0.9014102816581726,0.525925419488068,548,264.0,1307.8,1846.1999999999998,1582.1999999999998,1043.8,14000,True
99,Fixed_25pct,6,LATENCY_CRITICAL,0,4,0.25,0.5228531360626221,0.6566621405039273,548,528.0,2923.0,3461.4,2933.4,2395.0,9000,True
99,Fixed_25pct,7,BALANCED,0,4,0.25,0.4254898130893707,0.7015132558771259,548,871.0,4538.2,5076.599999999999,4205.599999999999,3667.2,11000,True
99,Fixed_25pct,8,QUALITY_CRITICAL,0,4,0.25,0.8153578042984009,0.5508555931134909,548,250.0,769.4,1307.8,1057.8,519.4,9000,True
99,Fixed_25pct,9,QUALITY_CRITICAL,0,4,0.25,0.8031929135322571,0.5545718333825468,548,231.0,231.0,769.4,538.4,0.0,7000,True
99,Fixed_25pct,10,BALANCED,0,4,0.25,1.5475497245788574,0.39253404569573724,548,673.0,3999.8,4538.2,3865.2,3326.8,8000,True
99,Fixed_50pct,1,BALANCED,1,8,0.5,0.4619790017604828,0.6840043521800396,1064,305.0,3084.5999999999995,4035.7999999999993,3730.7999999999993,2779.5999999999995,12000,True
99,Fixed_50pct,2,BANDWIDTH_EFFICIENT,1,8,0.5,0.11687645316123962,0.8953541792107541,1064,671.0,6889.399999999999,7840.5999999999985,7169.5999999999985,6218.399999999999,7000,False
99,Fixed_50pct,3,QUALITY_CRITICAL,1,8,0.5,0.2069293111562729,0.8285489388288791,1064,897.0,2133.3999999999996,3084.5999999999995,2187.5999999999995,1236.3999999999996,7000,True
99,Fixed_50pct,4,BALANCED,1,8,0.5,0.29817667603492737,0.7703111744807646,1064,478.0,1182.1999999999998,2133.3999999999996,1655.3999999999996,704.1999999999998,9000,True
99,Fixed_50pct,5,BALANCED,1,8,0.5,0.414938360452652,0.7067445677846282,1064,264.0,5938.199999999999,6889.399999999999,6625.399999999999,5674.199999999999,14000,True
99,Fixed_50pct,6,LATENCY_CRITICAL,1,8,0.5,0.21959444880485535,0.8199446963537367,1064,528.0,8791.8,9743.0,9215.0,8263.8,9000,False
99,Fixed_50pct,7,BALANCED,1,8,0.5,0.16252386569976807,0.8601973942255898,1064,871.0,7840.5999999999985,8791.8,7920.799999999999,6969.5999999999985,11000,True
99,Fixed_50pct,8,QUALITY_CRITICAL,1,8,0.5,0.5694715976715088,0.6371571180285229,1064,250.0,4035.7999999999993,4986.999999999999,4736.999999999999,3785.7999999999993,9000,True
99,Fixed_50pct,9,QUALITY_CRITICAL,1,8,0.5,0.37680360674858093,0.726320003156856,1064,231.0,231.0,1182.1999999999998,951.1999999999998,0.0,7000,True
99,Fixed_50pct,10,BALANCED,1,8,0.5,1.0717101097106934,0.4826930154526524,1064,673.0,4986.999999999999,5938.199999999999,5265.199999999999,4313.999999999999,8000,True
99,Fixed_75pct,1,BALANCED,2,12,0.75,0.28389593958854675,0.7788793228214994,1580,305.0,2959.0,4323.0,4018.0,2654.0,12000,True
99,Fixed_75pct,2,BANDWIDTH_EFFICIENT,2,12,0.75,0.03028899058699608,0.9706014614698161,1580,671.0,8415.0,9779.0,9108.0,7744.0,7000,False
99,Fixed_75pct,3,QUALITY_CRITICAL,2,12,0.75,0.08384571224451065,0.9226405462536946,1580,897.0,7051.0,8415.0,7518.0,6154.0,7000,False
99,Fixed_75pct,4,BALANCED,2,12,0.75,0.11226246505975723,0.8990683686752606,1580,478.0,4323.0,5687.0,5209.0,3845.0,9000,True
99,Fixed_75pct,5,BALANCED,2,12,0.75,0.21347126364707947,0.8240821434819205,1580,264.0,9779.0,11143.0,10879.0,9515.0,14000,True
99,Fixed_75pct,6,LATENCY_CRITICAL,2,12,0.75,0.09220436215400696,0.915579569768276,1580,528.0,5687.0,7051.0,6523.0,5159.0,9000,True
99,Fixed_75pct,7,BALANCED,2,12,0.75,0.11002513021230698,0.9008805051185974,1580,871.0,12507.0,13871.0,13000.0,11636.0,11000,False
99,Fixed_75pct,8,QUALITY_CRITICAL,2,12,0.75,0.26872339844703674,0.7881938657583175,1580,250.0,11143.0,12507.0,12257.0,10893.0,9000,False
99,Fixed_75pct,9,QUALITY_CRITICAL,2,12,0.75,0.21997876465320587,0.8196863986269978,1580,231.0,231.0,1595.0,1364.0,0.0,7000,True
99,Fixed_75pct,10,BALANCED,2,12,0.75,0.5542805194854736,0.6433845032884015,1580,673.0,1595.0,2959.0,2286.0,922.0,8000,True
99,Fixed_100pct,1,BALANCED,3,16,1.0,0.20241381227970123,0.8316604398481274,2096,305.0,3784.6,5561.4,5256.4,3479.6,12000,True
99,Fixed_100pct,2,BANDWIDTH_EFFICIENT,3,16,1.0,0.023070504888892174,0.9774497409722532,2096,671.0,12668.599999999999,14445.399999999998,13774.399999999998,11997.599999999999,7000,False
99,Fixed_100pct,3,QUALITY_CRITICAL,3,16,1.0,0.047530051320791245,0.9546265510370204,2096,897.0,16222.199999999997,17998.999999999996,17101.999999999996,15325.199999999997,7000,False
99,Fixed_100pct,4,BALANCED,3,16,1.0,0.05915265902876854,0.9441509601807441,2096,478.0,9115.0,10891.8,10413.8,8637.0,9000,False
99,Fixed_100pct,5,BALANCED,3,16,1.0,0.1315079629421234,0.8837763698982912,2096,264.0,7338.2,9115.0,8851.0,7074.2,14000,True
99,Fixed_100pct,6,LATENCY_CRITICAL,3,16,1.0,0.04066598415374756,0.9609231157999111,2096,528.0,10891.8,12668.599999999999,12140.599999999999,10363.8,9000,False
99,Fixed_100pct,7,BALANCED,3,16,1.0,0.0698261708021164,0.9347312930756188,2096,871.0,14445.399999999998,16222.199999999997,15351.199999999997,13574.399999999998,11000,False
99,Fixed_100pct,8,QUALITY_CRITICAL,3,16,1.0,0.11349489539861679,0.8980732683484938,2096,250.0,5561.4,7338.2,7088.2,5311.4,9000,True
99,Fixed_100pct,9,QUALITY_CRITICAL,3,16,1.0,0.16497908532619476,0.8583845088686717,2096,231.0,231.0,2007.8,1776.8,0.0,7000,True
99,Fixed_100pct,10,BALANCED,3,16,1.0,0.17824111878871918,0.8487227139280639,2096,673.0,2007.8,3784.6,3111.6,1334.8,8000,True
99,PPO_Raw,1,BALANCED,0,4,0.25,1.1281648874282837,0.46988840287108563,548,305.0,3210.2,3748.6,3443.6,2905.2,12000,True
99,PPO_Raw,2,BANDWIDTH_EFFICIENT,0,4,0.25,0.37713944911956787,0.7261428758280939,548,671.0,4287.0,4825.4,4154.4,3616.0,7000,True
99,PPO_Raw,3,QUALITY_CRITICAL,0,4,0.25,0.4786432683467865,0.6762956430444924,548,897.0,5902.199999999999,6440.5999999999985,5543.5999999999985,5005.199999999999,7000,True
99,PPO_Raw,4,BALANCED,0,4,0.25,0.48534512519836426,0.6732442063701878,548,478.0,1182.1999999999998,1720.6,1242.6,704.1999999999998,9000,True
99,PPO_Raw,5,BALANCED,0,4,0.25,0.9014102816581726,0.525925419488068,548,264.0,2671.7999999999997,3210.2,2946.2,2407.7999999999997,14000,True
99,PPO_Raw,6,LATENCY_CRITICAL,0,4,0.25,0.5228531360626221,0.6566621405039273,548,528.0,3748.6,4287.0,3759.0,3220.6,9000,True
99,PPO_Raw,7,BALANCED,0,4,0.25,0.4254898130893707,0.7015132558771259,548,871.0,5363.799999999999,5902.199999999999,5031.199999999999,4492.799999999999,11000,True
99,PPO_Raw,8,QUALITY_CRITICAL,1,8,0.5,0.5694715976715088,0.6371571180285229,1064,250.0,1720.6,2671.7999999999997,2421.7999999999997,1470.6,9000,True
99,PPO_Raw,9,QUALITY_CRITICAL,1,8,0.5,0.37680360674858093,0.726320003156856,1064,231.0,231.0,1182.1999999999998,951.1999999999998,0.0,7000,True
99,PPO_Raw,10,BALANCED,0,4,0.25,1.5475497245788574,0.39253404569573724,548,673.0,4825.4,5363.799999999999,4690.799999999999,4152.4,8000,True
99,PPO_Orchestrated,1,BALANCED,0,4,0.25,1.1281648874282837,0.46988840287108563,548,305.0,3210.2000000000003,3748.6000000000004,3443.6000000000004,2905.2000000000003,12000,True
99,PPO_Orchestrated,2,BANDWIDTH_EFFICIENT,0,4,0.25,0.37713944911956787,0.7261428758280939,548,671.0,2671.8,3210.2000000000003,2539.2000000000003,2000.8000000000002,7000,True
99,PPO_Orchestrated,3,QUALITY_CRITICAL,2,12,0.75,0.08384571224451065,0.9226405462536946,1580,897.0,6727.799999999999,8091.799999999999,7194.799999999999,5830.799999999999,7000,False
99,PPO_Orchestrated,4,BALANCED,0,4,0.25,0.48534512519836426,0.6732442063701878,548,478.0,1595.0,2133.4,1655.4,1117.0,9000,True
99,PPO_Orchestrated,5,BALANCED,0,4,0.25,0.9014102816581726,0.525925419488068,548,264.0,6189.4,6727.799999999999,6463.799999999999,5925.4,14000,True
99,PPO_Orchestrated,6,LATENCY_CRITICAL,0,4,0.25,0.5228531360626221,0.6566621405039273,548,528.0,2133.4,2671.8,2143.8,1605.4,9000,True
99,PPO_Orchestrated,7,BALANCED,0,4,0.25,0.4254898130893707,0.7015132558771259,548,871.0,3748.6000000000004,4287.0,3416.0,2877.6000000000004,11000,True
99,PPO_Orchestrated,8,QUALITY_CRITICAL,2,12,0.75,0.26872339844703674,0.7881938657583175,1580,250.0,4825.4,6189.4,5939.4,4575.4,9000,True
99,PPO_Orchestrated,9,QUALITY_CRITICAL,2,12,0.75,0.21997876465320587,0.8196863986269978,1580,231.0,231.0,1595.0,1364.0,0.0,7000,True
99,PPO_Orchestrated,10,BALANCED,0,4,0.25,1.5475497245788574,0.39253404569573724,548,673.0,4287.0,4825.4,4152.4,3614.0,8000,True
100,Fixed_25pct,1,BALANCED,0,4,0.25,0.3838157057762146,0.722639579696833,548,504.0,1530.8,2069.2,1565.1999999999998,1026.8,2000,True
100,Fixed_25pct,2,BALANCED,0,4,0.25,0.9467704892158508,0.51367123425155,548,860.0,4222.8,4761.2,3901.2,3362.8,7000,True
100,Fixed_25pct,3,BANDWIDTH_EFFICIENT,0,4,0.25,0.6780821681022644,0.5959183757556374,548,454.0,454.0,992.4,538.4,0.0,5000,True
100,Fixed_25pct,4,BALANCED,0,4,0.25,1.5146875381469727,0.397663719579603,548,917.0,4761.2,5299.599999999999,4382.599999999999,3844.2,5000,True
100,Fixed_25pct,5,BALANCED,0,4,0.25,0.6167431473731995,0.6185274399491028,548,472.0,992.4,1530.8,1058.8,520.4,13000,True
100,Fixed_25pct,6,LATENCY_CRITICAL,0,4,0.25,0.8669543266296387,0.53563174296035,548,831.0,5299.599999999999,5837.999999999999,5006.999999999999,4468.599999999999,3000,False
100,Fixed_25pct,7,BALANCED,0,4,0.25,0.863079845905304,0.5367456484475479,548,558.0,3146.0,3684.4,3126.4,2588.0,15000,True
100,Fixed_25pct,8,BANDWIDTH_EFFICIENT,0,4,0.25,0.4614584147930145,0.6842480017754248,548,525.0,2069.2,2607.6,2082.6,1544.1999999999998,3000,True
100,Fixed_25pct,9,BANDWIDTH_EFFICIENT,0,4,0.25,0.5976176261901855,0.6259320025059343,548,987.0,3684.4,4222.8,3235.8,2697.4,10000,True
100,Fixed_25pct,10,BALANCED,0,4,0.25,0.7986447811126709,0.5559741481480205,548,534.0,2607.6,3146.0,2612.0,2073.6,12000,True
100,Fixed_50pct,1,BALANCED,1,8,0.5,0.18475653231143951,0.8440552744191393,1064,504.0,2356.3999999999996,3307.5999999999995,2803.5999999999995,1852.3999999999996,2000,False
100,Fixed_50pct,2,BALANCED,1,8,0.5,0.5045585036277771,0.664646803423602,1064,860.0,5209.999999999999,6161.199999999999,5301.199999999999,4349.999999999999,7000,True
100,Fixed_50pct,3,BANDWIDTH_EFFICIENT,1,8,0.5,0.32697412371635437,0.7535941976015154,1064,454.0,454.0,1405.1999999999998,951.1999999999998,0.0,5000,True
100,Fixed_50pct,4,BALANCED,1,8,0.5,0.9120035767555237,0.5230115739097615,1064,917.0,4258.799999999999,5209.999999999999,4292.999999999999,3341.7999999999993,5000,True
100,Fixed_50pct,5,BALANCED,1,8,0.5,0.25247421860694885,0.7984196282397249,1064,472.0,8063.5999999999985,9014.8,8542.8,7591.5999999999985,13000,True
100,Fixed_50pct,6,LATENCY_CRITICAL,1,8,0.5,0.19763045012950897,0.8349821097917661,1064,831.0,6161.199999999999,7112.399999999999,6281.399999999999,5330.199999999999,3000,False
100,Fixed_50pct,7,BALANCED,1,8,0.5,0.32318928837776184,0.7557497697294739,1064,558.0,9014.8,9966.0,9408.0,8456.8,15000,True
100,Fixed_50pct,8,BANDWIDTH_EFFICIENT,1,8,0.5,0.1243269070982933,0.8894210337639601,1064,525.0,1405.1999999999998,2356.3999999999996,1831.3999999999996,880.1999999999998,3000,True
100,Fixed_50pct,9,BANDWIDTH_EFFICIENT,1,8,0.5,0.19938676059246063,0.8337594117730884,1064,987.0,3307.5999999999995,4258.799999999999,3271.7999999999993,2320.5999999999995,10000,True
100,Fixed_50pct,10,BALANCED,1,8,0.5,0.38858768343925476,0.7201561787752571,1064,534.0,7112.399999999999,8063.5999999999985,7529.5999999999985,6578.399999999999,12000,True
100,Fixed_75pct,1,BALANCED,2,12,0.75,0.06873828172683716,0.9356827738819538,1580,504.0,11366.0,12730.0,12226.0,10862.0,2000,False
100,Fixed_75pct,2,BALANCED,2,12,0.75,0.2558290660381317,0.7962867137283126,1580,860.0,12730.0,14094.0,13234.0,11870.0,7000,False
100,Fixed_75pct,3,BANDWIDTH_EFFICIENT,2,12,0.75,0.17803601920604706,0.8488704790826033,1580,454.0,454.0,1818.0,1364.0,0.0,5000,True
100,Fixed_75pct,4,BALANCED,2,12,0.75,0.47117945551872253,0.6797267296309616,1580,917.0,10002.0,11366.0,10449.0,9085.0,5000,False
100,Fixed_75pct,5,BALANCED,2,12,0.75,0.059152282774448395,0.9441512955818789,1580,472.0,4546.0,5910.0,5438.0,4074.0,13000,True
100,Fixed_75pct,6,LATENCY_CRITICAL,2,12,0.75,0.113072969019413,0.898413695987041,1580,831.0,5910.0,7274.0,6443.0,5079.0,3000,False
100,Fixed_75pct,7,BALANCED,2,12,0.75,0.14002838730812073,0.8771711398882258,1580,558.0,8638.0,10002.0,9444.0,8080.0,15000,True
100,Fixed_75pct,8,BANDWIDTH_EFFICIENT,2,12,0.75,0.07733513414859772,0.9282162702233651,1580,525.0,1818.0,3182.0,2657.0,1293.0,3000,True
100,Fixed_75pct,9,BANDWIDTH_EFFICIENT,2,12,0.75,0.057548459619283676,0.9455831464782228,1580,987.0,7274.0,8638.0,7651.0,6287.0,10000,True
100,Fixed_75pct,10,BALANCED,2,12,0.75,0.15176527202129364,0.8682324639334257,1580,534.0,3182.0,4546.0,4012.0,2648.0,12000,True
100,Fixed_100pct,1,BALANCED,3,16,1.0,0.035281915217638016,0.9659204756704158,2096,504.0,5784.400000000001,7561.200000000001,7057.200000000001,5280.400000000001,2000,False
100,Fixed_100pct,2,BALANCED,3,16,1.0,0.13084086775779724,0.8842977190794092,2096,860.0,16445.199999999997,18221.999999999996,17361.999999999996,15585.199999999997,7000,False
100,Fixed_100pct,3,BANDWIDTH_EFFICIENT,3,16,1.0,0.08014696091413498,0.9257999477716383,2096,454.0,454.0,2230.8,1776.8000000000002,0.0,5000,True
100,Fixed_100pct,4,BALANCED,3,16,1.0,0.19819070398807526,0.8345916861744842,2096,917.0,7561.200000000001,9338.0,8421.0,6644.200000000001,5000,False
100,Fixed_100pct,5,BALANCED,3,16,1.0,0.025115007534623146,0.9755003025513945,2096,472.0,4007.6000000000004,5784.400000000001,5312.400000000001,3535.6000000000004,13000,True
100,Fixed_100pct,6,LATENCY_CRITICAL,3,16,1.0,0.056916493922472,0.9461485422455267,2096,831.0,14668.399999999998,16445.199999999997,15614.199999999997,13837.399999999998,3000,False
100,Fixed_100pct,7,BALANCED,3,16,1.0,0.11005324125289917,0.9008576911782322,2096,558.0,12891.599999999999,14668.399999999998,14110.399999999998,12333.599999999999,15000,True
100,Fixed_100pct,8,BANDWIDTH_EFFICIENT,3,16,1.0,0.06442856788635254,0.9394712150442476,2096,525.0,9338.0,11114.8,10589.8,8813.0,3000,False
100,Fixed_100pct,9,BANDWIDTH_EFFICIENT,3,16,1.0,0.04598838463425636,0.9560335608790371,2096,987.0,2230.8,4007.6000000000004,3020.6000000000004,1243.8000000000002,10000,True
100,Fixed_100pct,10,BALANCED,3,16,1.0,0.050390660762786865,0.9520267433392892,2096,534.0,11114.8,12891.599999999999,12357.599999999999,10580.8,12000,False
100,PPO_Raw,1,BALANCED,0,4,0.25,0.3838157057762146,0.722639579696833,548,504.0,992.4,1530.8,1026.8,488.4,2000,True
100,PPO_Raw,2,BALANCED,0,4,0.25,0.9467704892158508,0.51367123425155,548,860.0,4222.8,4761.2,3901.2,3362.8,7000,True
100,PPO_Raw,3,BANDWIDTH_EFFICIENT,0,4,0.25,0.6780821681022644,0.5959183757556374,548,454.0,454.0,992.4,538.4,0.0,5000,True
100,PPO_Raw,4,BALANCED,1,8,0.5,0.9120035767555237,0.5230115739097615,1064,917.0,5299.599999999999,6250.799999999999,5333.799999999999,4382.599999999999,5000,False
100,PPO_Raw,5,BALANCED,0,4,0.25,0.6167431473731995,0.6185274399491028,548,472.0,1530.8,2069.2,1597.1999999999998,1058.8,13000,True
100,PPO_Raw,6,LATENCY_CRITICAL,0,4,0.25,0.8669543266296387,0.53563174296035,548,831.0,4761.2,5299.599999999999,4468.599999999999,3930.2,3000,False
100,PPO_Raw,7,BALANCED,0,4,0.25,0.863079845905304,0.5367456484475479,548,558.0,3146.0,3684.4,3126.4,2588.0,15000,True
100,PPO_Raw,8,BANDWIDTH_EFFICIENT,0,4,0.25,0.4614584147930145,0.6842480017754248,548,525.0,2069.2,2607.6,2082.6,1544.1999999999998,3000,True
100,PPO_Raw,9,BANDWIDTH_EFFICIENT,0,4,0.25,0.5976176261901855,0.6259320025059343,548,987.0,3684.4,4222.8,3235.8,2697.4,10000,True
100,PPO_Raw,10,BALANCED,0,4,0.25,0.7986447811126709,0.5559741481480205,548,534.0,2607.6,3146.0,2612.0,2073.6,12000,True
100,PPO_Orchestrated,1,BALANCED,0,4,0.25,0.3838157057762146,0.722639579696833,548,504.0,992.4,1530.8,1026.8,488.4,2000,True
100,PPO_Orchestrated,2,BALANCED,0,4,0.25,0.9467704892158508,0.51367123425155,548,860.0,4222.8,4761.2,3901.2,3362.8,7000,True
100,PPO_Orchestrated,3,BANDWIDTH_EFFICIENT,0,4,0.25,0.6780821681022644,0.5959183757556374,548,454.0,454.0,992.4,538.4,0.0,5000,True
100,PPO_Orchestrated,4,BALANCED,1,8,0.5,0.9120035767555237,0.5230115739097615,1064,917.0,5299.599999999999,6250.799999999999,5333.799999999999,4382.599999999999,5000,False
100,PPO_Orchestrated,5,BALANCED,0,4,0.25,0.6167431473731995,0.6185274399491028,548,472.0,1530.8,2069.2,1597.1999999999998,1058.8,13000,True
100,PPO_Orchestrated,6,LATENCY_CRITICAL,0,4,0.25,0.8669543266296387,0.53563174296035,548,831.0,4761.2,5299.599999999999,4468.599999999999,3930.2,3000,False
100,PPO_Orchestrated,7,BALANCED,0,4,0.25,0.863079845905304,0.5367456484475479,548,558.0,3146.0,3684.4,3126.4,2588.0,15000,True
100,PPO_Orchestrated,8,BANDWIDTH_EFFICIENT,0,4,0.25,0.4614584147930145,0.6842480017754248,548,525.0,2069.2,2607.6,2082.6,1544.1999999999998,3000,True
100,PPO_Orchestrated,9,BANDWIDTH_EFFICIENT,0,4,0.25,0.5976176261901855,0.6259320025059343,548,987.0,3684.4,4222.8,3235.8,2697.4,10000,True
100,PPO_Orchestrated,10,BALANCED,0,4,0.25,0.7986447811126709,0.5559741481480205,548,534.0,2607.6,3146.0,2612.0,2073.6,12000,True
